nome,partido,uf,casa,codigo_casa,pagina_parlamentar,perfil_titulo,perfil_descricao,perfil_foto,perfil_dominio,perfil_erro,filtros_json
Deputado Acácio Favacho,MDB,AP,Camara dos Deputados,CD,https://www.camara.leg.br/deputados/204379,Deputado Federal Acácio Favacho - Portal da Câmara dos Deputados,Página do(a) Deputado(a) Acácio Favacho na Câmara dos Deputados,https://www.camara.leg.br/internet/deputado/bandep/pagina_do_deputado/204379.jpg,camara,,"{""perfil_titulo"": ""Deputado Federal Acácio Favacho - Portal da Câmara dos Deputados"", ""perfil_descricao"": ""Página do(a) Deputado(a) Acácio Favacho na Câmara dos Deputados"", ""perfil_foto"": ""https://www.camara.leg.br/internet/deputado/bandep/pagina_do_deputado/204379.jpg""}"
Deputado Adail Filho,MDB,AM,Camara dos Deputados,CD,https://www.camara.leg.br/deputados/220714,Deputado Federal Adail Filho - Portal da Câmara dos Deputados,Página do(a) Deputado(a) Adail Filho na Câmara dos Deputados,https://www.camara.leg.br/internet/deputado/bandep/pagina_do_deputado/220714.jpg,camara,,"{""perfil_titulo"": ""Deputado Federal Adail Filho - Portal da Câmara dos Deputados"", ""perfil_descricao"": ""Página do(a) Deputado(a) Adail Filho na Câmara dos Deputados"", ""perfil_foto"": ""https://www.camara.leg.br/internet/deputado/bandep/pagina_do_deputado/220714.jpg""}"
Deputado Adilson Barroso,PL,SP,Camara dos Deputados,CD,https://www.camara.leg.br/deputados/221328,Deputado Federal Adilson Barroso - Portal da Câmara dos Deputados,Página do(a) Deputado(a) Adilson Barroso na Câmara dos Deputados,https://www.camara.leg.br/internet/deputado/bandep/pagina_do_deputado/221328.jpg,camara,,"{""perfil_titulo"": ""Deputado Federal Adilson Barroso - Portal da Câmara dos Deputados"", ""perfil_descricao"": ""Página do(a) Deputado(a) Adilson Barroso na Câmara dos Deputados"", ""perfil_foto"": ""https://www.camara.leg.br/internet/deputado/bandep/pagina_do_deputado/221328.jpg""}"
Deputado Adolfo Viana,PSDB,BA,Camara dos Deputados,CD,https://www.camara.leg.br/deputados/204560,Deputado Federal Adolfo Viana - Portal da Câmara dos Deputados,Página do(a) Deputado(a) Adolfo Viana na Câmara dos Deputados,https://www.camara.leg.br/internet/deputado/bandep/pagina_do_deputado/204560.jpg,camara,,"{""perfil_titulo"": ""Deputado Federal Adolfo Viana - Portal da Câmara dos Deputados"", ""perfil_descricao"": ""Página do(a) Deputado(a) Adolfo Viana na Câmara dos Deputados"", ""perfil_foto"": ""https://www.camara.leg.br/internet/deputado/bandep/pagina_do_deputado/204560.jpg""}"
Deputada Adriana Ventura,NOVO,SP,Camara dos Deputados,CD,https://www.camara.leg.br/deputados/204528,Deputada Federal Adriana Ventura - Portal da Câmara dos Deputados,Página do(a) Deputado(a) Adriana Ventura na Câmara dos Deputados,https://www.camara.leg.br/internet/deputado/bandep/pagina_do_deputado/204528.jpg,camara,,"{""perfil_titulo"": ""Deputada Federal Adriana Ventura - Portal da Câmara dos Deputados"", ""perfil_descricao"": ""Página do(a) Deputado(a) Adriana Ventura na Câmara dos Deputados"", ""perfil_foto"": ""https://www.camara.leg.br/internet/deputado/bandep/pagina_do_deputado/204528.jpg""}"
Deputado Adriano Do Baldy,PP,GO,Camara dos Deputados,CD,https://www.camara.leg.br/deputados/121948,Deputado Federal Adriano do Baldy - Portal da Câmara dos Deputados,Página do(a) Deputado(a) Adriano do Baldy na Câmara dos Deputados,https://www.camara.leg.br/internet/deputado/bandep/pagina_do_deputado/121948.jpg,camara,,"{""perfil_titulo"": ""Deputado Federal Adriano do Baldy - Portal da Câmara dos Deputados"", ""perfil_descricao"": ""Página do(a) Deputado(a) Adriano do Baldy na Câmara dos Deputados"", ""perfil_foto"": ""https://www.camara.leg.br/internet/deputado/bandep/pagina_do_deputado/121948.jpg""}"
Deputado Aécio Neves,PSDB,MG,Camara dos Deputados,CD,https://www.camara.leg.br/deputados/74646,Deputado Federal Aécio Neves - Portal da Câmara dos Deputados,Página do(a) Deputado(a) Aécio Neves na Câmara dos Deputados,https://www.camara.leg.br/internet/deputado/bandep/pagina_do_deputado/74646.jpg,camara,,"{""perfil_titulo"": ""Deputado Federal Aécio Neves - Portal da Câmara dos Deputados"", ""perfil_descricao"": ""Página do(a) Deputado(a) Aécio Neves na Câmara dos Deputados"", ""perfil_foto"": ""https://www.camara.leg.br/internet/deputado/bandep/pagina_do_deputado/74646.jpg""}"
Deputado Afonso Florence,PT,BA,Camara dos Deputados,CD,https://www.camara.leg.br/deputados/160508,Deputado Federal Afonso Florence - Portal da Câmara dos Deputados,Página do(a) Deputado(a) Afonso Florence na Câmara dos Deputados,https://www.camara.leg.br/internet/deputado/bandep/pagina_do_deputado/160508.jpg,camara,,"{""perfil_titulo"": ""Deputado Federal Afonso Florence - Portal da Câmara dos Deputados"", ""perfil_descricao"": ""Página do(a) Deputado(a) Afonso Florence na Câmara dos Deputados"", ""perfil_foto"": ""https://www.camara.leg.br/internet/deputado/bandep/pagina_do_deputado/160508.jpg""}"
Deputado Afonso Hamm,PP,RS,Camara dos Deputados,CD,https://www.camara.leg.br/deputados/136811,Deputado Federal Afonso Hamm - Portal da Câmara dos Deputados,Página do(a) Deputado(a) Afonso Hamm na Câmara dos Deputados,https://www.camara.leg.br/internet/deputado/bandep/pagina_do_deputado/136811.jpg,camara,,"{""perfil_titulo"": ""Deputado Federal Afonso Hamm - Portal da Câmara dos Deputados"", ""perfil_descricao"": ""Página do(a) Deputado(a) Afonso Hamm na Câmara dos Deputados"", ""perfil_foto"": ""https://www.camara.leg.br/internet/deputado/bandep/pagina_do_deputado/136811.jpg""}"
Deputado Afonso Motta,PDT,RS,Camara dos Deputados,CD,https://www.camara.leg.br/deputados/178835,Deputado Federal Afonso Motta - Portal da Câmara dos Deputados,Página do(a) Deputado(a) Afonso Motta na Câmara dos Deputados,https://www.camara.leg.br/internet/deputado/bandep/pagina_do_deputado/178835.jpg,camara,,"{""perfil_titulo"": ""Deputado Federal Afonso Motta - Portal da Câmara dos Deputados"", ""perfil_descricao"": ""Página do(a) Deputado(a) Afonso Motta na Câmara dos Deputados"", ""perfil_foto"": ""https://www.camara.leg.br/internet/deputado/bandep/pagina_do_deputado/178835.jpg""}"
Deputado Aguinaldo Ribeiro,PP,PB,Camara dos Deputados,CD,https://www.camara.leg.br/deputados/160527,Deputado Federal Aguinaldo Ribeiro - Portal da Câmara dos Deputados,Página do(a) Deputado(a) Aguinaldo Ribeiro na Câmara dos Deputados,https://www.camara.leg.br/internet/deputado/bandep/pagina_do_deputado/160527.jpg,camara,,"{""perfil_titulo"": ""Deputado Federal Aguinaldo Ribeiro - Portal da Câmara dos Deputados"", ""perfil_descricao"": ""Página do(a) Deputado(a) Aguinaldo Ribeiro na Câmara dos Deputados"", ""perfil_foto"": ""https://www.camara.leg.br/internet/deputado/bandep/pagina_do_deputado/160527.jpg""}"
Deputado Airton Faleiro,PT,PA,Camara dos Deputados,CD,https://www.camara.leg.br/deputados/204495,Deputado Federal Airton Faleiro - Portal da Câmara dos Deputados,Página do(a) Deputado(a) Airton Faleiro na Câmara dos Deputados,https://www.camara.leg.br/internet/deputado/bandep/pagina_do_deputado/204495.jpg,camara,,"{""perfil_titulo"": ""Deputado Federal Airton Faleiro - Portal da Câmara dos Deputados"", ""perfil_descricao"": ""Página do(a) Deputado(a) Airton Faleiro na Câmara dos Deputados"", ""perfil_foto"": ""https://www.camara.leg.br/internet/deputado/bandep/pagina_do_deputado/204495.jpg""}"
Deputado Aj Albuquerque,PP,CE,Camara dos Deputados,CD,https://www.camara.leg.br/deputados/204549,Deputado Federal AJ Albuquerque - Portal da Câmara dos Deputados,Página do(a) Deputado(a) AJ Albuquerque na Câmara dos Deputados,https://www.camara.leg.br/internet/deputado/bandep/pagina_do_deputado/204549.jpg,camara,,"{""perfil_titulo"": ""Deputado Federal AJ Albuquerque - Portal da Câmara dos Deputados"", ""perfil_descricao"": ""Página do(a) Deputado(a) AJ Albuquerque na Câmara dos Deputados"", ""perfil_foto"": ""https://www.camara.leg.br/internet/deputado/bandep/pagina_do_deputado/204549.jpg""}"
Senador Alan Rick,REPUBLICANOS,AC,Senado Federal,SF,https://www25.senado.leg.br/web/senadores/senador/-/perfil/5672,Senador Alan Rick - Senado Federal,Página da atuação parlamentar do(a) Senador Alan Rick,,senado,,"{""perfil_titulo"": ""Senador Alan Rick - Senado Federal"", ""perfil_descricao"": ""Página da atuação parlamentar do(a) Senador Alan Rick"", ""perfil_foto"": """", ""sf_legislatura"": ""58ª Legislatura,57ª Legislatura"", ""sf_uf"": ""AC"", ""sf_ano"": ""2023,2024,2025,2026,2027,2028,2029,2030,2031"", ""sf_senador"": ""Alan Rick"", ""sf_comissao"": ""CAE,CAS,CCJ,CDR,CE,CEsp,CMO,CPCMS,CRA,CRE,DJEM,FPAMM,FPE,FPEMBRAPA,FPEpTec,FPMDM,FPMDPI,FPMPBAS,FPRNE,GPARGENTINA,GPBAHREIN,GPCHIPRE,GPEUA,GPISRAEL,GPJAPÃO,GPPERU"", ""sf_partido"": ""REPUBLICANOS"", ""nome_civil"": ""Alan Rick Miranda"", ""data_de_nascimento"": ""23/10/1976"", ""naturalidade"": ""Rio Branco (AC)"", ""gabinete"": ""Senado Federal Anexo 2 Ala Teotônio Vilela Gabinete 05"", ""telefones"": ""(61) 3303-6333"", ""e_mail"": ""sen.alanrick@senado.leg.br"", ""escritorio_de_apoio"": ""RUA BOM DESTINO, 90. APTº 102. ISAURA PARENTE, RIO BRANCO, AC. CEP:69918-360""}"
Deputado Alberto Fraga,PL,DF,Camara dos Deputados,CD,https://www.camara.leg.br/deputados/73579,Deputado Federal Alberto Fraga - Portal da Câmara dos Deputados,Página do(a) Deputado(a) Alberto Fraga na Câmara dos Deputados,https://www.camara.leg.br/internet/deputado/bandep/pagina_do_deputado/73579.jpg,camara,,"{""perfil_titulo"": ""Deputado Federal Alberto Fraga - Portal da Câmara dos Deputados"", ""perfil_descricao"": ""Página do(a) Deputado(a) Alberto Fraga na Câmara dos Deputados"", ""perfil_foto"": ""https://www.camara.leg.br/internet/deputado/bandep/pagina_do_deputado/73579.jpg""}"
Deputado Albuquerque,REPUBLICANOS,RR,Camara dos Deputados,CD,https://www.camara.leg.br/deputados/220538,Deputado Federal Albuquerque - Portal da Câmara dos Deputados,Página do(a) Deputado(a) Albuquerque na Câmara dos Deputados,https://www.camara.leg.br/internet/deputado/bandep/pagina_do_deputado/220538.jpg,camara,,"{""perfil_titulo"": ""Deputado Federal Albuquerque - Portal da Câmara dos Deputados"", ""perfil_descricao"": ""Página do(a) Deputado(a) Albuquerque na Câmara dos Deputados"", ""perfil_foto"": ""https://www.camara.leg.br/internet/deputado/bandep/pagina_do_deputado/220538.jpg""}"
Deputado Alceu Moreira,MDB,RS,Camara dos Deputados,CD,https://www.camara.leg.br/deputados/160559,Deputado Federal Alceu Moreira - Portal da Câmara dos Deputados,Página do(a) Deputado(a) Alceu Moreira na Câmara dos Deputados,https://www.camara.leg.br/internet/deputado/bandep/pagina_do_deputado/160559.jpg,camara,,"{""perfil_titulo"": ""Deputado Federal Alceu Moreira - Portal da Câmara dos Deputados"", ""perfil_descricao"": ""Página do(a) Deputado(a) Alceu Moreira na Câmara dos Deputados"", ""perfil_foto"": ""https://www.camara.leg.br/internet/deputado/bandep/pagina_do_deputado/160559.jpg""}"
Deputado Alencar Santana,PT,SP,Camara dos Deputados,CD,https://www.camara.leg.br/deputados/204501,Deputado Federal Alencar Santana - Portal da Câmara dos Deputados,Página do(a) Deputado(a) Alencar Santana na Câmara dos Deputados,https://www.camara.leg.br/internet/deputado/bandep/pagina_do_deputado/204501.jpg,camara,,"{""perfil_titulo"": ""Deputado Federal Alencar Santana - Portal da Câmara dos Deputados"", ""perfil_descricao"": ""Página do(a) Deputado(a) Alencar Santana na Câmara dos Deputados"", ""perfil_foto"": ""https://www.camara.leg.br/internet/deputado/bandep/pagina_do_deputado/204501.jpg""}"
Senador Alessandro Vieira,MDB,SE,Senado Federal,SF,https://www25.senado.leg.br/web/senadores/senador/-/perfil/5982,Senador Alessandro Vieira - Senado Federal,Página da atuação parlamentar do(a) Senador Alessandro Vieira,,senado,,"{""perfil_titulo"": ""Senador Alessandro Vieira - Senado Federal"", ""perfil_descricao"": ""Página da atuação parlamentar do(a) Senador Alessandro Vieira"", ""perfil_foto"": """", ""sf_legislatura"": ""56ª Legislatura,57ª Legislatura"", ""sf_uf"": ""SE"", ""sf_ano"": ""2019,2020,2021,2022,2023,2024,2025,2026,2027"", ""sf_senador"": ""Alessandro Vieira"", ""sf_comissao"": ""CAE,CCDD,CCJ,CCT,CDH,CDR,CE,CMA,CMCVM,CPCMS,CSP,CTFC,FPCIBERSEG,FPEpTec,FPINVESTEBRASIL,FPJOVEM,FPMA,FPMPBAS,FPTRB,GPISRAEL,GPVENEZUELA,PAT,PROPAR"", ""sf_partido"": ""MDB"", ""nome_civil"": ""Alessandro Vieira"", ""data_de_nascimento"": ""03/04/1975"", ""naturalidade"": ""Passo Fundo (RS)"", ""gabinete"": ""Senado Federal Anexo 2 Ala Affonso Arinos Gabinete 08"", ""telefones"": ""(61) 3303-9011 / 9014"", ""e_mail"": ""sen.alessandrovieira@senado.leg.br"", ""escritorio_de_apoio"": ""RUA FREI PAULO, 444. SUISSA, ARACAJU, SE. CEP:49052-270""}"
Deputado Alexandre Guimarães,MDB,TO,Camara dos Deputados,CD,https://www.camara.leg.br/deputados/220542,Deputado Federal Alexandre Guimarães - Portal da Câmara dos Deputados,Página do(a) Deputado(a) Alexandre Guimarães na Câmara dos Deputados,https://www.camara.leg.br/internet/deputado/bandep/pagina_do_deputado/220542.jpg,camara,,"{""perfil_titulo"": ""Deputado Federal Alexandre Guimarães - Portal da Câmara dos Deputados"", ""perfil_descricao"": ""Página do(a) Deputado(a) Alexandre Guimarães na Câmara dos Deputados"", ""perfil_foto"": ""https://www.camara.leg.br/internet/deputado/bandep/pagina_do_deputado/220542.jpg""}"
Deputado Alexandre Leite,UNIÃO,SP,Camara dos Deputados,CD,https://www.camara.leg.br/deputados/160545,Deputado Federal Alexandre Leite - Portal da Câmara dos Deputados,Página do(a) Deputado(a) Alexandre Leite na Câmara dos Deputados,https://www.camara.leg.br/internet/deputado/bandep/pagina_do_deputado/160545.jpg,camara,,"{""perfil_titulo"": ""Deputado Federal Alexandre Leite - Portal da Câmara dos Deputados"", ""perfil_descricao"": ""Página do(a) Deputado(a) Alexandre Leite na Câmara dos Deputados"", ""perfil_foto"": ""https://www.camara.leg.br/internet/deputado/bandep/pagina_do_deputado/160545.jpg""}"
Deputado Alexandre Lindenmeyer,PT,RS,Camara dos Deputados,CD,https://www.camara.leg.br/deputados/220554,Deputado Federal Alexandre Lindenmeyer - Portal da Câmara dos Deputados,Página do(a) Deputado(a) Alexandre Lindenmeyer na Câmara dos Deputados,https://www.camara.leg.br/internet/deputado/bandep/pagina_do_deputado/220554.jpg,camara,,"{""perfil_titulo"": ""Deputado Federal Alexandre Lindenmeyer - Portal da Câmara dos Deputados"", ""perfil_descricao"": ""Página do(a) Deputado(a) Alexandre Lindenmeyer na Câmara dos Deputados"", ""perfil_foto"": ""https://www.camara.leg.br/internet/deputado/bandep/pagina_do_deputado/220554.jpg""}"
Deputado Alex Manente,CIDADANIA,SP,Camara dos Deputados,CD,https://www.camara.leg.br/deputados/178972,Deputado Federal Alex Manente - Portal da Câmara dos Deputados,Página do(a) Deputado(a) Alex Manente na Câmara dos Deputados,https://www.camara.leg.br/internet/deputado/bandep/pagina_do_deputado/178972.jpg,camara,,"{""perfil_titulo"": ""Deputado Federal Alex Manente - Portal da Câmara dos Deputados"", ""perfil_descricao"": ""Página do(a) Deputado(a) Alex Manente na Câmara dos Deputados"", ""perfil_foto"": ""https://www.camara.leg.br/internet/deputado/bandep/pagina_do_deputado/178972.jpg""}"
Deputado Alfredinho,PT,SP,Camara dos Deputados,CD,https://www.camara.leg.br/deputados/221148,Deputado Federal Alfredinho - Portal da Câmara dos Deputados,Página do(a) Deputado(a) Alfredinho na Câmara dos Deputados,https://www.camara.leg.br/internet/deputado/bandep/pagina_do_deputado/221148.jpg,camara,,"{""perfil_titulo"": ""Deputado Federal Alfredinho - Portal da Câmara dos Deputados"", ""perfil_descricao"": ""Página do(a) Deputado(a) Alfredinho na Câmara dos Deputados"", ""perfil_foto"": ""https://www.camara.leg.br/internet/deputado/bandep/pagina_do_deputado/221148.jpg""}"
Deputado Alfredo Gaspar,PL,AL,Camara dos Deputados,CD,https://www.camara.leg.br/deputados/220576,Deputado Federal Alfredo Gaspar - Portal da Câmara dos Deputados,Página do(a) Deputado(a) Alfredo Gaspar na Câmara dos Deputados,https://www.camara.leg.br/internet/deputado/bandep/pagina_do_deputado/220576.jpg,camara,,"{""perfil_titulo"": ""Deputado Federal Alfredo Gaspar - Portal da Câmara dos Deputados"", ""perfil_descricao"": ""Página do(a) Deputado(a) Alfredo Gaspar na Câmara dos Deputados"", ""perfil_foto"": ""https://www.camara.leg.br/internet/deputado/bandep/pagina_do_deputado/220576.jpg""}"
Deputada Alice Portugal,PCdoB,BA,Camara dos Deputados,CD,https://www.camara.leg.br/deputados/74057,Deputada Federal Alice Portugal - Portal da Câmara dos Deputados,Página do(a) Deputado(a) Alice Portugal na Câmara dos Deputados,https://www.camara.leg.br/internet/deputado/bandep/pagina_do_deputado/74057.jpg,camara,,"{""perfil_titulo"": ""Deputada Federal Alice Portugal - Portal da Câmara dos Deputados"", ""perfil_descricao"": ""Página do(a) Deputado(a) Alice Portugal na Câmara dos Deputados"", ""perfil_foto"": ""https://www.camara.leg.br/internet/deputado/bandep/pagina_do_deputado/74057.jpg""}"
Deputado Aliel Machado,PV,PR,Camara dos Deputados,CD,https://www.camara.leg.br/deputados/178927,Deputado Federal Aliel Machado - Portal da Câmara dos Deputados,Página do(a) Deputado(a) Aliel Machado na Câmara dos Deputados,https://www.camara.leg.br/internet/deputado/bandep/pagina_do_deputado/178927.jpg,camara,,"{""perfil_titulo"": ""Deputado Federal Aliel Machado - Portal da Câmara dos Deputados"", ""perfil_descricao"": ""Página do(a) Deputado(a) Aliel Machado na Câmara dos Deputados"", ""perfil_foto"": ""https://www.camara.leg.br/internet/deputado/bandep/pagina_do_deputado/178927.jpg""}"
Deputada Aline Gurgel,UNIÃO,AP,Camara dos Deputados,CD,https://www.camara.leg.br/deputados/204353,Deputada Federal Aline Gurgel - Portal da Câmara dos Deputados,Página do(a) Deputado(a) Aline Gurgel na Câmara dos Deputados,https://www.camara.leg.br/internet/deputado/bandep/pagina_do_deputado/204353.jpg,camara,,"{""perfil_titulo"": ""Deputada Federal Aline Gurgel - Portal da Câmara dos Deputados"", ""perfil_descricao"": ""Página do(a) Deputado(a) Aline Gurgel na Câmara dos Deputados"", ""perfil_foto"": ""https://www.camara.leg.br/internet/deputado/bandep/pagina_do_deputado/204353.jpg""}"
Deputado Altineu Côrtes,PL,RJ,Camara dos Deputados,CD,https://www.camara.leg.br/deputados/178937,Deputado Federal Altineu Côrtes - Portal da Câmara dos Deputados,Página do(a) Deputado(a) Altineu Côrtes na Câmara dos Deputados,https://www.camara.leg.br/internet/deputado/bandep/pagina_do_deputado/178937.jpg,camara,,"{""perfil_titulo"": ""Deputado Federal Altineu Côrtes - Portal da Câmara dos Deputados"", ""perfil_descricao"": ""Página do(a) Deputado(a) Altineu Côrtes na Câmara dos Deputados"", ""perfil_foto"": ""https://www.camara.leg.br/internet/deputado/bandep/pagina_do_deputado/178937.jpg""}"
Deputado Aluisio Mendes,REPUBLICANOS,MA,Camara dos Deputados,CD,https://www.camara.leg.br/deputados/178881,Deputado Federal Aluisio Mendes - Portal da Câmara dos Deputados,Página do(a) Deputado(a) Aluisio Mendes na Câmara dos Deputados,https://www.camara.leg.br/internet/deputado/bandep/pagina_do_deputado/178881.jpg,camara,,"{""perfil_titulo"": ""Deputado Federal Aluisio Mendes - Portal da Câmara dos Deputados"", ""perfil_descricao"": ""Página do(a) Deputado(a) Aluisio Mendes na Câmara dos Deputados"", ""perfil_foto"": ""https://www.camara.leg.br/internet/deputado/bandep/pagina_do_deputado/178881.jpg""}"
Deputada Amanda Gentil,PP,MA,Camara dos Deputados,CD,https://www.camara.leg.br/deputados/220707,Deputada Federal Amanda Gentil - Portal da Câmara dos Deputados,Página do(a) Deputado(a) Amanda Gentil na Câmara dos Deputados,https://www.camara.leg.br/internet/deputado/bandep/pagina_do_deputado/220707.jpg,camara,,"{""perfil_titulo"": ""Deputada Federal Amanda Gentil - Portal da Câmara dos Deputados"", ""perfil_descricao"": ""Página do(a) Deputado(a) Amanda Gentil na Câmara dos Deputados"", ""perfil_foto"": ""https://www.camara.leg.br/internet/deputado/bandep/pagina_do_deputado/220707.jpg""}"
Deputado Amaro Neto,PP,ES,Camara dos Deputados,CD,https://www.camara.leg.br/deputados/204356,Deputado Federal Amaro Neto - Portal da Câmara dos Deputados,Página do(a) Deputado(a) Amaro Neto na Câmara dos Deputados,https://www.camara.leg.br/internet/deputado/bandep/pagina_do_deputado/204356.jpg,camara,,"{""perfil_titulo"": ""Deputado Federal Amaro Neto - Portal da Câmara dos Deputados"", ""perfil_descricao"": ""Página do(a) Deputado(a) Amaro Neto na Câmara dos Deputados"", ""perfil_foto"": ""https://www.camara.leg.br/internet/deputado/bandep/pagina_do_deputado/204356.jpg""}"
Deputado Amom Mandel,REPUBLICANOS,AM,Camara dos Deputados,CD,https://www.camara.leg.br/deputados/220715,Deputado Federal Amom Mandel - Portal da Câmara dos Deputados,Página do(a) Deputado(a) Amom Mandel na Câmara dos Deputados,https://www.camara.leg.br/internet/deputado/bandep/pagina_do_deputado/220715.jpg,camara,,"{""perfil_titulo"": ""Deputado Federal Amom Mandel - Portal da Câmara dos Deputados"", ""perfil_descricao"": ""Página do(a) Deputado(a) Amom Mandel na Câmara dos Deputados"", ""perfil_foto"": ""https://www.camara.leg.br/internet/deputado/bandep/pagina_do_deputado/220715.jpg""}"
Deputada Ana Paula Leão,PP,MG,Camara dos Deputados,CD,https://www.camara.leg.br/deputados/107970,Deputada Federal Ana Paula Leão - Portal da Câmara dos Deputados,Página do(a) Deputado(a) Ana Paula Leão na Câmara dos Deputados,https://www.camara.leg.br/internet/deputado/bandep/pagina_do_deputado/107970.jpg,camara,,"{""perfil_titulo"": ""Deputada Federal Ana Paula Leão - Portal da Câmara dos Deputados"", ""perfil_descricao"": ""Página do(a) Deputado(a) Ana Paula Leão na Câmara dos Deputados"", ""perfil_foto"": ""https://www.camara.leg.br/internet/deputado/bandep/pagina_do_deputado/107970.jpg""}"
Deputada Ana Paula Lima,PT,SC,Camara dos Deputados,CD,https://www.camara.leg.br/deputados/220556,Deputada Federal Ana Paula Lima - Portal da Câmara dos Deputados,Página do(a) Deputado(a) Ana Paula Lima na Câmara dos Deputados,https://www.camara.leg.br/internet/deputado/bandep/pagina_do_deputado/220556.jpg,camara,,"{""perfil_titulo"": ""Deputada Federal Ana Paula Lima - Portal da Câmara dos Deputados"", ""perfil_descricao"": ""Página do(a) Deputado(a) Ana Paula Lima na Câmara dos Deputados"", ""perfil_foto"": ""https://www.camara.leg.br/internet/deputado/bandep/pagina_do_deputado/220556.jpg""}"
Deputada Ana Pimentel,PT,MG,Camara dos Deputados,CD,https://www.camara.leg.br/deputados/220632,Deputada Federal Ana Pimentel - Portal da Câmara dos Deputados,Página do(a) Deputado(a) Ana Pimentel na Câmara dos Deputados,https://www.camara.leg.br/internet/deputado/bandep/pagina_do_deputado/220632.jpg,camara,,"{""perfil_titulo"": ""Deputada Federal Ana Pimentel - Portal da Câmara dos Deputados"", ""perfil_descricao"": ""Página do(a) Deputado(a) Ana Pimentel na Câmara dos Deputados"", ""perfil_foto"": ""https://www.camara.leg.br/internet/deputado/bandep/pagina_do_deputado/220632.jpg""}"
Deputado André Abdon,PP,AP,Camara dos Deputados,CD,https://www.camara.leg.br/deputados/178831,Deputado Federal André Abdon - Portal da Câmara dos Deputados,Página do(a) Deputado(a) André Abdon na Câmara dos Deputados,https://www.camara.leg.br/internet/deputado/bandep/pagina_do_deputado/178831.jpg,camara,,"{""perfil_titulo"": ""Deputado Federal André Abdon - Portal da Câmara dos Deputados"", ""perfil_descricao"": ""Página do(a) Deputado(a) André Abdon na Câmara dos Deputados"", ""perfil_foto"": ""https://www.camara.leg.br/internet/deputado/bandep/pagina_do_deputado/178831.jpg""}"
Deputado André Fernandes,PL,CE,Camara dos Deputados,CD,https://www.camara.leg.br/deputados/220657,Deputado Federal André Fernandes - Portal da Câmara dos Deputados,Página do(a) Deputado(a) André Fernandes na Câmara dos Deputados,https://www.camara.leg.br/internet/deputado/bandep/pagina_do_deputado/220657.jpg,camara,,"{""perfil_titulo"": ""Deputado Federal André Fernandes - Portal da Câmara dos Deputados"", ""perfil_descricao"": ""Página do(a) Deputado(a) André Fernandes na Câmara dos Deputados"", ""perfil_foto"": ""https://www.camara.leg.br/internet/deputado/bandep/pagina_do_deputado/220657.jpg""}"
Deputado André Ferreira,PL,PE,Camara dos Deputados,CD,https://www.camara.leg.br/deputados/204423,Deputado Federal André Ferreira - Portal da Câmara dos Deputados,Página do(a) Deputado(a) André Ferreira na Câmara dos Deputados,https://www.camara.leg.br/internet/deputado/bandep/pagina_do_deputado/204423.jpg,camara,,"{""perfil_titulo"": ""Deputado Federal André Ferreira - Portal da Câmara dos Deputados"", ""perfil_descricao"": ""Página do(a) Deputado(a) André Ferreira na Câmara dos Deputados"", ""perfil_foto"": ""https://www.camara.leg.br/internet/deputado/bandep/pagina_do_deputado/204423.jpg""}"
Deputado André Figueiredo,PDT,CE,Camara dos Deputados,CD,https://www.camara.leg.br/deputados/133439,Deputado Federal André Figueiredo - Portal da Câmara dos Deputados,Página do(a) Deputado(a) André Figueiredo na Câmara dos Deputados,https://www.camara.leg.br/internet/deputado/bandep/pagina_do_deputado/133439.jpg,camara,,"{""perfil_titulo"": ""Deputado Federal André Figueiredo - Portal da Câmara dos Deputados"", ""perfil_descricao"": ""Página do(a) Deputado(a) André Figueiredo na Câmara dos Deputados"", ""perfil_foto"": ""https://www.camara.leg.br/internet/deputado/bandep/pagina_do_deputado/133439.jpg""}"
Deputado André Fufuca,PP,MA,Camara dos Deputados,CD,https://www.camara.leg.br/deputados/178882,Deputado Federal André Fufuca - Portal da Câmara dos Deputados,Página do(a) Deputado(a) André Fufuca na Câmara dos Deputados,https://www.camara.leg.br/internet/deputado/bandep/pagina_do_deputado/178882.jpg,camara,,"{""perfil_titulo"": ""Deputado Federal André Fufuca - Portal da Câmara dos Deputados"", ""perfil_descricao"": ""Página do(a) Deputado(a) André Fufuca na Câmara dos Deputados"", ""perfil_foto"": ""https://www.camara.leg.br/internet/deputado/bandep/pagina_do_deputado/178882.jpg""}"
Deputada Andreia Siqueira,PSB,PA,Camara dos Deputados,CD,https://www.camara.leg.br/deputados/220676,Deputada Federal Andreia Siqueira - Portal da Câmara dos Deputados,Página do(a) Deputado(a) Andreia Siqueira na Câmara dos Deputados,https://www.camara.leg.br/internet/deputado/bandep/pagina_do_deputado/220676.jpg,camara,,"{""perfil_titulo"": ""Deputada Federal Andreia Siqueira - Portal da Câmara dos Deputados"", ""perfil_descricao"": ""Página do(a) Deputado(a) Andreia Siqueira na Câmara dos Deputados"", ""perfil_foto"": ""https://www.camara.leg.br/internet/deputado/bandep/pagina_do_deputado/220676.jpg""}"
Deputado André Janones,REDE,MG,Camara dos Deputados,CD,https://www.camara.leg.br/deputados/204515,Deputado Federal André Janones - Portal da Câmara dos Deputados,Página do(a) Deputado(a) André Janones na Câmara dos Deputados,https://www.camara.leg.br/internet/deputado/bandep/pagina_do_deputado/204515.jpg,camara,,"{""perfil_titulo"": ""Deputado Federal André Janones - Portal da Câmara dos Deputados"", ""perfil_descricao"": ""Página do(a) Deputado(a) André Janones na Câmara dos Deputados"", ""perfil_foto"": ""https://www.camara.leg.br/internet/deputado/bandep/pagina_do_deputado/204515.jpg""}"
Senador Angelo Coronel,REPUBLICANOS,BA,Senado Federal,SF,https://www25.senado.leg.br/web/senadores/senador/-/perfil/5967,Senador Angelo Coronel - Senado Federal,Página da atuação parlamentar do(a) Senador Angelo Coronel,,senado,,"{""perfil_titulo"": ""Senador Angelo Coronel - Senado Federal"", ""perfil_descricao"": ""Página da atuação parlamentar do(a) Senador Angelo Coronel"", ""perfil_foto"": """", ""sf_legislatura"": ""56ª Legislatura,57ª Legislatura"", ""sf_uf"": ""BA"", ""sf_ano"": ""2019,2020,2021,2022,2023,2024,2025,2026,2027"", ""sf_senador"": ""Angelo Coronel"", ""sf_comissao"": ""CAE,CAS,CDR,CI,CMA,CPCMS,CRA,CRE,CSP,CTCIVIL,FPAMM,FPDEPMEB,FPELETROMOBILIDADE,FPINVESTEBRASIL,FPJOVEM,FPMA,GPARABIASAUDITA,GPBOLIVIA,GP-BRICS-SF,GPCAZAQUISTÃO,GPCHINA,GPEUA,GPFRANCA,GPINDIA,GPISRAEL,GPJAPÃO,GPLÍBANO,GPMARROCOS,GPSUIÇA,GPUCRANIA,PAT"", ""sf_partido"": ""REPUBLICANOS"", ""nome_civil"": ""Angelo Mario Coronel de Azevedo Martins"", ""data_de_nascimento"": ""03/05/1958"", ""naturalidade"": ""Coração de Maria (BA)"", ""gabinete"": ""Senado Federal Anexo 1 7º Pavimento"", ""telefones"": ""(61) 3303-6103 / 6105"", ""e_mail"": ""sen.angelocoronel@senado.leg.br"", ""escritorio_de_apoio"": ""ALAMEDA DAS FRAMBOESAS, 349. CAMINHO DAS ÁRVORES, SALVADOR, BA. CEP:41820-450""}"
Deputada Antônia Lúcia,MDB,AC,Camara dos Deputados,CD,https://www.camara.leg.br/deputados/123756,Deputada Federal Antônia Lúcia - Portal da Câmara dos Deputados,Página do(a) Deputado(a) Antônia Lúcia na Câmara dos Deputados,https://www.camara.leg.br/internet/deputado/bandep/pagina_do_deputado/123756.jpg,camara,,"{""perfil_titulo"": ""Deputada Federal Antônia Lúcia - Portal da Câmara dos Deputados"", ""perfil_descricao"": ""Página do(a) Deputado(a) Antônia Lúcia na Câmara dos Deputados"", ""perfil_foto"": ""https://www.camara.leg.br/internet/deputado/bandep/pagina_do_deputado/123756.jpg""}"
Deputado Antonio Andrade,PSDB,TO,Camara dos Deputados,CD,https://www.camara.leg.br/deputados/220544,Deputado Federal Antonio Andrade - Portal da Câmara dos Deputados,Página do(a) Deputado(a) Antonio Andrade na Câmara dos Deputados,https://www.camara.leg.br/internet/deputado/bandep/pagina_do_deputado/220544.jpg,camara,,"{""perfil_titulo"": ""Deputado Federal Antonio Andrade - Portal da Câmara dos Deputados"", ""perfil_descricao"": ""Página do(a) Deputado(a) Antonio Andrade na Câmara dos Deputados"", ""perfil_foto"": ""https://www.camara.leg.br/internet/deputado/bandep/pagina_do_deputado/220544.jpg""}"
Deputado Antonio Brito,PSD,BA,Camara dos Deputados,CD,https://www.camara.leg.br/deputados/160553,Deputado Federal Antonio Brito - Portal da Câmara dos Deputados,Página do(a) Deputado(a) Antonio Brito na Câmara dos Deputados,https://www.camara.leg.br/internet/deputado/bandep/pagina_do_deputado/160553.jpg,camara,,"{""perfil_titulo"": ""Deputado Federal Antonio Brito - Portal da Câmara dos Deputados"", ""perfil_descricao"": ""Página do(a) Deputado(a) Antonio Brito na Câmara dos Deputados"", ""perfil_foto"": ""https://www.camara.leg.br/internet/deputado/bandep/pagina_do_deputado/160553.jpg""}"
Deputado Antonio Carlos Rodrigues,PODE,SP,Camara dos Deputados,CD,https://www.camara.leg.br/deputados/220638,Deputado Federal Antonio Carlos Rodrigues - Portal da Câmara dos Deputados,Página do(a) Deputado(a) Antonio Carlos Rodrigues na Câmara dos Deputados,https://www.camara.leg.br/internet/deputado/bandep/pagina_do_deputado/220638.jpg,camara,,"{""perfil_titulo"": ""Deputado Federal Antonio Carlos Rodrigues - Portal da Câmara dos Deputados"", ""perfil_descricao"": ""Página do(a) Deputado(a) Antonio Carlos Rodrigues na Câmara dos Deputados"", ""perfil_foto"": ""https://www.camara.leg.br/internet/deputado/bandep/pagina_do_deputado/220638.jpg""}"
Deputado Antônio Doido,MDB,PA,Camara dos Deputados,CD,https://www.camara.leg.br/deputados/220675,Deputado Federal Antônio Doido - Portal da Câmara dos Deputados,Página do(a) Deputado(a) Antônio Doido na Câmara dos Deputados,https://www.camara.leg.br/internet/deputado/bandep/pagina_do_deputado/220675.jpg,camara,,"{""perfil_titulo"": ""Deputado Federal Antônio Doido - Portal da Câmara dos Deputados"", ""perfil_descricao"": ""Página do(a) Deputado(a) Antônio Doido na Câmara dos Deputados"", ""perfil_foto"": ""https://www.camara.leg.br/internet/deputado/bandep/pagina_do_deputado/220675.jpg""}"
Deputada Any Ortiz,PP,RS,Camara dos Deputados,CD,https://www.camara.leg.br/deputados/220549,Deputada Federal Any Ortiz - Portal da Câmara dos Deputados,Página do(a) Deputado(a) Any Ortiz na Câmara dos Deputados,https://www.camara.leg.br/internet/deputado/bandep/pagina_do_deputado/220549.jpg,camara,,"{""perfil_titulo"": ""Deputada Federal Any Ortiz - Portal da Câmara dos Deputados"", ""perfil_descricao"": ""Página do(a) Deputado(a) Any Ortiz na Câmara dos Deputados"", ""perfil_foto"": ""https://www.camara.leg.br/internet/deputado/bandep/pagina_do_deputado/220549.jpg""}"
Deputado Arlindo Chinaglia,PT,SP,Camara dos Deputados,CD,https://www.camara.leg.br/deputados/73433,Deputado Federal Arlindo Chinaglia - Portal da Câmara dos Deputados,Página do(a) Deputado(a) Arlindo Chinaglia na Câmara dos Deputados,https://www.camara.leg.br/internet/deputado/bandep/pagina_do_deputado/73433.jpg,camara,,"{""perfil_titulo"": ""Deputado Federal Arlindo Chinaglia - Portal da Câmara dos Deputados"", ""perfil_descricao"": ""Página do(a) Deputado(a) Arlindo Chinaglia na Câmara dos Deputados"", ""perfil_foto"": ""https://www.camara.leg.br/internet/deputado/bandep/pagina_do_deputado/73433.jpg""}"
Deputado Arnaldo Jardim,CIDADANIA,SP,Camara dos Deputados,CD,https://www.camara.leg.br/deputados/141391,Deputado Federal Arnaldo Jardim - Portal da Câmara dos Deputados,Página do(a) Deputado(a) Arnaldo Jardim na Câmara dos Deputados,https://www.camara.leg.br/internet/deputado/bandep/pagina_do_deputado/141391.jpg,camara,,"{""perfil_titulo"": ""Deputado Federal Arnaldo Jardim - Portal da Câmara dos Deputados"", ""perfil_descricao"": ""Página do(a) Deputado(a) Arnaldo Jardim na Câmara dos Deputados"", ""perfil_foto"": ""https://www.camara.leg.br/internet/deputado/bandep/pagina_do_deputado/141391.jpg""}"
Deputado Arthur Lira,PP,AL,Camara dos Deputados,CD,https://www.camara.leg.br/deputados/160541,Deputado Federal Arthur Lira - Portal da Câmara dos Deputados,Página do(a) Deputado(a) Arthur Lira na Câmara dos Deputados,https://www.camara.leg.br/internet/deputado/bandep/pagina_do_deputado/160541.jpg,camara,,"{""perfil_titulo"": ""Deputado Federal Arthur Lira - Portal da Câmara dos Deputados"", ""perfil_descricao"": ""Página do(a) Deputado(a) Arthur Lira na Câmara dos Deputados"", ""perfil_foto"": ""https://www.camara.leg.br/internet/deputado/bandep/pagina_do_deputado/160541.jpg""}"
Deputado Arthur Oliveira Maia,UNIÃO,BA,Camara dos Deputados,CD,https://www.camara.leg.br/deputados/160600,Deputado Federal Arthur Oliveira Maia - Portal da Câmara dos Deputados,Página do(a) Deputado(a) Arthur Oliveira Maia na Câmara dos Deputados,https://www.camara.leg.br/internet/deputado/bandep/pagina_do_deputado/160600.jpg,camara,,"{""perfil_titulo"": ""Deputado Federal Arthur Oliveira Maia - Portal da Câmara dos Deputados"", ""perfil_descricao"": ""Página do(a) Deputado(a) Arthur Oliveira Maia na Câmara dos Deputados"", ""perfil_foto"": ""https://www.camara.leg.br/internet/deputado/bandep/pagina_do_deputado/160600.jpg""}"
Senador Astronauta Marcos Pontes,PL,SP,Senado Federal,SF,https://www25.senado.leg.br/web/senadores/senador/-/perfil/6009,Senador Astronauta Marcos Pontes - Senado Federal,Página da atuação parlamentar do(a) Senador Astronauta Marcos Pontes,,senado,,"{""perfil_titulo"": ""Senador Astronauta Marcos Pontes - Senado Federal"", ""perfil_descricao"": ""Página da atuação parlamentar do(a) Senador Astronauta Marcos Pontes"", ""perfil_foto"": """", ""sf_legislatura"": ""56ª Legislatura,58ª Legislatura,57ª Legislatura"", ""sf_uf"": ""SP"", ""sf_ano"": ""2023,2024,2025,2026,2027,2028,2029,2030,2031"", ""sf_senador"": ""Astronauta Marcos Pontes"", ""sf_comissao"": ""CAS,CCDD,CCT,CDH,CDR,CE,CI,CRE,CREDC,CSP,CTCIVIL,FPAMM,FPBSJA,FPC,FPCIBERSEG,FPDNB,FPELETROMOBILIDADE,FPEMSN,FPEpTec,FPFARMA,FPINVESTEBRASIL,FPMDFAV,FPMDM,FPMPBAS,FPRNE,FPSTARTUPS,FPTRB,GPARABIASAUDITA,GPBOLIVIA,GPCAZAQUISTÃO,GPCHINA,GPEUA,GPFRANCA,GPINDIA,GPISRAEL,GPJAPÃO,GPLÍBANO,GPRCOREIA"", ""sf_partido"": ""PL"", ""nome_civil"": ""Marcos Cesar Pontes"", ""data_de_nascimento"": ""11/03/1963"", ""naturalidade"": ""Bauru (SP)"", ""gabinete"": ""Senado Federal Anexo 2 Ala Nilo Coelho Pavimento Térreo Gabinete 08"", ""telefones"": ""(61) 3303-1177 / 1797"", ""e_mail"": ""sen.astronautamarcospontes@senado.leg.br"", ""escritorio_de_apoio"": ""RUA RIO AZUL, 192. VILA SÔNIA, SÃO PAULO, SP. CEP:05519120""}"
Deputado Átila Lins,PSD,AM,Camara dos Deputados,CD,https://www.camara.leg.br/deputados/74090,Deputado Federal Átila Lins - Portal da Câmara dos Deputados,Página do(a) Deputado(a) Átila Lins na Câmara dos Deputados,https://www.camara.leg.br/internet/deputado/bandep/pagina_do_deputado/74090.jpg,camara,,"{""perfil_titulo"": ""Deputado Federal Átila Lins - Portal da Câmara dos Deputados"", ""perfil_descricao"": ""Página do(a) Deputado(a) Átila Lins na Câmara dos Deputados"", ""perfil_foto"": ""https://www.camara.leg.br/internet/deputado/bandep/pagina_do_deputado/74090.jpg""}"
Deputado Átila Lira,PP,PI,Camara dos Deputados,CD,https://www.camara.leg.br/deputados/123086,Deputado Federal Átila Lira - Portal da Câmara dos Deputados,Página do(a) Deputado(a) Átila Lira na Câmara dos Deputados,https://www.camara.leg.br/internet/deputado/bandep/pagina_do_deputado/123086.jpg,camara,,"{""perfil_titulo"": ""Deputado Federal Átila Lira - Portal da Câmara dos Deputados"", ""perfil_descricao"": ""Página do(a) Deputado(a) Átila Lira na Câmara dos Deputados"", ""perfil_foto"": ""https://www.camara.leg.br/internet/deputado/bandep/pagina_do_deputado/123086.jpg""}"
Deputado Augusto Coutinho,REPUBLICANOS,PE,Camara dos Deputados,CD,https://www.camara.leg.br/deputados/160665,Deputado Federal Augusto Coutinho - Portal da Câmara dos Deputados,Página do(a) Deputado(a) Augusto Coutinho na Câmara dos Deputados,https://www.camara.leg.br/internet/deputado/bandep/pagina_do_deputado/160665.jpg,camara,,"{""perfil_titulo"": ""Deputado Federal Augusto Coutinho - Portal da Câmara dos Deputados"", ""perfil_descricao"": ""Página do(a) Deputado(a) Augusto Coutinho na Câmara dos Deputados"", ""perfil_foto"": ""https://www.camara.leg.br/internet/deputado/bandep/pagina_do_deputado/160665.jpg""}"
Deputado Aureo Ribeiro,SOLIDARIEDADE,RJ,Camara dos Deputados,CD,https://www.camara.leg.br/deputados/160512,Deputado Federal Aureo Ribeiro - Portal da Câmara dos Deputados,Página do(a) Deputado(a) Aureo Ribeiro na Câmara dos Deputados,https://www.camara.leg.br/internet/deputado/bandep/pagina_do_deputado/160512.jpg,camara,,"{""perfil_titulo"": ""Deputado Federal Aureo Ribeiro - Portal da Câmara dos Deputados"", ""perfil_descricao"": ""Página do(a) Deputado(a) Aureo Ribeiro na Câmara dos Deputados"", ""perfil_foto"": ""https://www.camara.leg.br/internet/deputado/bandep/pagina_do_deputado/160512.jpg""}"
Deputado Bacelar,PV,BA,Camara dos Deputados,CD,https://www.camara.leg.br/deputados/69871,Deputado Federal Bacelar - Portal da Câmara dos Deputados,Página do(a) Deputado(a) Bacelar na Câmara dos Deputados,https://www.camara.leg.br/internet/deputado/bandep/pagina_do_deputado/69871.jpg,camara,,"{""perfil_titulo"": ""Deputado Federal Bacelar - Portal da Câmara dos Deputados"", ""perfil_descricao"": ""Página do(a) Deputado(a) Bacelar na Câmara dos Deputados"", ""perfil_foto"": ""https://www.camara.leg.br/internet/deputado/bandep/pagina_do_deputado/69871.jpg""}"
Deputado Baleia Rossi,MDB,SP,Camara dos Deputados,CD,https://www.camara.leg.br/deputados/178975,Deputado Federal Baleia Rossi - Portal da Câmara dos Deputados,Página do(a) Deputado(a) Baleia Rossi na Câmara dos Deputados,https://www.camara.leg.br/internet/deputado/bandep/pagina_do_deputado/178975.jpg,camara,,"{""perfil_titulo"": ""Deputado Federal Baleia Rossi - Portal da Câmara dos Deputados"", ""perfil_descricao"": ""Página do(a) Deputado(a) Baleia Rossi na Câmara dos Deputados"", ""perfil_foto"": ""https://www.camara.leg.br/internet/deputado/bandep/pagina_do_deputado/178975.jpg""}"
Deputado Bandeira De Mello,PV,RJ,Camara dos Deputados,CD,https://www.camara.leg.br/deputados/220605,Deputado Federal Bandeira de Mello - Portal da Câmara dos Deputados,Página do(a) Deputado(a) Bandeira de Mello na Câmara dos Deputados,https://www.camara.leg.br/internet/deputado/bandep/pagina_do_deputado/220605.jpg,camara,,"{""perfil_titulo"": ""Deputado Federal Bandeira de Mello - Portal da Câmara dos Deputados"", ""perfil_descricao"": ""Página do(a) Deputado(a) Bandeira de Mello na Câmara dos Deputados"", ""perfil_foto"": ""https://www.camara.leg.br/internet/deputado/bandep/pagina_do_deputado/220605.jpg""}"
Deputado Bebeto,PP,RJ,Camara dos Deputados,CD,https://www.camara.leg.br/deputados/220612,Deputado Federal Bebeto - Portal da Câmara dos Deputados,Página do(a) Deputado(a) Bebeto na Câmara dos Deputados,https://www.camara.leg.br/internet/deputado/bandep/pagina_do_deputado/220612.jpg,camara,,"{""perfil_titulo"": ""Deputado Federal Bebeto - Portal da Câmara dos Deputados"", ""perfil_descricao"": ""Página do(a) Deputado(a) Bebeto na Câmara dos Deputados"", ""perfil_foto"": ""https://www.camara.leg.br/internet/deputado/bandep/pagina_do_deputado/220612.jpg""}"
Deputada Benedita Da Silva,PT,RJ,Camara dos Deputados,CD,https://www.camara.leg.br/deputados/73701,Deputada Federal Benedita da Silva - Portal da Câmara dos Deputados,Página do(a) Deputado(a) Benedita da Silva na Câmara dos Deputados,https://www.camara.leg.br/internet/deputado/bandep/pagina_do_deputado/73701.jpg,camara,,"{""perfil_titulo"": ""Deputada Federal Benedita da Silva - Portal da Câmara dos Deputados"", ""perfil_descricao"": ""Página do(a) Deputado(a) Benedita da Silva na Câmara dos Deputados"", ""perfil_foto"": ""https://www.camara.leg.br/internet/deputado/bandep/pagina_do_deputado/73701.jpg""}"
Deputado Benes Leocádio,UNIÃO,RN,Camara dos Deputados,CD,https://www.camara.leg.br/deputados/109429,Deputado Federal Benes Leocádio - Portal da Câmara dos Deputados,Página do(a) Deputado(a) Benes Leocádio na Câmara dos Deputados,https://www.camara.leg.br/internet/deputado/bandep/pagina_do_deputado/109429.jpg,camara,,"{""perfil_titulo"": ""Deputado Federal Benes Leocádio - Portal da Câmara dos Deputados"", ""perfil_descricao"": ""Página do(a) Deputado(a) Benes Leocádio na Câmara dos Deputados"", ""perfil_foto"": ""https://www.camara.leg.br/internet/deputado/bandep/pagina_do_deputado/109429.jpg""}"
Senador Beto Faro,PT,PA,Senado Federal,SF,https://www25.senado.leg.br/web/senadores/senador/-/perfil/4639,Senador Beto Faro - Senado Federal,Página da atuação parlamentar do(a) Senador Beto Faro,,senado,,"{""perfil_titulo"": ""Senador Beto Faro - Senado Federal"", ""perfil_descricao"": ""Página da atuação parlamentar do(a) Senador Beto Faro"", ""perfil_foto"": """", ""sf_legislatura"": ""58ª Legislatura,57ª Legislatura"", ""sf_uf"": ""PA"", ""sf_ano"": ""2023,2024,2025,2026,2027,2028,2029,2030,2031"", ""sf_senador"": ""Beto Faro"", ""sf_comissao"": ""CCT,CDR,CI,CMA,CRA,CRE,CTFC,GP-BRICS-SF"", ""sf_partido"": ""PT"", ""nome_civil"": ""José Roberto Oliveira Faro"", ""data_de_nascimento"": ""20/06/1969"", ""naturalidade"": ""Bujaru (PA)"", ""gabinete"": ""Senado Federal Anexo 2 Ala Teotônio Vilela Gabinete 08"", ""telefones"": ""(61) 3303-5220"", ""e_mail"": ""sen.betofaro@senado.leg.br""}"
Deputado Beto Pereira,REPUBLICANOS,MS,Camara dos Deputados,CD,https://www.camara.leg.br/deputados/204358,Deputado Federal Beto Pereira - Portal da Câmara dos Deputados,Página do(a) Deputado(a) Beto Pereira na Câmara dos Deputados,https://www.camara.leg.br/internet/deputado/bandep/pagina_do_deputado/204358.jpg,camara,,"{""perfil_titulo"": ""Deputado Federal Beto Pereira - Portal da Câmara dos Deputados"", ""perfil_descricao"": ""Página do(a) Deputado(a) Beto Pereira na Câmara dos Deputados"", ""perfil_foto"": ""https://www.camara.leg.br/internet/deputado/bandep/pagina_do_deputado/204358.jpg""}"
Deputado Beto Preto,PSD,PR,Camara dos Deputados,CD,https://www.camara.leg.br/deputados/220698,Deputado Federal Beto Preto - Portal da Câmara dos Deputados,Página do(a) Deputado(a) Beto Preto na Câmara dos Deputados,https://www.camara.leg.br/internet/deputado/bandep/pagina_do_deputado/220698.jpg,camara,,"{""perfil_titulo"": ""Deputado Federal Beto Preto - Portal da Câmara dos Deputados"", ""perfil_descricao"": ""Página do(a) Deputado(a) Beto Preto na Câmara dos Deputados"", ""perfil_foto"": ""https://www.camara.leg.br/internet/deputado/bandep/pagina_do_deputado/220698.jpg""}"
Deputado Beto Richa,PSDB,PR,Camara dos Deputados,CD,https://www.camara.leg.br/deputados/220683,Deputado Federal Beto Richa - Portal da Câmara dos Deputados,Página do(a) Deputado(a) Beto Richa na Câmara dos Deputados,https://www.camara.leg.br/internet/deputado/bandep/pagina_do_deputado/220683.jpg,camara,,"{""perfil_titulo"": ""Deputado Federal Beto Richa - Portal da Câmara dos Deputados"", ""perfil_descricao"": ""Página do(a) Deputado(a) Beto Richa na Câmara dos Deputados"", ""perfil_foto"": ""https://www.camara.leg.br/internet/deputado/bandep/pagina_do_deputado/220683.jpg""}"
Deputada Bia Kicis,PL,DF,Camara dos Deputados,CD,https://www.camara.leg.br/deputados/204374,Deputada Federal Bia Kicis - Portal da Câmara dos Deputados,Página do(a) Deputado(a) Bia Kicis na Câmara dos Deputados,https://www.camara.leg.br/internet/deputado/bandep/pagina_do_deputado/204374.jpg,camara,,"{""perfil_titulo"": ""Deputada Federal Bia Kicis - Portal da Câmara dos Deputados"", ""perfil_descricao"": ""Página do(a) Deputado(a) Bia Kicis na Câmara dos Deputados"", ""perfil_foto"": ""https://www.camara.leg.br/internet/deputado/bandep/pagina_do_deputado/204374.jpg""}"
Deputado Bibo Nunes,PL,RS,Camara dos Deputados,CD,https://www.camara.leg.br/deputados/204388,Deputado Federal Bibo Nunes - Portal da Câmara dos Deputados,Página do(a) Deputado(a) Bibo Nunes na Câmara dos Deputados,https://www.camara.leg.br/internet/deputado/bandep/pagina_do_deputado/204388.jpg,camara,,"{""perfil_titulo"": ""Deputado Federal Bibo Nunes - Portal da Câmara dos Deputados"", ""perfil_descricao"": ""Página do(a) Deputado(a) Bibo Nunes na Câmara dos Deputados"", ""perfil_foto"": ""https://www.camara.leg.br/internet/deputado/bandep/pagina_do_deputado/204388.jpg""}"
Deputado Bohn Gass,PT,RS,Camara dos Deputados,CD,https://www.camara.leg.br/deputados/160538,Deputado Federal Bohn Gass - Portal da Câmara dos Deputados,Página do(a) Deputado(a) Bohn Gass na Câmara dos Deputados,https://www.camara.leg.br/internet/deputado/bandep/pagina_do_deputado/160538.jpg,camara,,"{""perfil_titulo"": ""Deputado Federal Bohn Gass - Portal da Câmara dos Deputados"", ""perfil_descricao"": ""Página do(a) Deputado(a) Bohn Gass na Câmara dos Deputados"", ""perfil_foto"": ""https://www.camara.leg.br/internet/deputado/bandep/pagina_do_deputado/160538.jpg""}"
Deputado Bruno Farias,REPUBLICANOS,MG,Camara dos Deputados,CD,https://www.camara.leg.br/deputados/210989,Deputado Federal Bruno Farias - Portal da Câmara dos Deputados,Página do(a) Deputado(a) Bruno Farias na Câmara dos Deputados,https://www.camara.leg.br/internet/deputado/bandep/pagina_do_deputado/210989.jpg,camara,,"{""perfil_titulo"": ""Deputado Federal Bruno Farias - Portal da Câmara dos Deputados"", ""perfil_descricao"": ""Página do(a) Deputado(a) Bruno Farias na Câmara dos Deputados"", ""perfil_foto"": ""https://www.camara.leg.br/internet/deputado/bandep/pagina_do_deputado/210989.jpg""}"
Deputado Bruno Ganem,PODE,SP,Camara dos Deputados,CD,https://www.camara.leg.br/deputados/220635,Deputado Federal Bruno Ganem - Portal da Câmara dos Deputados,Página do(a) Deputado(a) Bruno Ganem na Câmara dos Deputados,https://www.camara.leg.br/internet/deputado/bandep/pagina_do_deputado/220635.jpg,camara,,"{""perfil_titulo"": ""Deputado Federal Bruno Ganem - Portal da Câmara dos Deputados"", ""perfil_descricao"": ""Página do(a) Deputado(a) Bruno Ganem na Câmara dos Deputados"", ""perfil_foto"": ""https://www.camara.leg.br/internet/deputado/bandep/pagina_do_deputado/220635.jpg""}"
Deputado Cabo Gilberto Silva,PL,PB,Camara dos Deputados,CD,https://www.camara.leg.br/deputados/220574,Deputado Federal Cabo Gilberto Silva - Portal da Câmara dos Deputados,Página do(a) Deputado(a) Cabo Gilberto Silva na Câmara dos Deputados,https://www.camara.leg.br/internet/deputado/bandep/pagina_do_deputado/220574.jpg,camara,,"{""perfil_titulo"": ""Deputado Federal Cabo Gilberto Silva - Portal da Câmara dos Deputados"", ""perfil_descricao"": ""Página do(a) Deputado(a) Cabo Gilberto Silva na Câmara dos Deputados"", ""perfil_foto"": ""https://www.camara.leg.br/internet/deputado/bandep/pagina_do_deputado/220574.jpg""}"
Deputada Camila Jara,PT,MS,Camara dos Deputados,CD,https://www.camara.leg.br/deputados/220548,Deputada Federal Camila Jara - Portal da Câmara dos Deputados,Página do(a) Deputado(a) Camila Jara na Câmara dos Deputados,https://www.camara.leg.br/internet/deputado/bandep/pagina_do_deputado/220548.jpg,camara,,"{""perfil_titulo"": ""Deputada Federal Camila Jara - Portal da Câmara dos Deputados"", ""perfil_descricao"": ""Página do(a) Deputado(a) Camila Jara na Câmara dos Deputados"", ""perfil_foto"": ""https://www.camara.leg.br/internet/deputado/bandep/pagina_do_deputado/220548.jpg""}"
Senador Camilo Santana,PT,CE,Senado Federal,SF,https://www25.senado.leg.br/web/senadores/senador/-/perfil/6336,Senador Camilo Santana - Senado Federal,Página da atuação parlamentar do(a) Senador Camilo Santana,,senado,,"{""perfil_titulo"": ""Senador Camilo Santana - Senado Federal"", ""perfil_descricao"": ""Página da atuação parlamentar do(a) Senador Camilo Santana"", ""perfil_foto"": """", ""sf_legislatura"": ""58ª Legislatura,57ª Legislatura"", ""sf_uf"": ""CE"", ""sf_ano"": ""2023,2024,2025,2026,2027,2028,2029,2030,2031"", ""sf_senador"": ""Camilo Santana"", ""sf_comissao"": ""CAE,CCJ,CDR,CE,CMA"", ""sf_partido"": ""PT"", ""nome_civil"": ""Camilo Sobreira de Santana"", ""data_de_nascimento"": ""03/06/1968"", ""gabinete"": ""Senado Federal Anexo 2 Ala Teotônio Vilela Gabinete 14"", ""telefones"": ""(61) 3303-5940"", ""e_mail"": ""sen.camilosantana@senado.leg.br"", ""escritorio_de_apoio"": ""RUA DESEMBARGADOR LEITE ALBUQUERQUE, 635. SALA 201 - ED. METROPOLITAN EMPRESARIAL. ALDEOTA, FORTALEZA, CE. CEP:60150150""}"
Deputado Capitão Alberto Neto,PL,AM,Camara dos Deputados,CD,https://www.camara.leg.br/deputados/204572,Deputado Federal Capitão Alberto Neto - Portal da Câmara dos Deputados,Página do(a) Deputado(a) Capitão Alberto Neto na Câmara dos Deputados,https://www.camara.leg.br/internet/deputado/bandep/pagina_do_deputado/204572.jpg,camara,,"{""perfil_titulo"": ""Deputado Federal Capitão Alberto Neto - Portal da Câmara dos Deputados"", ""perfil_descricao"": ""Página do(a) Deputado(a) Capitão Alberto Neto na Câmara dos Deputados"", ""perfil_foto"": ""https://www.camara.leg.br/internet/deputado/bandep/pagina_do_deputado/204572.jpg""}"
Deputado Capitão Alden,PL,BA,Camara dos Deputados,CD,https://www.camara.leg.br/deputados/220690,Deputado Federal Capitão Alden - Portal da Câmara dos Deputados,Página do(a) Deputado(a) Capitão Alden na Câmara dos Deputados,https://www.camara.leg.br/internet/deputado/bandep/pagina_do_deputado/220690.jpg,camara,,"{""perfil_titulo"": ""Deputado Federal Capitão Alden - Portal da Câmara dos Deputados"", ""perfil_descricao"": ""Página do(a) Deputado(a) Capitão Alden na Câmara dos Deputados"", ""perfil_foto"": ""https://www.camara.leg.br/internet/deputado/bandep/pagina_do_deputado/220690.jpg""}"
Deputado Capitão Augusto,PL,SP,Camara dos Deputados,CD,https://www.camara.leg.br/deputados/178829,Deputado Federal Capitão Augusto - Portal da Câmara dos Deputados,Página do(a) Deputado(a) Capitão Augusto na Câmara dos Deputados,https://www.camara.leg.br/internet/deputado/bandep/pagina_do_deputado/178829.jpg,camara,,"{""perfil_titulo"": ""Deputado Federal Capitão Augusto - Portal da Câmara dos Deputados"", ""perfil_descricao"": ""Página do(a) Deputado(a) Capitão Augusto na Câmara dos Deputados"", ""perfil_foto"": ""https://www.camara.leg.br/internet/deputado/bandep/pagina_do_deputado/178829.jpg""}"
Deputada Carla Dickson,PL,RN,Camara dos Deputados,CD,https://www.camara.leg.br/deputados/213762,Deputada Federal Carla Dickson - Portal da Câmara dos Deputados,Página do(a) Deputado(a) Carla Dickson na Câmara dos Deputados,https://www.camara.leg.br/internet/deputado/bandep/pagina_do_deputado/213762.jpg,camara,,"{""perfil_titulo"": ""Deputada Federal Carla Dickson - Portal da Câmara dos Deputados"", ""perfil_descricao"": ""Página do(a) Deputado(a) Carla Dickson na Câmara dos Deputados"", ""perfil_foto"": ""https://www.camara.leg.br/internet/deputado/bandep/pagina_do_deputado/213762.jpg""}"
Deputado Carlos Chiodini,MDB,SC,Camara dos Deputados,CD,https://www.camara.leg.br/deputados/204361,Deputado Federal Carlos Chiodini - Portal da Câmara dos Deputados,Página do(a) Deputado(a) Carlos Chiodini na Câmara dos Deputados,https://www.camara.leg.br/internet/deputado/bandep/pagina_do_deputado/204361.jpg,camara,,"{""perfil_titulo"": ""Deputado Federal Carlos Chiodini - Portal da Câmara dos Deputados"", ""perfil_descricao"": ""Página do(a) Deputado(a) Carlos Chiodini na Câmara dos Deputados"", ""perfil_foto"": ""https://www.camara.leg.br/internet/deputado/bandep/pagina_do_deputado/204361.jpg""}"
Senador Carlos Fávaro,PSD,MT,Senado Federal,SF,https://www25.senado.leg.br/web/senadores/senador/-/perfil/6295,Senador Carlos Fávaro - Senado Federal,Página da atuação parlamentar do(a) Senador Carlos Fávaro,,senado,,"{""perfil_titulo"": ""Senador Carlos Fávaro - Senado Federal"", ""perfil_descricao"": ""Página da atuação parlamentar do(a) Senador Carlos Fávaro"", ""perfil_foto"": """", ""sf_legislatura"": ""56ª Legislatura,57ª Legislatura"", ""sf_uf"": ""MT"", ""sf_ano"": ""2019,2020,2021,2022,2023,2024,2025,2026,2027"", ""sf_senador"": ""Carlos Fávaro"", ""sf_comissao"": ""CAE,CI,CMO,CRA"", ""sf_partido"": ""PSD"", ""nome_civil"": ""Carlos Henrique Baqueta Fávaro"", ""data_de_nascimento"": ""19/10/1969"", ""naturalidade"": ""Bela Vista do Paraiso (PR)"", ""gabinete"": ""Senado Federal Anexo 2 Ala Teotônio Vilela Gabinete 15"", ""telefones"": ""(61) 3303-6408"", ""e_mail"": ""sen.carlosfavaro@senado.leg.br"", ""escritorio_de_apoio"": ""RUA ALEMANHA, 750. SANTA ROSA, CUIABA, MT. CEP:78040010""}"
Deputado Carlos Gomes,REPUBLICANOS,RS,Camara dos Deputados,CD,https://www.camara.leg.br/deputados/178962,Deputado Federal Carlos Gomes - Portal da Câmara dos Deputados,Página do(a) Deputado(a) Carlos Gomes na Câmara dos Deputados,https://www.camara.leg.br/internet/deputado/bandep/pagina_do_deputado/178962.jpg,camara,,"{""perfil_titulo"": ""Deputado Federal Carlos Gomes - Portal da Câmara dos Deputados"", ""perfil_descricao"": ""Página do(a) Deputado(a) Carlos Gomes na Câmara dos Deputados"", ""perfil_foto"": ""https://www.camara.leg.br/internet/deputado/bandep/pagina_do_deputado/178962.jpg""}"
Deputado Carlos Henrique Gaguim,UNIÃO,TO,Camara dos Deputados,CD,https://www.camara.leg.br/deputados/178993,Deputado Federal Carlos Henrique Gaguim - Portal da Câmara dos Deputados,Página do(a) Deputado(a) Carlos Henrique Gaguim na Câmara dos Deputados,https://www.camara.leg.br/internet/deputado/bandep/pagina_do_deputado/178993.jpg,camara,,"{""perfil_titulo"": ""Deputado Federal Carlos Henrique Gaguim - Portal da Câmara dos Deputados"", ""perfil_descricao"": ""Página do(a) Deputado(a) Carlos Henrique Gaguim na Câmara dos Deputados"", ""perfil_foto"": ""https://www.camara.leg.br/internet/deputado/bandep/pagina_do_deputado/178993.jpg""}"
Deputado Carlos Jordy,PL,RJ,Camara dos Deputados,CD,https://www.camara.leg.br/deputados/204460,Deputado Federal Carlos Jordy - Portal da Câmara dos Deputados,Página do(a) Deputado(a) Carlos Jordy na Câmara dos Deputados,https://www.camara.leg.br/internet/deputado/bandep/pagina_do_deputado/204460.jpg,camara,,"{""perfil_titulo"": ""Deputado Federal Carlos Jordy - Portal da Câmara dos Deputados"", ""perfil_descricao"": ""Página do(a) Deputado(a) Carlos Jordy na Câmara dos Deputados"", ""perfil_foto"": ""https://www.camara.leg.br/internet/deputado/bandep/pagina_do_deputado/204460.jpg""}"
Senador Carlos Portinho,PL,RJ,Senado Federal,SF,https://www25.senado.leg.br/web/senadores/senador/-/perfil/5936,Senador Carlos Portinho - Senado Federal,Página da atuação parlamentar do(a) Senador Carlos Portinho,,senado,,"{""perfil_titulo"": ""Senador Carlos Portinho - Senado Federal"", ""perfil_descricao"": ""Página da atuação parlamentar do(a) Senador Carlos Portinho"", ""perfil_foto"": """", ""sf_legislatura"": ""56ª Legislatura,57ª Legislatura"", ""sf_uf"": ""RJ"", ""sf_ano"": ""2019,2020,2021,2022,2023,2024,2025,2026,2027"", ""sf_senador"": ""Carlos Portinho"", ""sf_comissao"": ""CCDD,CCJ,CCT,CE,CEsp,CICCX,CMDG,CMO,CRE,CSP,CTCIVIL,DJEM,FPAMM,FPBSJA,FPCIBERSEG,FPEMSN,FPEpTec,FPINVESTEBRASIL,FPMA,FPMDM,FPMPBAS,FPRNE,Frenfer,GPARABIASAUDITA,GPEUA,PAT,PTS"", ""sf_partido"": ""PL"", ""nome_civil"": ""Carlos Francisco Portinho"", ""data_de_nascimento"": ""02/07/1973"", ""naturalidade"": ""Rio de Janeiro (RJ)"", ""gabinete"": ""Senado Federal Anexo 2 Ala Teotônio Vilela Gabinete 19"", ""telefones"": ""(61) 3303-6640 / 6613"", ""e_mail"": ""sen.carlosportinho@senado.leg.br""}"
Deputado Carlos Sampaio,PSD,SP,Camara dos Deputados,CD,https://www.camara.leg.br/deputados/74262,Deputado Federal Carlos Sampaio - Portal da Câmara dos Deputados,Página do(a) Deputado(a) Carlos Sampaio na Câmara dos Deputados,https://www.camara.leg.br/internet/deputado/bandep/pagina_do_deputado/74262.jpg,camara,,"{""perfil_titulo"": ""Deputado Federal Carlos Sampaio - Portal da Câmara dos Deputados"", ""perfil_descricao"": ""Página do(a) Deputado(a) Carlos Sampaio na Câmara dos Deputados"", ""perfil_foto"": ""https://www.camara.leg.br/internet/deputado/bandep/pagina_do_deputado/74262.jpg""}"
Deputado Carlos Veras,PT,PE,Camara dos Deputados,CD,https://www.camara.leg.br/deputados/204426,Deputado Federal Carlos Veras - Portal da Câmara dos Deputados,Página do(a) Deputado(a) Carlos Veras na Câmara dos Deputados,https://www.camara.leg.br/internet/deputado/bandep/pagina_do_deputado/204426.jpg,camara,,"{""perfil_titulo"": ""Deputado Federal Carlos Veras - Portal da Câmara dos Deputados"", ""perfil_descricao"": ""Página do(a) Deputado(a) Carlos Veras na Câmara dos Deputados"", ""perfil_foto"": ""https://www.camara.leg.br/internet/deputado/bandep/pagina_do_deputado/204426.jpg""}"
Senador Carlos Viana,PSD,MG,Senado Federal,SF,https://www25.senado.leg.br/web/senadores/senador/-/perfil/5990,Senador Carlos Viana - Senado Federal,Página da atuação parlamentar do(a) Senador Carlos Viana,,senado,,"{""perfil_titulo"": ""Senador Carlos Viana - Senado Federal"", ""perfil_descricao"": ""Página da atuação parlamentar do(a) Senador Carlos Viana"", ""perfil_foto"": """", ""sf_legislatura"": ""56ª Legislatura,57ª Legislatura"", ""sf_uf"": ""MG"", ""sf_ano"": ""2019,2020,2021,2022,2023,2024,2025,2026,2027"", ""sf_senador"": ""Carlos Viana"", ""sf_comissao"": ""CAE,CDBL,CEDP,CI,CNMS,CPCMS,CRE,CSAN,CSP,CTFC,FPBSJA,FPE,FPELETROMOBILIDADE,FPINVESTEBRASIL,FPMA,FPMDFAV,FPMDM,FPRNE,Frenfer,GPARABIASAUDITA,GPCHINA,GPCHIPRE,GPISRAEL,GPMARROCOS,PAT,PTS"", ""sf_partido"": ""PSD"", ""nome_civil"": ""Carlos Alberto Dias Viana"", ""data_de_nascimento"": ""22/03/1963"", ""naturalidade"": ""Braunas (MG)"", ""gabinete"": ""Senado Federal Anexo 1 10º Pavimento"", ""telefones"": ""(61) 3303-3100 / 3116"", ""e_mail"": ""sen.carlosviana@senado.leg.br"", ""escritorio_de_apoio"": ""RUA ESPÍRITO SANTO, 1203. SALA 314 - EDIFÍCIO METRÓPOLIS. CENTRO, BELO HORIZONTE, MG. CEP:30160033""}"
Deputado Carlos Zarattini,PT,SP,Camara dos Deputados,CD,https://www.camara.leg.br/deputados/141398,Deputado Federal Carlos Zarattini - Portal da Câmara dos Deputados,Página do(a) Deputado(a) Carlos Zarattini na Câmara dos Deputados,https://www.camara.leg.br/internet/deputado/bandep/pagina_do_deputado/141398.jpg,camara,,"{""perfil_titulo"": ""Deputado Federal Carlos Zarattini - Portal da Câmara dos Deputados"", ""perfil_descricao"": ""Página do(a) Deputado(a) Carlos Zarattini na Câmara dos Deputados"", ""perfil_foto"": ""https://www.camara.leg.br/internet/deputado/bandep/pagina_do_deputado/141398.jpg""}"
Deputada Carol Dartora,PT,PR,Camara dos Deputados,CD,https://www.camara.leg.br/deputados/220704,Deputada Federal Carol Dartora - Portal da Câmara dos Deputados,Página do(a) Deputado(a) Carol Dartora na Câmara dos Deputados,https://www.camara.leg.br/internet/deputado/bandep/pagina_do_deputado/220704.jpg,camara,,"{""perfil_titulo"": ""Deputada Federal Carol Dartora - Portal da Câmara dos Deputados"", ""perfil_descricao"": ""Página do(a) Deputado(a) Carol Dartora na Câmara dos Deputados"", ""perfil_foto"": ""https://www.camara.leg.br/internet/deputado/bandep/pagina_do_deputado/220704.jpg""}"
Deputada Caroline De Toni,PL,SC,Camara dos Deputados,CD,https://www.camara.leg.br/deputados/204369,Deputada Federal Caroline de Toni - Portal da Câmara dos Deputados,Página do(a) Deputado(a) Caroline de Toni na Câmara dos Deputados,https://www.camara.leg.br/internet/deputado/bandep/pagina_do_deputado/204369.jpg,camara,,"{""perfil_titulo"": ""Deputada Federal Caroline de Toni - Portal da Câmara dos Deputados"", ""perfil_descricao"": ""Página do(a) Deputado(a) Caroline de Toni na Câmara dos Deputados"", ""perfil_foto"": ""https://www.camara.leg.br/internet/deputado/bandep/pagina_do_deputado/204369.jpg""}"
Deputado Castro Neto,MDB,PI,Camara dos Deputados,CD,https://www.camara.leg.br/deputados/220699,Deputado Federal Castro Neto - Portal da Câmara dos Deputados,Página do(a) Deputado(a) Castro Neto na Câmara dos Deputados,https://www.camara.leg.br/internet/deputado/bandep/pagina_do_deputado/220699.jpg,camara,,"{""perfil_titulo"": ""Deputado Federal Castro Neto - Portal da Câmara dos Deputados"", ""perfil_descricao"": ""Página do(a) Deputado(a) Castro Neto na Câmara dos Deputados"", ""perfil_foto"": ""https://www.camara.leg.br/internet/deputado/bandep/pagina_do_deputado/220699.jpg""}"
Deputada Célia Xakriabá,PSOL,MG,Camara dos Deputados,CD,https://www.camara.leg.br/deputados/206018,Deputada Federal Célia Xakriabá - Portal da Câmara dos Deputados,Página do(a) Deputado(a) Célia Xakriabá na Câmara dos Deputados,https://www.camara.leg.br/internet/deputado/bandep/pagina_do_deputado/206018.jpg,camara,,"{""perfil_titulo"": ""Deputada Federal Célia Xakriabá - Portal da Câmara dos Deputados"", ""perfil_descricao"": ""Página do(a) Deputado(a) Célia Xakriabá na Câmara dos Deputados"", ""perfil_foto"": ""https://www.camara.leg.br/internet/deputado/bandep/pagina_do_deputado/206018.jpg""}"
Deputado Célio Silveira,MDB,GO,Camara dos Deputados,CD,https://www.camara.leg.br/deputados/178876,Deputado Federal Célio Silveira - Portal da Câmara dos Deputados,Página do(a) Deputado(a) Célio Silveira na Câmara dos Deputados,https://www.camara.leg.br/internet/deputado/bandep/pagina_do_deputado/178876.jpg,camara,,"{""perfil_titulo"": ""Deputado Federal Célio Silveira - Portal da Câmara dos Deputados"", ""perfil_descricao"": ""Página do(a) Deputado(a) Célio Silveira na Câmara dos Deputados"", ""perfil_foto"": ""https://www.camara.leg.br/internet/deputado/bandep/pagina_do_deputado/178876.jpg""}"
Deputado Célio Studart,PSD,CE,Camara dos Deputados,CD,https://www.camara.leg.br/deputados/204488,Deputado Federal Célio Studart - Portal da Câmara dos Deputados,Página do(a) Deputado(a) Célio Studart na Câmara dos Deputados,https://www.camara.leg.br/internet/deputado/bandep/pagina_do_deputado/204488.jpg,camara,,"{""perfil_titulo"": ""Deputado Federal Célio Studart - Portal da Câmara dos Deputados"", ""perfil_descricao"": ""Página do(a) Deputado(a) Célio Studart na Câmara dos Deputados"", ""perfil_foto"": ""https://www.camara.leg.br/internet/deputado/bandep/pagina_do_deputado/204488.jpg""}"
Deputado Celso Russomanno,REPUBLICANOS,SP,Camara dos Deputados,CD,https://www.camara.leg.br/deputados/73441,Deputado Federal Celso Russomanno - Portal da Câmara dos Deputados,Página do(a) Deputado(a) Celso Russomanno na Câmara dos Deputados,https://www.camara.leg.br/internet/deputado/bandep/pagina_do_deputado/73441.jpg,camara,,"{""perfil_titulo"": ""Deputado Federal Celso Russomanno - Portal da Câmara dos Deputados"", ""perfil_descricao"": ""Página do(a) Deputado(a) Celso Russomanno na Câmara dos Deputados"", ""perfil_foto"": ""https://www.camara.leg.br/internet/deputado/bandep/pagina_do_deputado/73441.jpg""}"
Deputado Celso Sabino,PDT,PA,Camara dos Deputados,CD,https://www.camara.leg.br/deputados/204496,Deputado Federal Celso Sabino - Portal da Câmara dos Deputados,Página do(a) Deputado(a) Celso Sabino na Câmara dos Deputados,https://www.camara.leg.br/internet/deputado/bandep/pagina_do_deputado/204496.jpg,camara,,"{""perfil_titulo"": ""Deputado Federal Celso Sabino - Portal da Câmara dos Deputados"", ""perfil_descricao"": ""Página do(a) Deputado(a) Celso Sabino na Câmara dos Deputados"", ""perfil_foto"": ""https://www.camara.leg.br/internet/deputado/bandep/pagina_do_deputado/204496.jpg""}"
Deputado Cezinha De Madureira,PL,SP,Camara dos Deputados,CD,https://www.camara.leg.br/deputados/204504,Deputado Federal Cezinha de Madureira - Portal da Câmara dos Deputados,Página do(a) Deputado(a) Cezinha de Madureira na Câmara dos Deputados,https://www.camara.leg.br/internet/deputado/bandep/pagina_do_deputado/204504.jpg,camara,,"{""perfil_titulo"": ""Deputado Federal Cezinha de Madureira - Portal da Câmara dos Deputados"", ""perfil_descricao"": ""Página do(a) Deputado(a) Cezinha de Madureira na Câmara dos Deputados"", ""perfil_foto"": ""https://www.camara.leg.br/internet/deputado/bandep/pagina_do_deputado/204504.jpg""}"
Deputado Charles Fernandes,PSD,BA,Camara dos Deputados,CD,https://www.camara.leg.br/deputados/205476,Deputado Federal Charles Fernandes - Portal da Câmara dos Deputados,Página do(a) Deputado(a) Charles Fernandes na Câmara dos Deputados,https://www.camara.leg.br/internet/deputado/bandep/pagina_do_deputado/205476.jpg,camara,,"{""perfil_titulo"": ""Deputado Federal Charles Fernandes - Portal da Câmara dos Deputados"", ""perfil_descricao"": ""Página do(a) Deputado(a) Charles Fernandes na Câmara dos Deputados"", ""perfil_foto"": ""https://www.camara.leg.br/internet/deputado/bandep/pagina_do_deputado/205476.jpg""}"
Deputado Chico Alencar,PSOL,RJ,Camara dos Deputados,CD,https://www.camara.leg.br/deputados/74171,Deputado Federal Chico Alencar - Portal da Câmara dos Deputados,Página do(a) Deputado(a) Chico Alencar na Câmara dos Deputados,https://www.camara.leg.br/internet/deputado/bandep/pagina_do_deputado/74171.jpg,camara,,"{""perfil_titulo"": ""Deputado Federal Chico Alencar - Portal da Câmara dos Deputados"", ""perfil_descricao"": ""Página do(a) Deputado(a) Chico Alencar na Câmara dos Deputados"", ""perfil_foto"": ""https://www.camara.leg.br/internet/deputado/bandep/pagina_do_deputado/74171.jpg""}"
Senador Chico Rodrigues,PSB,RR,Senado Federal,SF,https://www25.senado.leg.br/web/senadores/senador/-/perfil/470,Senador Chico Rodrigues - Senado Federal,Página da atuação parlamentar do(a) Senador Chico Rodrigues,,senado,,"{""perfil_titulo"": ""Senador Chico Rodrigues - Senado Federal"", ""perfil_descricao"": ""Página da atuação parlamentar do(a) Senador Chico Rodrigues"", ""perfil_foto"": """", ""sf_legislatura"": ""56ª Legislatura,57ª Legislatura"", ""sf_uf"": ""RR"", ""sf_ano"": ""2019,2020,2021,2022,2023,2024,2025,2026,2027"", ""sf_senador"": ""Chico Rodrigues"", ""sf_comissao"": ""CCT,CDR,CEsp,CI,CMO,CPCMS,CRA,CRE,CREDC,CSP,CTCIVIL,FPAMM,FPC,FPCIBERSEG,FPCULTURA,FPDEPMEB,FPDNB,FPELETROMOBILIDADE,FPEMBRAPA,FPEMSN,FPEpTec,FPINVESTEBRASIL,FPJOVEM,FPMA,FPMDPI,FPMPBAS,FPSTARTUPS,FPTRB,GPARABIASAUDITA,GPAZERBAIJÃO,GPBOLIVIA,GP-BRICS-SF,GPCAZAQUISTÃO,GPCHINA,GPCHIPRE,GPEUA,GPGUIANA,GPISRAEL,GPMARROCOS,GPOTCAM,GPPERU,GPRCOREIA,GPVENEZUELA"", ""sf_partido"": ""PSB"", ""nome_civil"": ""Francisco de Assis Rodrigues"", ""data_de_nascimento"": ""23/04/1951"", ""naturalidade"": ""Recife (PE)"", ""gabinete"": ""Senado Federal Edifício Principal 1º Pavimento"", ""telefones"": ""(61) 3303-2281"", ""e_mail"": ""sen.chicorodrigues@senado.leg.br"", ""escritorio_de_apoio"": ""AVENIDA SURUMU, 776. TEL. (95) 3623-7475. SÃO VICENTE, BOA VISTA, RR. CEP:69303-455""}"
Deputada Chris Tonietto,PL,RJ,Camara dos Deputados,CD,https://www.camara.leg.br/deputados/204462,Deputada Federal Chris Tonietto - Portal da Câmara dos Deputados,Página do(a) Deputado(a) Chris Tonietto na Câmara dos Deputados,https://www.camara.leg.br/internet/deputado/bandep/pagina_do_deputado/204462.jpg,camara,,"{""perfil_titulo"": ""Deputada Federal Chris Tonietto - Portal da Câmara dos Deputados"", ""perfil_descricao"": ""Página do(a) Deputado(a) Chris Tonietto na Câmara dos Deputados"", ""perfil_foto"": ""https://www.camara.leg.br/internet/deputado/bandep/pagina_do_deputado/204462.jpg""}"
Senador Cid Gomes,PSB,CE,Senado Federal,SF,https://www25.senado.leg.br/web/senadores/senador/-/perfil/5973,Senador Cid Gomes - Senado Federal,Página da atuação parlamentar do(a) Senador Cid Gomes,,senado,,"{""perfil_titulo"": ""Senador Cid Gomes - Senado Federal"", ""perfil_descricao"": ""Página da atuação parlamentar do(a) Senador Cid Gomes"", ""perfil_foto"": """", ""sf_legislatura"": ""56ª Legislatura,57ª Legislatura"", ""sf_uf"": ""CE"", ""sf_ano"": ""2019,2020,2021,2022,2023,2024,2025,2026,2027"", ""sf_senador"": ""Cid Gomes"", ""sf_comissao"": ""CAE,CCC,CCDD,CCJ,CCT,CDBL,CDH,CDR,CE,CI,CICCX,CMA,CMDG,CNMS,CRE,CSAN,CSDP,CTFC,DJEM,FPEpTec,FPJOVEM,FPMPBAS,FPRNE,GPMARROCOS,GTMTI,PAT"", ""sf_partido"": ""PSB"", ""nome_civil"": ""Cid Ferreira Gomes"", ""data_de_nascimento"": ""27/04/1963"", ""naturalidade"": ""Sobral (CE)"", ""gabinete"": ""Senado Federal Edifício Principal Ala Dinarte Mariz Gabinete 04"", ""telefones"": ""(61) 3303-6460 / 6399"", ""e_mail"": ""sen.cidgomes@senado.leg.br"", ""site_pessoal"": ""Site pessoal (página de responsabilidade do gabinete do senador)"", ""escritorio_de_apoio"": [""AVENIDA DOM JOSÉ TUPINAMBÁ DA FROTA, 445. SALA 2. SOBRAL, CE. CEP:62010-290"", ""AVENIDA DESEMBARGADOR MOREIRA, 1300. ED. BS DESIGN CORPORATE TOWERS, SALAS 317 E 319. ALDEOTA, FORTALEZA, CE. CEP:60170-002""]}"
Senador Ciro Nogueira,PP,PI,Senado Federal,SF,https://www25.senado.leg.br/web/senadores/senador/-/perfil/739,Senador Ciro Nogueira - Senado Federal,Página da atuação parlamentar do(a) Senador Ciro Nogueira,,senado,,"{""perfil_titulo"": ""Senador Ciro Nogueira - Senado Federal"", ""perfil_descricao"": ""Página da atuação parlamentar do(a) Senador Ciro Nogueira"", ""perfil_foto"": """", ""sf_legislatura"": ""54ª Legislatura,55ª Legislatura,56ª Legislatura,57ª Legislatura"", ""sf_uf"": ""PI"", ""sf_ano"": ""2016,2017,2018,2019,2020,2021,2022,2023,2024,2025,2026,2027,2011,2012,2013,2014,2015"", ""sf_senador"": ""Ciro Nogueira"", ""sf_comissao"": ""CAE,CCAI,CCJ,CEDP,FPEMSN,FPMATOPIBA,Frenfer,GPISRAEL,GPMARROCOS"", ""sf_partido"": ""PP"", ""nome_civil"": ""Ciro Nogueira Lima Filho"", ""data_de_nascimento"": ""21/11/1968"", ""naturalidade"": ""Teresina (PI)"", ""gabinete"": ""Senado Federal Anexo 1 3º Pavimento"", ""telefones"": ""(61) 3303-6187 / 6188 / 6183"", ""e_mail"": ""sen.cironogueira@senado.leg.br"", ""site_pessoal"": ""Site pessoal (página de responsabilidade do gabinete do senador)"", ""escritorio_de_apoio"": ""RUA ANTÔNIO TITO, 345. JÓQUEI, TERESINA, PI. CEP:64048290""}"
Deputada Clarissa Tércio,PP,PE,Camara dos Deputados,CD,https://www.camara.leg.br/deputados/220665,Deputada Federal Clarissa Tércio - Portal da Câmara dos Deputados,Página do(a) Deputado(a) Clarissa Tércio na Câmara dos Deputados,https://www.camara.leg.br/internet/deputado/bandep/pagina_do_deputado/220665.jpg,camara,,"{""perfil_titulo"": ""Deputada Federal Clarissa Tércio - Portal da Câmara dos Deputados"", ""perfil_descricao"": ""Página do(a) Deputado(a) Clarissa Tércio na Câmara dos Deputados"", ""perfil_foto"": ""https://www.camara.leg.br/internet/deputado/bandep/pagina_do_deputado/220665.jpg""}"
Deputado Claudio Cajado,PP,BA,Camara dos Deputados,CD,https://www.camara.leg.br/deputados/74537,Deputado Federal Claudio Cajado - Portal da Câmara dos Deputados,Página do(a) Deputado(a) Claudio Cajado na Câmara dos Deputados,https://www.camara.leg.br/internet/deputado/bandep/pagina_do_deputado/74537.jpg,camara,,"{""perfil_titulo"": ""Deputado Federal Claudio Cajado - Portal da Câmara dos Deputados"", ""perfil_descricao"": ""Página do(a) Deputado(a) Claudio Cajado na Câmara dos Deputados"", ""perfil_foto"": ""https://www.camara.leg.br/internet/deputado/bandep/pagina_do_deputado/74537.jpg""}"
Deputado Cleber Verde,MDB,MA,Camara dos Deputados,CD,https://www.camara.leg.br/deputados/141408,Deputado Federal Cleber Verde - Portal da Câmara dos Deputados,Página do(a) Deputado(a) Cleber Verde na Câmara dos Deputados,https://www.camara.leg.br/internet/deputado/bandep/pagina_do_deputado/141408.jpg,camara,,"{""perfil_titulo"": ""Deputado Federal Cleber Verde - Portal da Câmara dos Deputados"", ""perfil_descricao"": ""Página do(a) Deputado(a) Cleber Verde na Câmara dos Deputados"", ""perfil_foto"": ""https://www.camara.leg.br/internet/deputado/bandep/pagina_do_deputado/141408.jpg""}"
Senador Cleitinho,REPUBLICANOS,MG,Senado Federal,SF,https://www25.senado.leg.br/web/senadores/senador/-/perfil/6337,Senador Cleitinho - Senado Federal,Página da atuação parlamentar do(a) Senador Cleitinho,,senado,,"{""perfil_titulo"": ""Senador Cleitinho - Senado Federal"", ""perfil_descricao"": ""Página da atuação parlamentar do(a) Senador Cleitinho"", ""perfil_foto"": """", ""sf_legislatura"": ""58ª Legislatura,57ª Legislatura"", ""sf_uf"": ""MG"", ""sf_ano"": ""2023,2024,2025,2026,2027,2028,2029,2030,2031"", ""sf_senador"": ""Cleitinho"", ""sf_comissao"": ""CI,CTFC,FPAMM,FPBSJA,FPCIBERSEG,FPDPP,FPE,FPELETROMOBILIDADE,FPEMSN,FPEpTec,FPMF,FPMPBAS,FPRNE,Frenfer,GPBOLIVIA,GPRCOREIA"", ""sf_partido"": ""REPUBLICANOS"", ""nome_civil"": ""Cleiton Gontijo de Azevedo"", ""data_de_nascimento"": ""15/04/1982"", ""naturalidade"": ""Divinópolis (MG)"", ""gabinete"": ""Senado Federal Anexo 2 Ala Teotônio Vilela Gabinete 17"", ""telefones"": ""(61) 3303-3811"", ""e_mail"": ""sen.cleitinho@senado.leg.br""}"
Deputado Clodoaldo Magalhães,PV,PE,Camara dos Deputados,CD,https://www.camara.leg.br/deputados/88256,Deputado Federal Clodoaldo Magalhães - Portal da Câmara dos Deputados,Página do(a) Deputado(a) Clodoaldo Magalhães na Câmara dos Deputados,https://www.camara.leg.br/internet/deputado/bandep/pagina_do_deputado/88256.jpg,camara,,"{""perfil_titulo"": ""Deputado Federal Clodoaldo Magalhães - Portal da Câmara dos Deputados"", ""perfil_descricao"": ""Página do(a) Deputado(a) Clodoaldo Magalhães na Câmara dos Deputados"", ""perfil_foto"": ""https://www.camara.leg.br/internet/deputado/bandep/pagina_do_deputado/88256.jpg""}"
Deputado Cobalchini,MDB,SC,Camara dos Deputados,CD,https://www.camara.leg.br/deputados/98148,Deputado Federal Cobalchini - Portal da Câmara dos Deputados,Página do(a) Deputado(a) Cobalchini na Câmara dos Deputados,https://www.camara.leg.br/internet/deputado/bandep/pagina_do_deputado/98148.jpg,camara,,"{""perfil_titulo"": ""Deputado Federal Cobalchini - Portal da Câmara dos Deputados"", ""perfil_descricao"": ""Página do(a) Deputado(a) Cobalchini na Câmara dos Deputados"", ""perfil_foto"": ""https://www.camara.leg.br/internet/deputado/bandep/pagina_do_deputado/98148.jpg""}"
Senador Confúcio Moura,MDB,RO,Senado Federal,SF,https://www25.senado.leg.br/web/senadores/senador/-/perfil/475,Senador Confúcio Moura - Senado Federal,Página da atuação parlamentar do(a) Senador Confúcio Moura,,senado,,"{""perfil_titulo"": ""Senador Confúcio Moura - Senado Federal"", ""perfil_descricao"": ""Página da atuação parlamentar do(a) Senador Confúcio Moura"", ""perfil_foto"": """", ""sf_legislatura"": ""56ª Legislatura,57ª Legislatura"", ""sf_uf"": ""RO"", ""sf_ano"": ""2019,2020,2021,2022,2023,2024,2025,2026,2027"", ""sf_senador"": ""Confúcio Moura"", ""sf_comissao"": ""CCT,CE,CEsp,CI,CMA,CRA,FPJOVEM,GPARABIASAUDITA,GPGUIANA"", ""sf_partido"": ""MDB"", ""nome_civil"": ""Confúcio Aires Moura"", ""data_de_nascimento"": ""16/05/1948"", ""naturalidade"": ""Dianópolis (TO)"", ""gabinete"": ""Senado Federal Anexo 2 Ala Tancredo Neves Gabinete 56"", ""telefones"": ""(61) 3303-2470 / 2163"", ""e_mail"": ""sen.confuciomoura@senado.leg.br"", ""site_pessoal"": ""Site pessoal (página de responsabilidade do gabinete do senador)"", ""escritorio_de_apoio"": ""RUA BECO CORONEL CARLOS MADER, 163. CENTRO, PORTO VELHO, RO. CEP:76801-008""}"
Deputado Coronel Assis,PL,MT,Camara dos Deputados,CD,https://www.camara.leg.br/deputados/220594,Deputado Federal Coronel Assis - Portal da Câmara dos Deputados,Página do(a) Deputado(a) Coronel Assis na Câmara dos Deputados,https://www.camara.leg.br/internet/deputado/bandep/pagina_do_deputado/220594.jpg,camara,,"{""perfil_titulo"": ""Deputado Federal Coronel Assis - Portal da Câmara dos Deputados"", ""perfil_descricao"": ""Página do(a) Deputado(a) Coronel Assis na Câmara dos Deputados"", ""perfil_foto"": ""https://www.camara.leg.br/internet/deputado/bandep/pagina_do_deputado/220594.jpg""}"
Deputado Coronel Chrisóstomo,PL,RO,Camara dos Deputados,CD,https://www.camara.leg.br/deputados/204378,Deputado Federal Coronel Chrisóstomo - Portal da Câmara dos Deputados,Página do(a) Deputado(a) Coronel Chrisóstomo na Câmara dos Deputados,https://www.camara.leg.br/internet/deputado/bandep/pagina_do_deputado/204378.jpg,camara,,"{""perfil_titulo"": ""Deputado Federal Coronel Chrisóstomo - Portal da Câmara dos Deputados"", ""perfil_descricao"": ""Página do(a) Deputado(a) Coronel Chrisóstomo na Câmara dos Deputados"", ""perfil_foto"": ""https://www.camara.leg.br/internet/deputado/bandep/pagina_do_deputado/204378.jpg""}"
Deputada Coronel Fernanda,PL,MT,Camara dos Deputados,CD,https://www.camara.leg.br/deputados/220595,Deputada Federal Coronel Fernanda - Portal da Câmara dos Deputados,Página do(a) Deputado(a) Coronel Fernanda na Câmara dos Deputados,https://www.camara.leg.br/internet/deputado/bandep/pagina_do_deputado/220595.jpg,camara,,"{""perfil_titulo"": ""Deputada Federal Coronel Fernanda - Portal da Câmara dos Deputados"", ""perfil_descricao"": ""Página do(a) Deputado(a) Coronel Fernanda na Câmara dos Deputados"", ""perfil_foto"": ""https://www.camara.leg.br/internet/deputado/bandep/pagina_do_deputado/220595.jpg""}"
Deputado Coronel Meira,PL,PE,Camara dos Deputados,CD,https://www.camara.leg.br/deputados/220666,Deputado Federal Coronel Meira - Portal da Câmara dos Deputados,Página do(a) Deputado(a) Coronel Meira na Câmara dos Deputados,https://www.camara.leg.br/internet/deputado/bandep/pagina_do_deputado/220666.jpg,camara,,"{""perfil_titulo"": ""Deputado Federal Coronel Meira - Portal da Câmara dos Deputados"", ""perfil_descricao"": ""Página do(a) Deputado(a) Coronel Meira na Câmara dos Deputados"", ""perfil_foto"": ""https://www.camara.leg.br/internet/deputado/bandep/pagina_do_deputado/220666.jpg""}"
Deputado Coronel Ulysses,UNIÃO,AC,Camara dos Deputados,CD,https://www.camara.leg.br/deputados/220590,Deputado Federal Coronel Ulysses - Portal da Câmara dos Deputados,Página do(a) Deputado(a) Coronel Ulysses na Câmara dos Deputados,https://www.camara.leg.br/internet/deputado/bandep/pagina_do_deputado/220590.jpg,camara,,"{""perfil_titulo"": ""Deputado Federal Coronel Ulysses - Portal da Câmara dos Deputados"", ""perfil_descricao"": ""Página do(a) Deputado(a) Coronel Ulysses na Câmara dos Deputados"", ""perfil_foto"": ""https://www.camara.leg.br/internet/deputado/bandep/pagina_do_deputado/220590.jpg""}"
Deputado Covatti Filho,PP,RS,Camara dos Deputados,CD,https://www.camara.leg.br/deputados/178963,Deputado Federal Covatti Filho - Portal da Câmara dos Deputados,Página do(a) Deputado(a) Covatti Filho na Câmara dos Deputados,https://www.camara.leg.br/internet/deputado/bandep/pagina_do_deputado/178963.jpg,camara,,"{""perfil_titulo"": ""Deputado Federal Covatti Filho - Portal da Câmara dos Deputados"", ""perfil_descricao"": ""Página do(a) Deputado(a) Covatti Filho na Câmara dos Deputados"", ""perfil_foto"": ""https://www.camara.leg.br/internet/deputado/bandep/pagina_do_deputado/178963.jpg""}"
Deputada Cristiane Lopes,PODE,RO,Camara dos Deputados,CD,https://www.camara.leg.br/deputados/220608,Deputada Federal Cristiane Lopes - Portal da Câmara dos Deputados,Página do(a) Deputado(a) Cristiane Lopes na Câmara dos Deputados,https://www.camara.leg.br/internet/deputado/bandep/pagina_do_deputado/220608.jpg,camara,,"{""perfil_titulo"": ""Deputada Federal Cristiane Lopes - Portal da Câmara dos Deputados"", ""perfil_descricao"": ""Página do(a) Deputado(a) Cristiane Lopes na Câmara dos Deputados"", ""perfil_foto"": ""https://www.camara.leg.br/internet/deputado/bandep/pagina_do_deputado/220608.jpg""}"
Deputado Dagoberto Nogueira,PP,MS,Camara dos Deputados,CD,https://www.camara.leg.br/deputados/141411,Deputado Federal Dagoberto Nogueira - Portal da Câmara dos Deputados,Página do(a) Deputado(a) Dagoberto Nogueira na Câmara dos Deputados,https://www.camara.leg.br/internet/deputado/bandep/pagina_do_deputado/141411.jpg,camara,,"{""perfil_titulo"": ""Deputado Federal Dagoberto Nogueira - Portal da Câmara dos Deputados"", ""perfil_descricao"": ""Página do(a) Deputado(a) Dagoberto Nogueira na Câmara dos Deputados"", ""perfil_foto"": ""https://www.camara.leg.br/internet/deputado/bandep/pagina_do_deputado/141411.jpg""}"
Deputada Daiana Santos,PCdoB,RS,Camara dos Deputados,CD,https://www.camara.leg.br/deputados/220555,Deputada Federal Daiana Santos - Portal da Câmara dos Deputados,Página do(a) Deputado(a) Daiana Santos na Câmara dos Deputados,https://www.camara.leg.br/internet/deputado/bandep/pagina_do_deputado/220555.jpg,camara,,"{""perfil_titulo"": ""Deputada Federal Daiana Santos - Portal da Câmara dos Deputados"", ""perfil_descricao"": ""Página do(a) Deputado(a) Daiana Santos na Câmara dos Deputados"", ""perfil_foto"": ""https://www.camara.leg.br/internet/deputado/bandep/pagina_do_deputado/220555.jpg""}"
Deputado Dal Barreto,UNIÃO,BA,Camara dos Deputados,CD,https://www.camara.leg.br/deputados/220692,Deputado Federal Dal Barreto - Portal da Câmara dos Deputados,Página do(a) Deputado(a) Dal Barreto na Câmara dos Deputados,https://www.camara.leg.br/internet/deputado/bandep/pagina_do_deputado/220692.jpg,camara,,"{""perfil_titulo"": ""Deputado Federal Dal Barreto - Portal da Câmara dos Deputados"", ""perfil_descricao"": ""Página do(a) Deputado(a) Dal Barreto na Câmara dos Deputados"", ""perfil_foto"": ""https://www.camara.leg.br/internet/deputado/bandep/pagina_do_deputado/220692.jpg""}"
Senadora Damares Alves,REPUBLICANOS,DF,Senado Federal,SF,https://www25.senado.leg.br/web/senadores/senador/-/perfil/6335,Senadora Damares Alves - Senado Federal,Página da atuação parlamentar do(a) Senadora Damares Alves,,senado,,"{""perfil_titulo"": ""Senadora Damares Alves - Senado Federal"", ""perfil_descricao"": ""Página da atuação parlamentar do(a) Senadora Damares Alves"", ""perfil_foto"": """", ""sf_legislatura"": ""58ª Legislatura,57ª Legislatura"", ""sf_uf"": ""DF"", ""sf_ano"": ""2023,2024,2025,2026,2027,2028,2029,2030,2031"", ""sf_senador"": ""Damares Alves"", ""sf_comissao"": ""CAE,CAS,CCC,CCDD,CCT,CDBL,CDH,CDHYANOM,CE,CEDP,CICCX,CMCVM,CMDG,CSAN,CSDP,CSP,CTFC,FPAMM,FPBSJA,FPCIBERSEG,FPDNB,FPE,FPELETROMOBILIDADE,FPEMSN,FPEpTec,FPINVESTEBRASIL,FPJOVEM,FPMA,FPMDFAV,FPMDM,FPMDPI,FPMF,FPMPBAS,FPTRB,Frenfer,GPARABIASAUDITA,GPBAHREIN,GPCAZAQUISTÃO,GPCHINA,GPEUA,GPGUIANA,GPINDIA,GPISRAEL,GPJAPÃO,GPLÍBANO,GPOTCAM,GPRCOREIA,GPSUIÇA,GPUCRANIA,GPVENEZUELA,PAT,PTS"", ""sf_partido"": ""REPUBLICANOS"", ""nome_civil"": ""Damares Regina Alves"", ""data_de_nascimento"": ""11/03/1964"", ""naturalidade"": ""Paranaguá (PR)"", ""gabinete"": ""Senado Federal Anexo 2 Ala Teotônio Vilela Gabinete 04"", ""telefones"": ""(61) 3303-3265"", ""e_mail"": ""sen.damaresalves@senado.leg.br"", ""escritorio_de_apoio"": ""SETOR SBN QUADRA 2 BLOCO J. SALAS 1006 A 1011 - ED. ENGENHEIRO PAULO MAURÍCIO SAMPAIO. ASA NORTE, BRASÍLIA, DF. CEP:70040-905""}"
Deputado Damião Feliciano,UNIÃO,PB,Camara dos Deputados,CD,https://www.camara.leg.br/deputados/74467,Deputado Federal Damião Feliciano - Portal da Câmara dos Deputados,Página do(a) Deputado(a) Damião Feliciano na Câmara dos Deputados,https://www.camara.leg.br/internet/deputado/bandep/pagina_do_deputado/74467.jpg,camara,,"{""perfil_titulo"": ""Deputado Federal Damião Feliciano - Portal da Câmara dos Deputados"", ""perfil_descricao"": ""Página do(a) Deputado(a) Damião Feliciano na Câmara dos Deputados"", ""perfil_foto"": ""https://www.camara.leg.br/internet/deputado/bandep/pagina_do_deputado/74467.jpg""}"
Deputada Dandara,PT,MG,Camara dos Deputados,CD,https://www.camara.leg.br/deputados/220629,Deputada Federal Dandara - Portal da Câmara dos Deputados,Página do(a) Deputado(a) Dandara na Câmara dos Deputados,https://www.camara.leg.br/internet/deputado/bandep/pagina_do_deputado/220629.jpg,camara,,"{""perfil_titulo"": ""Deputada Federal Dandara - Portal da Câmara dos Deputados"", ""perfil_descricao"": ""Página do(a) Deputado(a) Dandara na Câmara dos Deputados"", ""perfil_foto"": ""https://www.camara.leg.br/internet/deputado/bandep/pagina_do_deputado/220629.jpg""}"
Deputada Dani Cunha,PL,RJ,Camara dos Deputados,CD,https://www.camara.leg.br/deputados/220603,Deputada Federal Dani Cunha - Portal da Câmara dos Deputados,Página do(a) Deputado(a) Dani Cunha na Câmara dos Deputados,https://www.camara.leg.br/internet/deputado/bandep/pagina_do_deputado/220603.jpg,camara,,"{""perfil_titulo"": ""Deputada Federal Dani Cunha - Portal da Câmara dos Deputados"", ""perfil_descricao"": ""Página do(a) Deputado(a) Dani Cunha na Câmara dos Deputados"", ""perfil_foto"": ""https://www.camara.leg.br/internet/deputado/bandep/pagina_do_deputado/220603.jpg""}"
Deputada Daniela Do Waguinho,REPUBLICANOS,RJ,Camara dos Deputados,CD,https://www.camara.leg.br/deputados/204459,Deputada Federal Daniela do Waguinho - Portal da Câmara dos Deputados,Página do(a) Deputado(a) Daniela do Waguinho na Câmara dos Deputados,https://www.camara.leg.br/internet/deputado/bandep/pagina_do_deputado/204459.jpg,camara,,"{""perfil_titulo"": ""Deputada Federal Daniela do Waguinho - Portal da Câmara dos Deputados"", ""perfil_descricao"": ""Página do(a) Deputado(a) Daniela do Waguinho na Câmara dos Deputados"", ""perfil_foto"": ""https://www.camara.leg.br/internet/deputado/bandep/pagina_do_deputado/204459.jpg""}"
Deputado Daniel Agrobom,PSD,GO,Camara dos Deputados,CD,https://www.camara.leg.br/deputados/220571,Deputado Federal Daniel Agrobom - Portal da Câmara dos Deputados,Página do(a) Deputado(a) Daniel Agrobom na Câmara dos Deputados,https://www.camara.leg.br/internet/deputado/bandep/pagina_do_deputado/220571.jpg,camara,,"{""perfil_titulo"": ""Deputado Federal Daniel Agrobom - Portal da Câmara dos Deputados"", ""perfil_descricao"": ""Página do(a) Deputado(a) Daniel Agrobom na Câmara dos Deputados"", ""perfil_foto"": ""https://www.camara.leg.br/internet/deputado/bandep/pagina_do_deputado/220571.jpg""}"
Deputado Daniel Almeida,PCdoB,BA,Camara dos Deputados,CD,https://www.camara.leg.br/deputados/74060,Deputado Federal Daniel Almeida - Portal da Câmara dos Deputados,Página do(a) Deputado(a) Daniel Almeida na Câmara dos Deputados,https://www.camara.leg.br/internet/deputado/bandep/pagina_do_deputado/74060.jpg,camara,,"{""perfil_titulo"": ""Deputado Federal Daniel Almeida - Portal da Câmara dos Deputados"", ""perfil_descricao"": ""Página do(a) Deputado(a) Daniel Almeida na Câmara dos Deputados"", ""perfil_foto"": ""https://www.camara.leg.br/internet/deputado/bandep/pagina_do_deputado/74060.jpg""}"
Deputada Daniela Reinehr,PL,SC,Camara dos Deputados,CD,https://www.camara.leg.br/deputados/220557,Deputada Federal Daniela Reinehr - Portal da Câmara dos Deputados,Página do(a) Deputado(a) Daniela Reinehr na Câmara dos Deputados,https://www.camara.leg.br/internet/deputado/bandep/pagina_do_deputado/220557.jpg,camara,,"{""perfil_titulo"": ""Deputada Federal Daniela Reinehr - Portal da Câmara dos Deputados"", ""perfil_descricao"": ""Página do(a) Deputado(a) Daniela Reinehr na Câmara dos Deputados"", ""perfil_foto"": ""https://www.camara.leg.br/internet/deputado/bandep/pagina_do_deputado/220557.jpg""}"
Deputado Daniel Barbosa,PP,AL,Camara dos Deputados,CD,https://www.camara.leg.br/deputados/220582,Deputado Federal Daniel Barbosa - Portal da Câmara dos Deputados,Página do(a) Deputado(a) Daniel Barbosa na Câmara dos Deputados,https://www.camara.leg.br/internet/deputado/bandep/pagina_do_deputado/220582.jpg,camara,,"{""perfil_titulo"": ""Deputado Federal Daniel Barbosa - Portal da Câmara dos Deputados"", ""perfil_descricao"": ""Página do(a) Deputado(a) Daniel Barbosa na Câmara dos Deputados"", ""perfil_foto"": ""https://www.camara.leg.br/internet/deputado/bandep/pagina_do_deputado/220582.jpg""}"
Deputado Daniel Freitas,PL,SC,Camara dos Deputados,CD,https://www.camara.leg.br/deputados/204367,Deputado Federal Daniel Freitas - Portal da Câmara dos Deputados,Página do(a) Deputado(a) Daniel Freitas na Câmara dos Deputados,https://www.camara.leg.br/internet/deputado/bandep/pagina_do_deputado/204367.jpg,camara,,"{""perfil_titulo"": ""Deputado Federal Daniel Freitas - Portal da Câmara dos Deputados"", ""perfil_descricao"": ""Página do(a) Deputado(a) Daniel Freitas na Câmara dos Deputados"", ""perfil_foto"": ""https://www.camara.leg.br/internet/deputado/bandep/pagina_do_deputado/204367.jpg""}"
Senadora Daniella Ribeiro,PP,PB,Senado Federal,SF,https://www25.senado.leg.br/web/senadores/senador/-/perfil/5998,Senadora Daniella Ribeiro - Senado Federal,Página da atuação parlamentar do(a) Senadora Daniella Ribeiro,,senado,,"{""perfil_titulo"": ""Senadora Daniella Ribeiro - Senado Federal"", ""perfil_descricao"": ""Página da atuação parlamentar do(a) Senadora Daniella Ribeiro"", ""perfil_foto"": """", ""sf_legislatura"": ""56ª Legislatura,57ª Legislatura"", ""sf_uf"": ""PB"", ""sf_ano"": ""2019,2020,2021,2022,2023,2024,2025,2026,2027"", ""sf_senador"": ""Daniella Ribeiro"", ""sf_comissao"": ""CAE,CAS,CCC,CCDD,CCT,CE,CMCVM,CNMS,FPJOVEM,PAT"", ""sf_partido"": ""PP"", ""nome_civil"": ""Daniella Velloso Borges Ribeiro"", ""data_de_nascimento"": ""26/03/1972"", ""naturalidade"": ""Campina Grande (PB)"", ""gabinete"": ""Senado Federal Anexo 2 Ala Teotônio Vilela Gabinete 13"", ""telefones"": ""(61) 3303-6788 / 6790"", ""e_mail"": ""sen.daniellaribeiro@senado.leg.br"", ""escritorio_de_apoio"": ""RUA BENJAMIN CONSTANT, 170. SALA 803. ESTAÇÃO VELHA, CAMPINA GRANDE, PB. CEP:58410-003""}"
Deputado Daniel Trzeciak,PSDB,RS,Camara dos Deputados,CD,https://www.camara.leg.br/deputados/204409,Deputado Federal Daniel Trzeciak - Portal da Câmara dos Deputados,Página do(a) Deputado(a) Daniel Trzeciak na Câmara dos Deputados,https://www.camara.leg.br/internet/deputado/bandep/pagina_do_deputado/204409.jpg,camara,,"{""perfil_titulo"": ""Deputado Federal Daniel Trzeciak - Portal da Câmara dos Deputados"", ""perfil_descricao"": ""Página do(a) Deputado(a) Daniel Trzeciak na Câmara dos Deputados"", ""perfil_foto"": ""https://www.camara.leg.br/internet/deputado/bandep/pagina_do_deputado/204409.jpg""}"
Deputado Danilo Forte,PP,CE,Camara dos Deputados,CD,https://www.camara.leg.br/deputados/62881,Deputado Federal Danilo Forte - Portal da Câmara dos Deputados,Página do(a) Deputado(a) Danilo Forte na Câmara dos Deputados,https://www.camara.leg.br/internet/deputado/bandep/pagina_do_deputado/62881.jpg,camara,,"{""perfil_titulo"": ""Deputado Federal Danilo Forte - Portal da Câmara dos Deputados"", ""perfil_descricao"": ""Página do(a) Deputado(a) Danilo Forte na Câmara dos Deputados"", ""perfil_foto"": ""https://www.camara.leg.br/internet/deputado/bandep/pagina_do_deputado/62881.jpg""}"
Deputado Danrlei De Deus Hinterholz,PSD,RS,Camara dos Deputados,CD,https://www.camara.leg.br/deputados/160552,Deputado Federal Danrlei de Deus Hinterholz - Portal da Câmara dos Deputados,Página do(a) Deputado(a) Danrlei de Deus Hinterholz na Câmara dos Deputados,https://www.camara.leg.br/internet/deputado/bandep/pagina_do_deputado/160552.jpg,camara,,"{""perfil_titulo"": ""Deputado Federal Danrlei de Deus Hinterholz - Portal da Câmara dos Deputados"", ""perfil_descricao"": ""Página do(a) Deputado(a) Danrlei de Deus Hinterholz na Câmara dos Deputados"", ""perfil_foto"": ""https://www.camara.leg.br/internet/deputado/bandep/pagina_do_deputado/160552.jpg""}"
Senador Davi Alcolumbre,UNIÃO,AP,Senado Federal,SF,https://www25.senado.leg.br/web/senadores/senador/-/perfil/3830,Senador Davi Alcolumbre - Senado Federal,Página da atuação parlamentar do(a) Senador Davi Alcolumbre,,senado,,"{""perfil_titulo"": ""Senador Davi Alcolumbre - Senado Federal"", ""perfil_descricao"": ""Página da atuação parlamentar do(a) Senador Davi Alcolumbre"", ""perfil_foto"": """", ""sf_legislatura"": ""55ª Legislatura,56ª Legislatura,58ª Legislatura,57ª Legislatura"", ""sf_uf"": ""AP"", ""sf_ano"": ""2016,2017,2018,2019,2020,2021,2022,2023,2024,2025,2026,2027,2028,2029,2030,2031,2015"", ""sf_senador"": ""Davi Alcolumbre"", ""sf_comissao"": ""CEDP,FPDPP,FPEpTec,FPJOVEM,FPMPBAS,FPRNE,GPARABIASAUDITA,GPISRAEL,GPVENEZUELA"", ""sf_partido"": ""UNIÃO"", ""nome_civil"": ""David Samuel Alcolumbre Tobelem"", ""data_de_nascimento"": ""19/06/1977"", ""naturalidade"": ""Macapá (AP)"", ""gabinete"": ""Senado Federal Anexo 2 Ala Affonso Arinos Gabinete 10"", ""telefones"": ""(61) 3303-6717 / 6720"", ""e_mail"": ""sen.davialcolumbre@senado.leg.br"", ""escritorio_de_apoio"": ""AVENIDA LUIZ CARLOS DE ARAÚJO MONTEIRO, 197. JARDIM EQUATORIAL, MACAPA, AP. CEP:68903-008""}"
Deputado David Soares,PODE,SP,Camara dos Deputados,CD,https://www.camara.leg.br/deputados/204511,Deputado Federal David Soares - Portal da Câmara dos Deputados,Página do(a) Deputado(a) David Soares na Câmara dos Deputados,https://www.camara.leg.br/internet/deputado/bandep/pagina_do_deputado/204511.jpg,camara,,"{""perfil_titulo"": ""Deputado Federal David Soares - Portal da Câmara dos Deputados"", ""perfil_descricao"": ""Página do(a) Deputado(a) David Soares na Câmara dos Deputados"", ""perfil_foto"": ""https://www.camara.leg.br/internet/deputado/bandep/pagina_do_deputado/204511.jpg""}"
Deputado Da Vitoria,PP,ES,Camara dos Deputados,CD,https://www.camara.leg.br/deputados/204355,Deputado Federal Da Vitoria - Portal da Câmara dos Deputados,Página do(a) Deputado(a) Da Vitoria na Câmara dos Deputados,https://www.camara.leg.br/internet/deputado/bandep/pagina_do_deputado/204355.jpg,camara,,"{""perfil_titulo"": ""Deputado Federal Da Vitoria - Portal da Câmara dos Deputados"", ""perfil_descricao"": ""Página do(a) Deputado(a) Da Vitoria na Câmara dos Deputados"", ""perfil_foto"": ""https://www.camara.leg.br/internet/deputado/bandep/pagina_do_deputado/204355.jpg""}"
Deputado Defensor Stélio Dener,UNIÃO,RR,Camara dos Deputados,CD,https://www.camara.leg.br/deputados/220539,Deputado Federal Defensor Stélio Dener - Portal da Câmara dos Deputados,Página do(a) Deputado(a) Defensor Stélio Dener na Câmara dos Deputados,https://www.camara.leg.br/internet/deputado/bandep/pagina_do_deputado/220539.jpg,camara,,"{""perfil_titulo"": ""Deputado Federal Defensor Stélio Dener - Portal da Câmara dos Deputados"", ""perfil_descricao"": ""Página do(a) Deputado(a) Defensor Stélio Dener na Câmara dos Deputados"", ""perfil_foto"": ""https://www.camara.leg.br/internet/deputado/bandep/pagina_do_deputado/220539.jpg""}"
Deputada Delegada Adriana Accorsi,PT,GO,Camara dos Deputados,CD,https://www.camara.leg.br/deputados/220565,Deputada Federal Delegada Adriana Accorsi - Portal da Câmara dos Deputados,Página do(a) Deputado(a) Delegada Adriana Accorsi na Câmara dos Deputados,https://www.camara.leg.br/internet/deputado/bandep/pagina_do_deputado/220565.jpg,camara,,"{""perfil_titulo"": ""Deputada Federal Delegada Adriana Accorsi - Portal da Câmara dos Deputados"", ""perfil_descricao"": ""Página do(a) Deputado(a) Delegada Adriana Accorsi na Câmara dos Deputados"", ""perfil_foto"": ""https://www.camara.leg.br/internet/deputado/bandep/pagina_do_deputado/220565.jpg""}"
Deputada Delegada Ione,PL,MG,Camara dos Deputados,CD,https://www.camara.leg.br/deputados/220625,Deputada Federal Delegada Ione - Portal da Câmara dos Deputados,Página do(a) Deputado(a) Delegada Ione na Câmara dos Deputados,https://www.camara.leg.br/internet/deputado/bandep/pagina_do_deputado/220625.jpg,camara,,"{""perfil_titulo"": ""Deputada Federal Delegada Ione - Portal da Câmara dos Deputados"", ""perfil_descricao"": ""Página do(a) Deputado(a) Delegada Ione na Câmara dos Deputados"", ""perfil_foto"": ""https://www.camara.leg.br/internet/deputado/bandep/pagina_do_deputado/220625.jpg""}"
Deputada Delegada Katarina,PSD,SE,Camara dos Deputados,CD,https://www.camara.leg.br/deputados/220561,Deputada Federal Delegada Katarina - Portal da Câmara dos Deputados,Página do(a) Deputado(a) Delegada Katarina na Câmara dos Deputados,https://www.camara.leg.br/internet/deputado/bandep/pagina_do_deputado/220561.jpg,camara,,"{""perfil_titulo"": ""Deputada Federal Delegada Katarina - Portal da Câmara dos Deputados"", ""perfil_descricao"": ""Página do(a) Deputado(a) Delegada Katarina na Câmara dos Deputados"", ""perfil_foto"": ""https://www.camara.leg.br/internet/deputado/bandep/pagina_do_deputado/220561.jpg""}"
Deputado Delegado Bruno Lima,PODE,SP,Camara dos Deputados,CD,https://www.camara.leg.br/deputados/220642,Deputado Federal Delegado Bruno Lima - Portal da Câmara dos Deputados,Página do(a) Deputado(a) Delegado Bruno Lima na Câmara dos Deputados,https://www.camara.leg.br/internet/deputado/bandep/pagina_do_deputado/220642.jpg,camara,,"{""perfil_titulo"": ""Deputado Federal Delegado Bruno Lima - Portal da Câmara dos Deputados"", ""perfil_descricao"": ""Página do(a) Deputado(a) Delegado Bruno Lima na Câmara dos Deputados"", ""perfil_foto"": ""https://www.camara.leg.br/internet/deputado/bandep/pagina_do_deputado/220642.jpg""}"
Deputado Delegado Caveira,PL,PA,Camara dos Deputados,CD,https://www.camara.leg.br/deputados/220673,Deputado Federal Delegado Caveira - Portal da Câmara dos Deputados,Página do(a) Deputado(a) Delegado Caveira na Câmara dos Deputados,https://www.camara.leg.br/internet/deputado/bandep/pagina_do_deputado/220673.jpg,camara,,"{""perfil_titulo"": ""Deputado Federal Delegado Caveira - Portal da Câmara dos Deputados"", ""perfil_descricao"": ""Página do(a) Deputado(a) Delegado Caveira na Câmara dos Deputados"", ""perfil_foto"": ""https://www.camara.leg.br/internet/deputado/bandep/pagina_do_deputado/220673.jpg""}"
Deputado Delegado Da Cunha,UNIÃO,SP,Camara dos Deputados,CD,https://www.camara.leg.br/deputados/220649,Deputado Federal Delegado da Cunha - Portal da Câmara dos Deputados,Página do(a) Deputado(a) Delegado da Cunha na Câmara dos Deputados,https://www.camara.leg.br/internet/deputado/bandep/pagina_do_deputado/220649.jpg,camara,,"{""perfil_titulo"": ""Deputado Federal Delegado da Cunha - Portal da Câmara dos Deputados"", ""perfil_descricao"": ""Página do(a) Deputado(a) Delegado da Cunha na Câmara dos Deputados"", ""perfil_foto"": ""https://www.camara.leg.br/internet/deputado/bandep/pagina_do_deputado/220649.jpg""}"
Deputado Delegado Éder Mauro,PL,PA,Camara dos Deputados,CD,https://www.camara.leg.br/deputados/178908,Deputado Federal Delegado Éder Mauro - Portal da Câmara dos Deputados,Página do(a) Deputado(a) Delegado Éder Mauro na Câmara dos Deputados,https://www.camara.leg.br/internet/deputado/bandep/pagina_do_deputado/178908.jpg,camara,,"{""perfil_titulo"": ""Deputado Federal Delegado Éder Mauro - Portal da Câmara dos Deputados"", ""perfil_descricao"": ""Página do(a) Deputado(a) Delegado Éder Mauro na Câmara dos Deputados"", ""perfil_foto"": ""https://www.camara.leg.br/internet/deputado/bandep/pagina_do_deputado/178908.jpg""}"
Deputado Delegado Fabio Costa,PP,AL,Camara dos Deputados,CD,https://www.camara.leg.br/deputados/220583,Deputado Federal Delegado Fabio Costa - Portal da Câmara dos Deputados,Página do(a) Deputado(a) Delegado Fabio Costa na Câmara dos Deputados,https://www.camara.leg.br/internet/deputado/bandep/pagina_do_deputado/220583.jpg,camara,,"{""perfil_titulo"": ""Deputado Federal Delegado Fabio Costa - Portal da Câmara dos Deputados"", ""perfil_descricao"": ""Página do(a) Deputado(a) Delegado Fabio Costa na Câmara dos Deputados"", ""perfil_foto"": ""https://www.camara.leg.br/internet/deputado/bandep/pagina_do_deputado/220583.jpg""}"
Deputado Delegado Marcelo Freitas,UNIÃO,MG,Camara dos Deputados,CD,https://www.camara.leg.br/deputados/204512,Deputado Federal Delegado Marcelo Freitas - Portal da Câmara dos Deputados,Página do(a) Deputado(a) Delegado Marcelo Freitas na Câmara dos Deputados,https://www.camara.leg.br/internet/deputado/bandep/pagina_do_deputado/204512.jpg,camara,,"{""perfil_titulo"": ""Deputado Federal Delegado Marcelo Freitas - Portal da Câmara dos Deputados"", ""perfil_descricao"": ""Página do(a) Deputado(a) Delegado Marcelo Freitas na Câmara dos Deputados"", ""perfil_foto"": ""https://www.camara.leg.br/internet/deputado/bandep/pagina_do_deputado/204512.jpg""}"
Deputado Delegado Matheus Laiola,UNIÃO,PR,Camara dos Deputados,CD,https://www.camara.leg.br/deputados/220701,Deputado Federal Delegado Matheus Laiola - Portal da Câmara dos Deputados,Página do(a) Deputado(a) Delegado Matheus Laiola na Câmara dos Deputados,https://www.camara.leg.br/internet/deputado/bandep/pagina_do_deputado/220701.jpg,camara,,"{""perfil_titulo"": ""Deputado Federal Delegado Matheus Laiola - Portal da Câmara dos Deputados"", ""perfil_descricao"": ""Página do(a) Deputado(a) Delegado Matheus Laiola na Câmara dos Deputados"", ""perfil_foto"": ""https://www.camara.leg.br/internet/deputado/bandep/pagina_do_deputado/220701.jpg""}"
Deputado Delegado Palumbo,PODE,SP,Camara dos Deputados,CD,https://www.camara.leg.br/deputados/220652,Deputado Federal Delegado Palumbo - Portal da Câmara dos Deputados,Página do(a) Deputado(a) Delegado Palumbo na Câmara dos Deputados,https://www.camara.leg.br/internet/deputado/bandep/pagina_do_deputado/220652.jpg,camara,,"{""perfil_titulo"": ""Deputado Federal Delegado Palumbo - Portal da Câmara dos Deputados"", ""perfil_descricao"": ""Página do(a) Deputado(a) Delegado Palumbo na Câmara dos Deputados"", ""perfil_foto"": ""https://www.camara.leg.br/internet/deputado/bandep/pagina_do_deputado/220652.jpg""}"
Deputado Delegado Paulo Bilynskyj,PL,SP,Camara dos Deputados,CD,https://www.camara.leg.br/deputados/220654,Deputado Federal Delegado Paulo Bilynskyj - Portal da Câmara dos Deputados,Página do(a) Deputado(a) Delegado Paulo Bilynskyj na Câmara dos Deputados,https://www.camara.leg.br/internet/deputado/bandep/pagina_do_deputado/220654.jpg,camara,,"{""perfil_titulo"": ""Deputado Federal Delegado Paulo Bilynskyj - Portal da Câmara dos Deputados"", ""perfil_descricao"": ""Página do(a) Deputado(a) Delegado Paulo Bilynskyj na Câmara dos Deputados"", ""perfil_foto"": ""https://www.camara.leg.br/internet/deputado/bandep/pagina_do_deputado/220654.jpg""}"
Deputada Denise Pessôa,PT,RS,Camara dos Deputados,CD,https://www.camara.leg.br/deputados/220553,Deputada Federal Denise Pessôa - Portal da Câmara dos Deputados,Página do(a) Deputado(a) Denise Pessôa na Câmara dos Deputados,https://www.camara.leg.br/internet/deputado/bandep/pagina_do_deputado/220553.jpg,camara,,"{""perfil_titulo"": ""Deputada Federal Denise Pessôa - Portal da Câmara dos Deputados"", ""perfil_descricao"": ""Página do(a) Deputado(a) Denise Pessôa na Câmara dos Deputados"", ""perfil_foto"": ""https://www.camara.leg.br/internet/deputado/bandep/pagina_do_deputado/220553.jpg""}"
Deputada Detinha,PL,MA,Camara dos Deputados,CD,https://www.camara.leg.br/deputados/220689,Deputada Federal Detinha - Portal da Câmara dos Deputados,Página do(a) Deputado(a) Detinha na Câmara dos Deputados,https://www.camara.leg.br/internet/deputado/bandep/pagina_do_deputado/220689.jpg,camara,,"{""perfil_titulo"": ""Deputada Federal Detinha - Portal da Câmara dos Deputados"", ""perfil_descricao"": ""Página do(a) Deputado(a) Detinha na Câmara dos Deputados"", ""perfil_foto"": ""https://www.camara.leg.br/internet/deputado/bandep/pagina_do_deputado/220689.jpg""}"
Deputado Diego Andrade,PSD,MG,Camara dos Deputados,CD,https://www.camara.leg.br/deputados/160588,Deputado Federal Diego Andrade - Portal da Câmara dos Deputados,Página do(a) Deputado(a) Diego Andrade na Câmara dos Deputados,https://www.camara.leg.br/internet/deputado/bandep/pagina_do_deputado/160588.jpg,camara,,"{""perfil_titulo"": ""Deputado Federal Diego Andrade - Portal da Câmara dos Deputados"", ""perfil_descricao"": ""Página do(a) Deputado(a) Diego Andrade na Câmara dos Deputados"", ""perfil_foto"": ""https://www.camara.leg.br/internet/deputado/bandep/pagina_do_deputado/160588.jpg""}"
Deputado Diego Coronel,REPUBLICANOS,BA,Camara dos Deputados,CD,https://www.camara.leg.br/deputados/220691,Deputado Federal Diego Coronel - Portal da Câmara dos Deputados,Página do(a) Deputado(a) Diego Coronel na Câmara dos Deputados,https://www.camara.leg.br/internet/deputado/bandep/pagina_do_deputado/220691.jpg,camara,,"{""perfil_titulo"": ""Deputado Federal Diego Coronel - Portal da Câmara dos Deputados"", ""perfil_descricao"": ""Página do(a) Deputado(a) Diego Coronel na Câmara dos Deputados"", ""perfil_foto"": ""https://www.camara.leg.br/internet/deputado/bandep/pagina_do_deputado/220691.jpg""}"
Deputado Diego Garcia,UNIÃO,PR,Camara dos Deputados,CD,https://www.camara.leg.br/deputados/178929,Deputado Federal Diego Garcia - Portal da Câmara dos Deputados,Página do(a) Deputado(a) Diego Garcia na Câmara dos Deputados,https://www.camara.leg.br/internet/deputado/bandep/pagina_do_deputado/178929.jpg,camara,,"{""perfil_titulo"": ""Deputado Federal Diego Garcia - Portal da Câmara dos Deputados"", ""perfil_descricao"": ""Página do(a) Deputado(a) Diego Garcia na Câmara dos Deputados"", ""perfil_foto"": ""https://www.camara.leg.br/internet/deputado/bandep/pagina_do_deputado/178929.jpg""}"
Deputado Dilceu Sperafico,PP,PR,Camara dos Deputados,CD,https://www.camara.leg.br/deputados/73768,Deputado Federal Dilceu Sperafico - Portal da Câmara dos Deputados,Página do(a) Deputado(a) Dilceu Sperafico na Câmara dos Deputados,https://www.camara.leg.br/internet/deputado/bandep/pagina_do_deputado/73768.jpg,camara,,"{""perfil_titulo"": ""Deputado Federal Dilceu Sperafico - Portal da Câmara dos Deputados"", ""perfil_descricao"": ""Página do(a) Deputado(a) Dilceu Sperafico na Câmara dos Deputados"", ""perfil_foto"": ""https://www.camara.leg.br/internet/deputado/bandep/pagina_do_deputado/73768.jpg""}"
Deputada Dilvanda Faro,PT,PA,Camara dos Deputados,CD,https://www.camara.leg.br/deputados/220671,Deputada Federal Dilvanda Faro - Portal da Câmara dos Deputados,Página do(a) Deputado(a) Dilvanda Faro na Câmara dos Deputados,https://www.camara.leg.br/internet/deputado/bandep/pagina_do_deputado/220671.jpg,camara,,"{""perfil_titulo"": ""Deputada Federal Dilvanda Faro - Portal da Câmara dos Deputados"", ""perfil_descricao"": ""Página do(a) Deputado(a) Dilvanda Faro na Câmara dos Deputados"", ""perfil_foto"": ""https://www.camara.leg.br/internet/deputado/bandep/pagina_do_deputado/220671.jpg""}"
Deputado Dimas Fabiano,PP,MG,Camara dos Deputados,CD,https://www.camara.leg.br/deputados/160599,Deputado Federal Dimas Fabiano - Portal da Câmara dos Deputados,Página do(a) Deputado(a) Dimas Fabiano na Câmara dos Deputados,https://www.camara.leg.br/internet/deputado/bandep/pagina_do_deputado/160599.jpg,camara,,"{""perfil_titulo"": ""Deputado Federal Dimas Fabiano - Portal da Câmara dos Deputados"", ""perfil_descricao"": ""Página do(a) Deputado(a) Dimas Fabiano na Câmara dos Deputados"", ""perfil_foto"": ""https://www.camara.leg.br/internet/deputado/bandep/pagina_do_deputado/160599.jpg""}"
Deputado Dimas Gadelha,PT,RJ,Camara dos Deputados,CD,https://www.camara.leg.br/deputados/220602,Deputado Federal Dimas Gadelha - Portal da Câmara dos Deputados,Página do(a) Deputado(a) Dimas Gadelha na Câmara dos Deputados,https://www.camara.leg.br/internet/deputado/bandep/pagina_do_deputado/220602.jpg,camara,,"{""perfil_titulo"": ""Deputado Federal Dimas Gadelha - Portal da Câmara dos Deputados"", ""perfil_descricao"": ""Página do(a) Deputado(a) Dimas Gadelha na Câmara dos Deputados"", ""perfil_foto"": ""https://www.camara.leg.br/internet/deputado/bandep/pagina_do_deputado/220602.jpg""}"
Deputado Domingos Neto,PSD,CE,Camara dos Deputados,CD,https://www.camara.leg.br/deputados/143632,Deputado Federal Domingos Neto - Portal da Câmara dos Deputados,Página do(a) Deputado(a) Domingos Neto na Câmara dos Deputados,https://www.camara.leg.br/internet/deputado/bandep/pagina_do_deputado/143632.jpg,camara,,"{""perfil_titulo"": ""Deputado Federal Domingos Neto - Portal da Câmara dos Deputados"", ""perfil_descricao"": ""Página do(a) Deputado(a) Domingos Neto na Câmara dos Deputados"", ""perfil_foto"": ""https://www.camara.leg.br/internet/deputado/bandep/pagina_do_deputado/143632.jpg""}"
Deputado Domingos Sávio,PL,MG,Camara dos Deputados,CD,https://www.camara.leg.br/deputados/160758,Deputado Federal Domingos Sávio - Portal da Câmara dos Deputados,Página do(a) Deputado(a) Domingos Sávio na Câmara dos Deputados,https://www.camara.leg.br/internet/deputado/bandep/pagina_do_deputado/160758.jpg,camara,,"{""perfil_titulo"": ""Deputado Federal Domingos Sávio - Portal da Câmara dos Deputados"", ""perfil_descricao"": ""Página do(a) Deputado(a) Domingos Sávio na Câmara dos Deputados"", ""perfil_foto"": ""https://www.camara.leg.br/internet/deputado/bandep/pagina_do_deputado/160758.jpg""}"
Deputado Dorinaldo Malafaia,PDT,AP,Camara dos Deputados,CD,https://www.camara.leg.br/deputados/220573,Deputado Federal Dorinaldo Malafaia - Portal da Câmara dos Deputados,Página do(a) Deputado(a) Dorinaldo Malafaia na Câmara dos Deputados,https://www.camara.leg.br/internet/deputado/bandep/pagina_do_deputado/220573.jpg,camara,,"{""perfil_titulo"": ""Deputado Federal Dorinaldo Malafaia - Portal da Câmara dos Deputados"", ""perfil_descricao"": ""Página do(a) Deputado(a) Dorinaldo Malafaia na Câmara dos Deputados"", ""perfil_foto"": ""https://www.camara.leg.br/internet/deputado/bandep/pagina_do_deputado/220573.jpg""}"
Deputado Doutor Luizinho,PP,RJ,Camara dos Deputados,CD,https://www.camara.leg.br/deputados/204450,Deputado Federal Doutor Luizinho - Portal da Câmara dos Deputados,Página do(a) Deputado(a) Doutor Luizinho na Câmara dos Deputados,https://www.camara.leg.br/internet/deputado/bandep/pagina_do_deputado/204450.jpg,camara,,"{""perfil_titulo"": ""Deputado Federal Doutor Luizinho - Portal da Câmara dos Deputados"", ""perfil_descricao"": ""Página do(a) Deputado(a) Doutor Luizinho na Câmara dos Deputados"", ""perfil_foto"": ""https://www.camara.leg.br/internet/deputado/bandep/pagina_do_deputado/204450.jpg""}"
Deputado Dr. Daniel Soranz,PSD,RJ,Camara dos Deputados,CD,https://www.camara.leg.br/deputados/220614,Deputado Federal Dr. Daniel Soranz - Portal da Câmara dos Deputados,Página do(a) Deputado(a) Dr. Daniel Soranz na Câmara dos Deputados,https://www.camara.leg.br/internet/deputado/bandep/pagina_do_deputado/220614.jpg,camara,,"{""perfil_titulo"": ""Deputado Federal Dr. Daniel Soranz - Portal da Câmara dos Deputados"", ""perfil_descricao"": ""Página do(a) Deputado(a) Dr. Daniel Soranz na Câmara dos Deputados"", ""perfil_foto"": ""https://www.camara.leg.br/internet/deputado/bandep/pagina_do_deputado/220614.jpg""}"
Deputado Dr. Fernando Máximo,PL,RO,Camara dos Deputados,CD,https://www.camara.leg.br/deputados/220610,Deputado Federal Dr. Fernando Máximo - Portal da Câmara dos Deputados,Página do(a) Deputado(a) Dr. Fernando Máximo na Câmara dos Deputados,https://www.camara.leg.br/internet/deputado/bandep/pagina_do_deputado/220610.jpg,camara,,"{""perfil_titulo"": ""Deputado Federal Dr. Fernando Máximo - Portal da Câmara dos Deputados"", ""perfil_descricao"": ""Página do(a) Deputado(a) Dr. Fernando Máximo na Câmara dos Deputados"", ""perfil_foto"": ""https://www.camara.leg.br/internet/deputado/bandep/pagina_do_deputado/220610.jpg""}"
Deputado Dr. Francisco,PT,PI,Camara dos Deputados,CD,https://www.camara.leg.br/deputados/220688,Deputado Federal Dr. Francisco - Portal da Câmara dos Deputados,Página do(a) Deputado(a) Dr. Francisco na Câmara dos Deputados,https://www.camara.leg.br/internet/deputado/bandep/pagina_do_deputado/220688.jpg,camara,,"{""perfil_titulo"": ""Deputado Federal Dr. Francisco - Portal da Câmara dos Deputados"", ""perfil_descricao"": ""Página do(a) Deputado(a) Dr. Francisco na Câmara dos Deputados"", ""perfil_foto"": ""https://www.camara.leg.br/internet/deputado/bandep/pagina_do_deputado/220688.jpg""}"
Deputado Dr. Frederico,PL,MG,Camara dos Deputados,CD,https://www.camara.leg.br/deputados/204518,Deputado Federal Dr. Frederico - Portal da Câmara dos Deputados,Página do(a) Deputado(a) Dr. Frederico na Câmara dos Deputados,https://www.camara.leg.br/internet/deputado/bandep/pagina_do_deputado/204518.jpg,camara,,"{""perfil_titulo"": ""Deputado Federal Dr. Frederico - Portal da Câmara dos Deputados"", ""perfil_descricao"": ""Página do(a) Deputado(a) Dr. Frederico na Câmara dos Deputados"", ""perfil_foto"": ""https://www.camara.leg.br/internet/deputado/bandep/pagina_do_deputado/204518.jpg""}"
Senador Dr. Hiran,PP,RR,Senado Federal,SF,https://www25.senado.leg.br/web/senadores/senador/-/perfil/5793,Senador Dr. Hiran - Senado Federal,Página da atuação parlamentar do(a) Senador Dr. Hiran,,senado,,"{""perfil_titulo"": ""Senador Dr. Hiran - Senado Federal"", ""perfil_descricao"": ""Página da atuação parlamentar do(a) Senador Dr. Hiran"", ""perfil_foto"": """", ""sf_legislatura"": ""58ª Legislatura,57ª Legislatura"", ""sf_uf"": ""RR"", ""sf_ano"": ""2023,2024,2025,2026,2027,2028,2029,2030,2031"", ""sf_senador"": ""Dr. Hiran"", ""sf_comissao"": ""CAS,CASRARAS,CCDD,CCJ,CCT,CDH,CDHYANOM,CDR,CE,CEDP,CICCX,CMO,CRE,CTFC,FPAMM,FPDNB,FPEMSN,FPEpTec,FPINVESTEBRASIL,FPMA,FPMPBAS,GPEUA,GPJAPÃO,GPMARROCOS,GPPARLATINO,GPVENEZUELA"", ""sf_partido"": ""PP"", ""nome_civil"": ""Hiran Manuel Gonçalves da Silva"", ""data_de_nascimento"": ""19/06/1957"", ""naturalidade"": ""Tefé (AM)"", ""gabinete"": ""Senado Federal Anexo 2 Ala Affonso Arinos Gabinete 06"", ""telefones"": ""(61) 3303-6251"", ""e_mail"": ""sen.drhiran@senado.leg.br"", ""escritorio_de_apoio"": ""AVENIDA SANTOS DUMONT, 2289. SÃO FRANCISCO, BOA VISTA, RR. CEP:69305-010""}"
Deputado Dr. Ismael Alexandrino,PSD,GO,Camara dos Deputados,CD,https://www.camara.leg.br/deputados/220570,Deputado Federal Dr. Ismael Alexandrino - Portal da Câmara dos Deputados,Página do(a) Deputado(a) Dr. Ismael Alexandrino na Câmara dos Deputados,https://www.camara.leg.br/internet/deputado/bandep/pagina_do_deputado/220570.jpg,camara,,"{""perfil_titulo"": ""Deputado Federal Dr. Ismael Alexandrino - Portal da Câmara dos Deputados"", ""perfil_descricao"": ""Página do(a) Deputado(a) Dr. Ismael Alexandrino na Câmara dos Deputados"", ""perfil_foto"": ""https://www.camara.leg.br/internet/deputado/bandep/pagina_do_deputado/220570.jpg""}"
Deputado Dr. Jaziel,PL,CE,Camara dos Deputados,CD,https://www.camara.leg.br/deputados/204481,Deputado Federal Dr. Jaziel - Portal da Câmara dos Deputados,Página do(a) Deputado(a) Dr. Jaziel na Câmara dos Deputados,https://www.camara.leg.br/internet/deputado/bandep/pagina_do_deputado/204481.jpg,camara,,"{""perfil_titulo"": ""Deputado Federal Dr. Jaziel - Portal da Câmara dos Deputados"", ""perfil_descricao"": ""Página do(a) Deputado(a) Dr. Jaziel na Câmara dos Deputados"", ""perfil_foto"": ""https://www.camara.leg.br/internet/deputado/bandep/pagina_do_deputado/204481.jpg""}"
Deputado Dr. Luiz Ovando,PP,MS,Camara dos Deputados,CD,https://www.camara.leg.br/deputados/204351,Deputado Federal Dr. Luiz Ovando - Portal da Câmara dos Deputados,Página do(a) Deputado(a) Dr. Luiz Ovando na Câmara dos Deputados,https://www.camara.leg.br/internet/deputado/bandep/pagina_do_deputado/204351.jpg,camara,,"{""perfil_titulo"": ""Deputado Federal Dr. Luiz Ovando - Portal da Câmara dos Deputados"", ""perfil_descricao"": ""Página do(a) Deputado(a) Dr. Luiz Ovando na Câmara dos Deputados"", ""perfil_foto"": ""https://www.camara.leg.br/internet/deputado/bandep/pagina_do_deputado/204351.jpg""}"
Deputado Dr. Victor Linhalis,PSB,ES,Camara dos Deputados,CD,https://www.camara.leg.br/deputados/220528,Deputado Federal Dr. Victor Linhalis - Portal da Câmara dos Deputados,Página do(a) Deputado(a) Dr. Victor Linhalis na Câmara dos Deputados,https://www.camara.leg.br/internet/deputado/bandep/pagina_do_deputado/220528.jpg,camara,,"{""perfil_titulo"": ""Deputado Federal Dr. Victor Linhalis - Portal da Câmara dos Deputados"", ""perfil_descricao"": ""Página do(a) Deputado(a) Dr. Victor Linhalis na Câmara dos Deputados"", ""perfil_foto"": ""https://www.camara.leg.br/internet/deputado/bandep/pagina_do_deputado/220528.jpg""}"
Deputado Dr. Zacharias Calil,MDB,GO,Camara dos Deputados,CD,https://www.camara.leg.br/deputados/204412,Deputado Federal Dr. Zacharias Calil - Portal da Câmara dos Deputados,Página do(a) Deputado(a) Dr. Zacharias Calil na Câmara dos Deputados,https://www.camara.leg.br/internet/deputado/bandep/pagina_do_deputado/204412.jpg,camara,,"{""perfil_titulo"": ""Deputado Federal Dr. Zacharias Calil - Portal da Câmara dos Deputados"", ""perfil_descricao"": ""Página do(a) Deputado(a) Dr. Zacharias Calil na Câmara dos Deputados"", ""perfil_foto"": ""https://www.camara.leg.br/internet/deputado/bandep/pagina_do_deputado/204412.jpg""}"
Deputada Dra. Alessandra Haber,PODE,PA,Camara dos Deputados,CD,https://www.camara.leg.br/deputados/220674,Deputada Federal Dra. Alessandra Haber - Portal da Câmara dos Deputados,Página do(a) Deputado(a) Dra. Alessandra Haber na Câmara dos Deputados,https://www.camara.leg.br/internet/deputado/bandep/pagina_do_deputado/220674.jpg,camara,,"{""perfil_titulo"": ""Deputada Federal Dra. Alessandra Haber - Portal da Câmara dos Deputados"", ""perfil_descricao"": ""Página do(a) Deputado(a) Dra. Alessandra Haber na Câmara dos Deputados"", ""perfil_foto"": ""https://www.camara.leg.br/internet/deputado/bandep/pagina_do_deputado/220674.jpg""}"
Senadora Dra. Eudócia,PSDB,AL,Senado Federal,SF,https://www25.senado.leg.br/web/senadores/senador/-/perfil/5906,Senadora Dra. Eudócia - Senado Federal,Página da atuação parlamentar do(a) Senadora Dra. Eudócia,,senado,,"{""perfil_titulo"": ""Senadora Dra. Eudócia - Senado Federal"", ""perfil_descricao"": ""Página da atuação parlamentar do(a) Senadora Dra. Eudócia"", ""perfil_foto"": """", ""sf_legislatura"": ""56ª Legislatura,57ª Legislatura"", ""sf_uf"": ""AL"", ""sf_ano"": ""2019,2020,2021,2022,2023,2024,2025,2026,2027"", ""sf_senador"": ""Dra. Eudócia"", ""sf_comissao"": ""CAE,CAS,CCC,CCDD,CCJ,CCT,CDBL,CE,CI,CNMS,CRE,CSAN,FPE,FPEMSN,GP-BRICS-SF"", ""sf_partido"": ""PSDB"", ""nome_civil"": ""Eudocia Maria Holanda de Araujo Caldas"", ""data_de_nascimento"": ""28/08/1964"", ""naturalidade"": ""Ibateguara (AL)"", ""gabinete"": ""Senado Federal Anexo 2 Ala Affonso Arinos Gabinete 07"", ""telefones"": ""(61) 3303-6083"", ""e_mail"": ""sen.draeudocia@senado.leg.br""}"
Deputado Dr Flávio,PL,RJ,Camara dos Deputados,CD,https://www.camara.leg.br/deputados/227991,Deputado Federal Dr Flávio - Portal da Câmara dos Deputados,Página do(a) Deputado(a) Dr Flávio na Câmara dos Deputados,https://www.camara.leg.br/internet/deputado/bandep/pagina_do_deputado/227991.jpg,camara,,"{""perfil_titulo"": ""Deputado Federal Dr Flávio - Portal da Câmara dos Deputados"", ""perfil_descricao"": ""Página do(a) Deputado(a) Dr Flávio na Câmara dos Deputados"", ""perfil_foto"": ""https://www.camara.leg.br/internet/deputado/bandep/pagina_do_deputado/227991.jpg""}"
Deputado Duarte Jr.,AVANTE,MA,Camara dos Deputados,CD,https://www.camara.leg.br/deputados/220686,Deputado Federal Duarte Jr. - Portal da Câmara dos Deputados,Página do(a) Deputado(a) Duarte Jr. na Câmara dos Deputados,https://www.camara.leg.br/internet/deputado/bandep/pagina_do_deputado/220686.jpg,camara,,"{""perfil_titulo"": ""Deputado Federal Duarte Jr. - Portal da Câmara dos Deputados"", ""perfil_descricao"": ""Página do(a) Deputado(a) Duarte Jr. na Câmara dos Deputados"", ""perfil_foto"": ""https://www.camara.leg.br/internet/deputado/bandep/pagina_do_deputado/220686.jpg""}"
Deputado Duda Ramos,PODE,RR,Camara dos Deputados,CD,https://www.camara.leg.br/deputados/220540,Deputado Federal Duda Ramos - Portal da Câmara dos Deputados,Página do(a) Deputado(a) Duda Ramos na Câmara dos Deputados,https://www.camara.leg.br/internet/deputado/bandep/pagina_do_deputado/220540.jpg,camara,,"{""perfil_titulo"": ""Deputado Federal Duda Ramos - Portal da Câmara dos Deputados"", ""perfil_descricao"": ""Página do(a) Deputado(a) Duda Ramos na Câmara dos Deputados"", ""perfil_foto"": ""https://www.camara.leg.br/internet/deputado/bandep/pagina_do_deputado/220540.jpg""}"
Deputada Duda Salabert,PSOL,MG,Camara dos Deputados,CD,https://www.camara.leg.br/deputados/220623,Deputada Federal Duda Salabert - Portal da Câmara dos Deputados,Página do(a) Deputado(a) Duda Salabert na Câmara dos Deputados,https://www.camara.leg.br/internet/deputado/bandep/pagina_do_deputado/220623.jpg,camara,,"{""perfil_titulo"": ""Deputada Federal Duda Salabert - Portal da Câmara dos Deputados"", ""perfil_descricao"": ""Página do(a) Deputado(a) Duda Salabert na Câmara dos Deputados"", ""perfil_foto"": ""https://www.camara.leg.br/internet/deputado/bandep/pagina_do_deputado/220623.jpg""}"
Deputado Eduardo Bismarck,PV,CE,Camara dos Deputados,CD,https://www.camara.leg.br/deputados/204541,Deputado Federal Eduardo Bismarck - Portal da Câmara dos Deputados,Página do(a) Deputado(a) Eduardo Bismarck na Câmara dos Deputados,https://www.camara.leg.br/internet/deputado/bandep/pagina_do_deputado/204541.jpg,camara,,"{""perfil_titulo"": ""Deputado Federal Eduardo Bismarck - Portal da Câmara dos Deputados"", ""perfil_descricao"": ""Página do(a) Deputado(a) Eduardo Bismarck na Câmara dos Deputados"", ""perfil_foto"": ""https://www.camara.leg.br/internet/deputado/bandep/pagina_do_deputado/204541.jpg""}"
Senador Eduardo Braga,MDB,AM,Senado Federal,SF,https://www25.senado.leg.br/web/senadores/senador/-/perfil/4994,Senador Eduardo Braga - Senado Federal,Página da atuação parlamentar do(a) Senador Eduardo Braga,,senado,,"{""perfil_titulo"": ""Senador Eduardo Braga - Senado Federal"", ""perfil_descricao"": ""Página da atuação parlamentar do(a) Senador Eduardo Braga"", ""perfil_foto"": """", ""sf_legislatura"": ""54ª Legislatura,55ª Legislatura,56ª Legislatura,57ª Legislatura"", ""sf_uf"": ""AM"", ""sf_ano"": ""2016,2017,2018,2019,2020,2021,2022,2023,2024,2025,2026,2027,2011,2012,2013,2014,2015"", ""sf_senador"": ""Eduardo Braga"", ""sf_comissao"": ""CAE,CAS,CCAI,CCJ,CDH,CDHYANOM,CDR,CE,CEDP,CI,CMDG,CMO,CNMS,CSDP,CSP,CTCIVIL,CTFC,DJEM,FPINVESTEBRASIL,FPMDM,FPRNE,GPARABIASAUDITA,GPAZERBAIJÃO,GP-BRICS-SF,GPOTCAM,GTMTI,PTS"", ""sf_partido"": ""MDB"", ""nome_civil"": ""Carlos Eduardo de Souza Braga"", ""data_de_nascimento"": ""06/12/1960"", ""naturalidade"": ""Belém (PA)"", ""gabinete"": ""Senado Federal Anexo 1 12º Pavimento"", ""telefones"": ""(61) 3303-6230"", ""e_mail"": ""sen.eduardobraga@senado.leg.br"", ""escritorio_de_apoio"": ""ALAMEDA PORTUGAL, 109. QUADRA 7. PONTA NEGRA, MANAUS, AM. CEP:69037-023""}"
Deputado Eduardo Da Fonte,PP,PE,Camara dos Deputados,CD,https://www.camara.leg.br/deputados/141421,Deputado Federal Eduardo da Fonte - Portal da Câmara dos Deputados,Página do(a) Deputado(a) Eduardo da Fonte na Câmara dos Deputados,https://www.camara.leg.br/internet/deputado/bandep/pagina_do_deputado/141421.jpg,camara,,"{""perfil_titulo"": ""Deputado Federal Eduardo da Fonte - Portal da Câmara dos Deputados"", ""perfil_descricao"": ""Página do(a) Deputado(a) Eduardo da Fonte na Câmara dos Deputados"", ""perfil_foto"": ""https://www.camara.leg.br/internet/deputado/bandep/pagina_do_deputado/141421.jpg""}"
Senador Eduardo Girão,NOVO,CE,Senado Federal,SF,https://www25.senado.leg.br/web/senadores/senador/-/perfil/5976,Senador Eduardo Girão - Senado Federal,Página da atuação parlamentar do(a) Senador Eduardo Girão,,senado,,"{""perfil_titulo"": ""Senador Eduardo Girão - Senado Federal"", ""perfil_descricao"": ""Página da atuação parlamentar do(a) Senador Eduardo Girão"", ""perfil_foto"": """", ""sf_legislatura"": ""56ª Legislatura,57ª Legislatura"", ""sf_uf"": ""CE"", ""sf_ano"": ""2019,2020,2021,2022,2023,2024,2025,2026,2027"", ""sf_senador"": ""Eduardo Girão"", ""sf_comissao"": ""CAE,CAS,CCC,CCDD,CCJ,CDBL,CDH,CDHYANOM,CEsp,CICCX,CMDG,CNMS,CPCMS,CSAN,CSDP,CTFC,DJEM,FPAMM,FPBSJA,FPC,FPCULTURA,FPDNB,FPDPP,FPE,FPEpTec,FPINVESTEBRASIL,FPMDFAV,FPMDM,FPPAZ,FPRNE,FPTRB,Frenfer,GPARABIASAUDITA,GPARGENTINA,GPEUA,GPINDIA,GPRCOREIA,GPUCRANIA,GPVENEZUELA,PAT,PTS"", ""sf_partido"": ""NOVO"", ""nome_civil"": ""Luis Eduardo Grangeiro Girão"", ""data_de_nascimento"": ""25/09/1972"", ""naturalidade"": ""Fortaleza (CE)"", ""gabinete"": ""Senado Federal Anexo 2 Ala Teotônio Vilela Gabinete 21"", ""telefones"": ""(61) 3303-6677 / 6678 / 6679"", ""e_mail"": ""sen.eduardogirao@senado.leg.br"", ""site_pessoal"": ""Site pessoal (página de responsabilidade do gabinete do senador)"", ""escritorio_de_apoio"": ""AVENIDA DESEMBARGADOR MOREIRA, 2120. SALA 1.306, DIONÍSIO TORRES. ALDEOTA, FORTALEZA, CE. CEP:60170-002""}"
Senador Eduardo Gomes,PL,TO,Senado Federal,SF,https://www25.senado.leg.br/web/senadores/senador/-/perfil/3777,Senador Eduardo Gomes - Senado Federal,Página da atuação parlamentar do(a) Senador Eduardo Gomes,,senado,,"{""perfil_titulo"": ""Senador Eduardo Gomes - Senado Federal"", ""perfil_descricao"": ""Página da atuação parlamentar do(a) Senador Eduardo Gomes"", ""perfil_foto"": """", ""sf_legislatura"": ""56ª Legislatura,57ª Legislatura"", ""sf_uf"": ""TO"", ""sf_ano"": ""2019,2020,2021,2022,2023,2024,2025,2026,2027"", ""sf_senador"": ""Eduardo Gomes"", ""sf_comissao"": ""CAE,CCDD,CCJ,CDR,CEsp,CMA,CMO,CTCIVIL,FPFARMA,FPJOVEM,FPMA,FPMATOPIBA,FPMDPI,GPARABIASAUDITA,GPCHINA"", ""sf_partido"": ""PL"", ""nome_civil"": ""Carlos Eduardo Torres Gomes"", ""data_de_nascimento"": ""28/04/1966"", ""naturalidade"": ""Estância (SE)"", ""gabinete"": ""Senado Federal Anexo 1 5º Pavimento"", ""telefones"": ""(61) 3303-6349 / 6352"", ""e_mail"": ""sen.eduardogomes@senado.leg.br"", ""escritorio_de_apoio"": [""QUADRA 208 NORTE. ALAMEDA 26, LOTE 06. PLANO DIRETOR NORTE, PALMAS, TO. CEP:77006-290"", ""RUA 1º DE JANEIRO, 1504. CENTRO, ARAGUAÍNA, TO. CEP:77803-140""]}"
Deputado Eduardo Velloso,SOLIDARIEDADE,AC,Camara dos Deputados,CD,https://www.camara.leg.br/deputados/220589,Deputado Federal Eduardo Velloso - Portal da Câmara dos Deputados,Página do(a) Deputado(a) Eduardo Velloso na Câmara dos Deputados,https://www.camara.leg.br/internet/deputado/bandep/pagina_do_deputado/220589.jpg,camara,,"{""perfil_titulo"": ""Deputado Federal Eduardo Velloso - Portal da Câmara dos Deputados"", ""perfil_descricao"": ""Página do(a) Deputado(a) Eduardo Velloso na Câmara dos Deputados"", ""perfil_foto"": ""https://www.camara.leg.br/internet/deputado/bandep/pagina_do_deputado/220589.jpg""}"
Senador Efraim Filho,PL,PB,Senado Federal,SF,https://www25.senado.leg.br/web/senadores/senador/-/perfil/4642,Senador Efraim Filho - Senado Federal,Página da atuação parlamentar do(a) Senador Efraim Filho,,senado,,"{""perfil_titulo"": ""Senador Efraim Filho - Senado Federal"", ""perfil_descricao"": ""Página da atuação parlamentar do(a) Senador Efraim Filho"", ""perfil_foto"": """", ""sf_legislatura"": ""58ª Legislatura,57ª Legislatura"", ""sf_uf"": ""PB"", ""sf_ano"": ""2023,2024,2025,2026,2027,2028,2029,2030,2031"", ""sf_senador"": ""Efraim Filho"", ""sf_comissao"": ""CAE,CAS,CCDD,CCJ,CCT,CDR,CEsp,CI,CMA,CMCVM,CPCMS,CRE,CSP,CTCIVIL,CTFC,FPAMM,FPDPP,FPELETROMOBILIDADE,FPEMSN,FPRNE,GP-BRICS-SF,GPEUA,GTMTI"", ""sf_partido"": ""PL"", ""nome_civil"": ""Efraim de Araújo Morais Filho"", ""data_de_nascimento"": ""18/03/1979"", ""naturalidade"": ""João Pessoa (PB)"", ""gabinete"": ""Senado Federal Anexo 2 Ala Teotônio Vilela Gabinete 01"", ""telefones"": ""(61) 3303-5934 / 5931"", ""e_mail"": ""sen.efraimfilho@senado.leg.br"", ""escritorio_de_apoio"": ""RUA DEPUTADO BARRETO SOBRINHO, 320. TAMBIÁ, JOÃO PESSOA, PB. CEP:58020680""}"
Deputada Elcione Barbalho,MDB,PA,Camara dos Deputados,CD,https://www.camara.leg.br/deputados/74075,Deputada Federal Elcione Barbalho - Portal da Câmara dos Deputados,Página do(a) Deputado(a) Elcione Barbalho na Câmara dos Deputados,https://www.camara.leg.br/internet/deputado/bandep/pagina_do_deputado/74075.jpg,camara,,"{""perfil_titulo"": ""Deputada Federal Elcione Barbalho - Portal da Câmara dos Deputados"", ""perfil_descricao"": ""Página do(a) Deputado(a) Elcione Barbalho na Câmara dos Deputados"", ""perfil_foto"": ""https://www.camara.leg.br/internet/deputado/bandep/pagina_do_deputado/74075.jpg""}"
Deputado Eli Borges,REPUBLICANOS,TO,Camara dos Deputados,CD,https://www.camara.leg.br/deputados/204364,Deputado Federal Eli Borges - Portal da Câmara dos Deputados,Página do(a) Deputado(a) Eli Borges na Câmara dos Deputados,https://www.camara.leg.br/internet/deputado/bandep/pagina_do_deputado/204364.jpg,camara,,"{""perfil_titulo"": ""Deputado Federal Eli Borges - Portal da Câmara dos Deputados"", ""perfil_descricao"": ""Página do(a) Deputado(a) Eli Borges na Câmara dos Deputados"", ""perfil_foto"": ""https://www.camara.leg.br/internet/deputado/bandep/pagina_do_deputado/204364.jpg""}"
Senadora Eliziane Gama,PSD,MA,Senado Federal,SF,https://www25.senado.leg.br/web/senadores/senador/-/perfil/5718,Senadora Eliziane Gama - Senado Federal,Página da atuação parlamentar do(a) Senadora Eliziane Gama,,senado,,"{""perfil_titulo"": ""Senadora Eliziane Gama - Senado Federal"", ""perfil_descricao"": ""Página da atuação parlamentar do(a) Senadora Eliziane Gama"", ""perfil_foto"": """", ""sf_legislatura"": ""56ª Legislatura,57ª Legislatura"", ""sf_uf"": ""MA"", ""sf_ano"": ""2019,2020,2021,2022,2023,2024,2025,2026,2027"", ""sf_senador"": ""Eliziane Gama"", ""sf_comissao"": ""CCJ,CDD,CDH,CDR,CMA,CMCVM,CMDG,CRA,FPBSJA,FPE,FPJOVEM,FPMA,FPMATOPIBA,FPRNE,GPEUA,GPINDIA,GPISRAEL,GPJAPÃO,GPOTCAM"", ""sf_partido"": ""PSD"", ""nome_civil"": ""Eliziane Pereira Gama Melo"", ""data_de_nascimento"": ""27/02/1977"", ""naturalidade"": ""Monção (MA)"", ""gabinete"": ""Senado Federal Anexo 2 Pavimento Térreo"", ""telefones"": ""(61) 3303-6741"", ""e_mail"": ""sen.elizianegama@senado.leg.br"", ""escritorio_de_apoio"": ""RUA AZULÕES, 1. QUADRA 2, SALAS 328 E 329. JARDIM RENASCENÇA, SÃO LUIS, MA. CEP:65075-060""}"
Deputado Elmar Nascimento,UNIÃO,BA,Camara dos Deputados,CD,https://www.camara.leg.br/deputados/178854,Deputado Federal Elmar Nascimento - Portal da Câmara dos Deputados,Página do(a) Deputado(a) Elmar Nascimento na Câmara dos Deputados,https://www.camara.leg.br/internet/deputado/bandep/pagina_do_deputado/178854.jpg,camara,,"{""perfil_titulo"": ""Deputado Federal Elmar Nascimento - Portal da Câmara dos Deputados"", ""perfil_descricao"": ""Página do(a) Deputado(a) Elmar Nascimento na Câmara dos Deputados"", ""perfil_foto"": ""https://www.camara.leg.br/internet/deputado/bandep/pagina_do_deputado/178854.jpg""}"
Deputado Emanuel Pinheiro Neto,PSD,MT,Camara dos Deputados,CD,https://www.camara.leg.br/deputados/198783,Deputado Federal Emanuel Pinheiro Neto - Portal da Câmara dos Deputados,Página do(a) Deputado(a) Emanuel Pinheiro Neto na Câmara dos Deputados,https://www.camara.leg.br/internet/deputado/bandep/pagina_do_deputado/198783.jpg,camara,,"{""perfil_titulo"": ""Deputado Federal Emanuel Pinheiro Neto - Portal da Câmara dos Deputados"", ""perfil_descricao"": ""Página do(a) Deputado(a) Emanuel Pinheiro Neto na Câmara dos Deputados"", ""perfil_foto"": ""https://www.camara.leg.br/internet/deputado/bandep/pagina_do_deputado/198783.jpg""}"
Deputado Emidinho Madeira,PL,MG,Camara dos Deputados,CD,https://www.camara.leg.br/deputados/161550,Deputado Federal Emidinho Madeira - Portal da Câmara dos Deputados,Página do(a) Deputado(a) Emidinho Madeira na Câmara dos Deputados,https://www.camara.leg.br/internet/deputado/bandep/pagina_do_deputado/161550.jpg,camara,,"{""perfil_titulo"": ""Deputado Federal Emidinho Madeira - Portal da Câmara dos Deputados"", ""perfil_descricao"": ""Página do(a) Deputado(a) Emidinho Madeira na Câmara dos Deputados"", ""perfil_foto"": ""https://www.camara.leg.br/internet/deputado/bandep/pagina_do_deputado/161550.jpg""}"
Deputada Enfermeira Rejane,PCdoB,RJ,Camara dos Deputados,CD,https://www.camara.leg.br/deputados/230765,Deputada Federal Enfermeira Rejane - Portal da Câmara dos Deputados,Página do(a) Deputado(a) Enfermeira Rejane na Câmara dos Deputados,https://www.camara.leg.br/internet/deputado/bandep/pagina_do_deputado/230765.jpg,camara,,"{""perfil_titulo"": ""Deputada Federal Enfermeira Rejane - Portal da Câmara dos Deputados"", ""perfil_descricao"": ""Página do(a) Deputado(a) Enfermeira Rejane na Câmara dos Deputados"", ""perfil_foto"": ""https://www.camara.leg.br/internet/deputado/bandep/pagina_do_deputado/230765.jpg""}"
Deputado Eriberto Medeiros,PSB,PE,Camara dos Deputados,CD,https://www.camara.leg.br/deputados/220663,Deputado Federal Eriberto Medeiros - Portal da Câmara dos Deputados,Página do(a) Deputado(a) Eriberto Medeiros na Câmara dos Deputados,https://www.camara.leg.br/internet/deputado/bandep/pagina_do_deputado/220663.jpg,camara,,"{""perfil_titulo"": ""Deputado Federal Eriberto Medeiros - Portal da Câmara dos Deputados"", ""perfil_descricao"": ""Página do(a) Deputado(a) Eriberto Medeiros na Câmara dos Deputados"", ""perfil_foto"": ""https://www.camara.leg.br/internet/deputado/bandep/pagina_do_deputado/220663.jpg""}"
Deputada Erika Hilton,PSOL,SP,Camara dos Deputados,CD,https://www.camara.leg.br/deputados/220645,Deputada Federal Erika Hilton - Portal da Câmara dos Deputados,Página do(a) Deputado(a) Erika Hilton na Câmara dos Deputados,https://www.camara.leg.br/internet/deputado/bandep/pagina_do_deputado/220645.jpg,camara,,"{""perfil_titulo"": ""Deputada Federal Erika Hilton - Portal da Câmara dos Deputados"", ""perfil_descricao"": ""Página do(a) Deputado(a) Erika Hilton na Câmara dos Deputados"", ""perfil_foto"": ""https://www.camara.leg.br/internet/deputado/bandep/pagina_do_deputado/220645.jpg""}"
Deputada Erika Kokay,PT,DF,Camara dos Deputados,CD,https://www.camara.leg.br/deputados/160575,Deputada Federal Erika Kokay - Portal da Câmara dos Deputados,Página do(a) Deputado(a) Erika Kokay na Câmara dos Deputados,https://www.camara.leg.br/internet/deputado/bandep/pagina_do_deputado/160575.jpg,camara,,"{""perfil_titulo"": ""Deputada Federal Erika Kokay - Portal da Câmara dos Deputados"", ""perfil_descricao"": ""Página do(a) Deputado(a) Erika Kokay na Câmara dos Deputados"", ""perfil_foto"": ""https://www.camara.leg.br/internet/deputado/bandep/pagina_do_deputado/160575.jpg""}"
Deputado Eros Biondini,PL,MG,Camara dos Deputados,CD,https://www.camara.leg.br/deputados/160640,Deputado Federal Eros Biondini - Portal da Câmara dos Deputados,Página do(a) Deputado(a) Eros Biondini na Câmara dos Deputados,https://www.camara.leg.br/internet/deputado/bandep/pagina_do_deputado/160640.jpg,camara,,"{""perfil_titulo"": ""Deputado Federal Eros Biondini - Portal da Câmara dos Deputados"", ""perfil_descricao"": ""Página do(a) Deputado(a) Eros Biondini na Câmara dos Deputados"", ""perfil_foto"": ""https://www.camara.leg.br/internet/deputado/bandep/pagina_do_deputado/160640.jpg""}"
Senador Esperidião Amin,PP,SC,Senado Federal,SF,https://www25.senado.leg.br/web/senadores/senador/-/perfil/22,Senador Esperidião Amin - Senado Federal,Página da atuação parlamentar do(a) Senador Esperidião Amin,,senado,,"{""perfil_titulo"": ""Senador Esperidião Amin - Senado Federal"", ""perfil_descricao"": ""Página da atuação parlamentar do(a) Senador Esperidião Amin"", ""perfil_foto"": """", ""sf_legislatura"": ""49ª Legislatura,56ª Legislatura,57ª Legislatura,50ª Legislatura"", ""sf_uf"": ""SC"", ""sf_ano"": ""2019,2020,2021,2022,1991,2023,1992,2024,1993,2025,1994,2026,1995,2027,1996,1997,1998,1999"", ""sf_senador"": ""Esperidião Amin"", ""sf_comissao"": ""CAE,CAS,CCAI,CCDD,CCJ,CCT,CE,CEsp,CI,CRE,CREDC,CSDP,CSP,FPAMM,FPC,FPCIBERSEG,FPCULTURA,FPDPP,FPELETROMOBILIDADE,FPEMSN,FPEpTec,FPINVESTEBRASIL,FPJOVEM,FPMA,FPMDM,FPMPBAS,FPRNE,FPTRB,Frenfer,GPARABIASAUDITA,GPAZERBAIJÃO,GPBAHREIN,GP-BRICS-SF,GPCAZAQUISTÃO,GPCHINA,GPCHIPRE,GPEUA,GPGUIANA,GPINDIA,GPJAPÃO,GPLÍBANO,GPMARROCOS,GPOTCAM,GPPERU,GPRCOREIA,GPSUIÇA,GPUCRANIA,PTS"", ""sf_partido"": ""PP"", ""nome_civil"": ""Esperidião Amin Helou Filho"", ""data_de_nascimento"": ""21/12/1947"", ""naturalidade"": ""Florianópolis (SC)"", ""gabinete"": ""Senado Federal Anexo 2 Pavimento Térreo ALA NILO COELHO Gabinete 02"", ""telefones"": ""(61) 3303-6446 / 6447 / 6454"", ""e_mail"": ""sen.esperidiaoamin@senado.leg.br"", ""escritorio_de_apoio"": ""RUA ÁLVARO DE CARVALHO, 267. 10º ANDAR ED. MAPIL. CENTRO, FLORIANÓPOLIS, SC. CEP:88010-040""}"
Deputado Euclydes Pettersen,REPUBLICANOS,MG,Camara dos Deputados,CD,https://www.camara.leg.br/deputados/204482,Deputado Federal Euclydes Pettersen - Portal da Câmara dos Deputados,Página do(a) Deputado(a) Euclydes Pettersen na Câmara dos Deputados,https://www.camara.leg.br/internet/deputado/bandep/pagina_do_deputado/204482.jpg,camara,,"{""perfil_titulo"": ""Deputado Federal Euclydes Pettersen - Portal da Câmara dos Deputados"", ""perfil_descricao"": ""Página do(a) Deputado(a) Euclydes Pettersen na Câmara dos Deputados"", ""perfil_foto"": ""https://www.camara.leg.br/internet/deputado/bandep/pagina_do_deputado/204482.jpg""}"
Deputado Eunício Oliveira,MDB,CE,Camara dos Deputados,CD,https://www.camara.leg.br/deputados/74454,Deputado Federal Eunício Oliveira - Portal da Câmara dos Deputados,Página do(a) Deputado(a) Eunício Oliveira na Câmara dos Deputados,https://www.camara.leg.br/internet/deputado/bandep/pagina_do_deputado/74454.jpg,camara,,"{""perfil_titulo"": ""Deputado Federal Eunício Oliveira - Portal da Câmara dos Deputados"", ""perfil_descricao"": ""Página do(a) Deputado(a) Eunício Oliveira na Câmara dos Deputados"", ""perfil_foto"": ""https://www.camara.leg.br/internet/deputado/bandep/pagina_do_deputado/74454.jpg""}"
Deputado Evair Vieira De Melo,REPUBLICANOS,ES,Camara dos Deputados,CD,https://www.camara.leg.br/deputados/178871,Deputado Federal Evair Vieira de Melo - Portal da Câmara dos Deputados,Página do(a) Deputado(a) Evair Vieira de Melo na Câmara dos Deputados,https://www.camara.leg.br/internet/deputado/bandep/pagina_do_deputado/178871.jpg,camara,,"{""perfil_titulo"": ""Deputado Federal Evair Vieira de Melo - Portal da Câmara dos Deputados"", ""perfil_descricao"": ""Página do(a) Deputado(a) Evair Vieira de Melo na Câmara dos Deputados"", ""perfil_foto"": ""https://www.camara.leg.br/internet/deputado/bandep/pagina_do_deputado/178871.jpg""}"
Senador Fabiano Contarato,PT,ES,Senado Federal,SF,https://www25.senado.leg.br/web/senadores/senador/-/perfil/5953,Senador Fabiano Contarato - Senado Federal,Página da atuação parlamentar do(a) Senador Fabiano Contarato,,senado,,"{""perfil_titulo"": ""Senador Fabiano Contarato - Senado Federal"", ""perfil_descricao"": ""Página da atuação parlamentar do(a) Senador Fabiano Contarato"", ""perfil_foto"": """", ""sf_legislatura"": ""56ª Legislatura,57ª Legislatura"", ""sf_uf"": ""ES"", ""sf_ano"": ""2019,2020,2021,2022,2023,2024,2025,2026,2027"", ""sf_senador"": ""Fabiano Contarato"", ""sf_comissao"": ""CAS,CCDD,CCJ,CDD,CDH,CEDP,CI,CMA,CPCMS,CRE,CSP,CTCIVIL,FPEMSN,FPJOVEM,FPMA,FPMDM,FPRNE,GP-BRICS-SF,GPCHINA,GPEUA,GPJAPÃO,GPVENEZUELA,PAT,PTS"", ""sf_partido"": ""PT"", ""nome_civil"": ""Fabiano Contarato"", ""data_de_nascimento"": ""20/06/1966"", ""naturalidade"": ""Nova Venécia (ES)"", ""gabinete"": ""Senado Federal Anexo 1 13º Pavimento"", ""telefones"": ""(61) 3303-9054 / 6743"", ""e_mail"": ""sen.fabianocontarato@senado.leg.br"", ""escritorio_de_apoio"": ""RUA PROF. TELMO DE SOUZA TORRES, 255. SALAS 702 A 705 - ED. MARÍLIO QUEIROZ BUSINESS CENTER. PRAIA DA COSTA, VILA VELHA, ES. CEP:29101-295""}"
Deputado Fabio Garcia,UNIÃO,MT,Camara dos Deputados,CD,https://www.camara.leg.br/deputados/178905,Deputado Federal Fabio Garcia - Portal da Câmara dos Deputados,Página do(a) Deputado(a) Fabio Garcia na Câmara dos Deputados,https://www.camara.leg.br/internet/deputado/bandep/pagina_do_deputado/178905.jpg,camara,,"{""perfil_titulo"": ""Deputado Federal Fabio Garcia - Portal da Câmara dos Deputados"", ""perfil_descricao"": ""Página do(a) Deputado(a) Fabio Garcia na Câmara dos Deputados"", ""perfil_foto"": ""https://www.camara.leg.br/internet/deputado/bandep/pagina_do_deputado/178905.jpg""}"
Deputado Fábio Macedo,PODE,MA,Camara dos Deputados,CD,https://www.camara.leg.br/deputados/220681,Deputado Federal Fábio Macedo - Portal da Câmara dos Deputados,Página do(a) Deputado(a) Fábio Macedo na Câmara dos Deputados,https://www.camara.leg.br/internet/deputado/bandep/pagina_do_deputado/220681.jpg,camara,,"{""perfil_titulo"": ""Deputado Federal Fábio Macedo - Portal da Câmara dos Deputados"", ""perfil_descricao"": ""Página do(a) Deputado(a) Fábio Macedo na Câmara dos Deputados"", ""perfil_foto"": ""https://www.camara.leg.br/internet/deputado/bandep/pagina_do_deputado/220681.jpg""}"
Deputado Fabio Reis,PSD,SE,Camara dos Deputados,CD,https://www.camara.leg.br/deputados/171623,Deputado Federal Fabio Reis - Portal da Câmara dos Deputados,Página do(a) Deputado(a) Fabio Reis na Câmara dos Deputados,https://www.camara.leg.br/internet/deputado/bandep/pagina_do_deputado/171623.jpg,camara,,"{""perfil_titulo"": ""Deputado Federal Fabio Reis - Portal da Câmara dos Deputados"", ""perfil_descricao"": ""Página do(a) Deputado(a) Fabio Reis na Câmara dos Deputados"", ""perfil_foto"": ""https://www.camara.leg.br/internet/deputado/bandep/pagina_do_deputado/171623.jpg""}"
Deputado Fabio Schiochet,UNIÃO,SC,Camara dos Deputados,CD,https://www.camara.leg.br/deputados/204368,Deputado Federal Fabio Schiochet - Portal da Câmara dos Deputados,Página do(a) Deputado(a) Fabio Schiochet na Câmara dos Deputados,https://www.camara.leg.br/internet/deputado/bandep/pagina_do_deputado/204368.jpg,camara,,"{""perfil_titulo"": ""Deputado Federal Fabio Schiochet - Portal da Câmara dos Deputados"", ""perfil_descricao"": ""Página do(a) Deputado(a) Fabio Schiochet na Câmara dos Deputados"", ""perfil_foto"": ""https://www.camara.leg.br/internet/deputado/bandep/pagina_do_deputado/204368.jpg""}"
Deputado Fábio Teruel,MDB,SP,Camara dos Deputados,CD,https://www.camara.leg.br/deputados/220653,Deputado Federal Fábio Teruel - Portal da Câmara dos Deputados,Página do(a) Deputado(a) Fábio Teruel na Câmara dos Deputados,https://www.camara.leg.br/internet/deputado/bandep/pagina_do_deputado/220653.jpg,camara,,"{""perfil_titulo"": ""Deputado Federal Fábio Teruel - Portal da Câmara dos Deputados"", ""perfil_descricao"": ""Página do(a) Deputado(a) Fábio Teruel na Câmara dos Deputados"", ""perfil_foto"": ""https://www.camara.leg.br/internet/deputado/bandep/pagina_do_deputado/220653.jpg""}"
Deputado Fausto Jr.,UNIÃO,AM,Camara dos Deputados,CD,https://www.camara.leg.br/deputados/220712,Deputado Federal Fausto Jr. - Portal da Câmara dos Deputados,Página do(a) Deputado(a) Fausto Jr. na Câmara dos Deputados,https://www.camara.leg.br/internet/deputado/bandep/pagina_do_deputado/220712.jpg,camara,,"{""perfil_titulo"": ""Deputado Federal Fausto Jr. - Portal da Câmara dos Deputados"", ""perfil_descricao"": ""Página do(a) Deputado(a) Fausto Jr. na Câmara dos Deputados"", ""perfil_foto"": ""https://www.camara.leg.br/internet/deputado/bandep/pagina_do_deputado/220712.jpg""}"
Deputado Fausto Pinato,UNIÃO,SP,Camara dos Deputados,CD,https://www.camara.leg.br/deputados/66828,Deputado Federal Fausto Pinato - Portal da Câmara dos Deputados,Página do(a) Deputado(a) Fausto Pinato na Câmara dos Deputados,https://www.camara.leg.br/internet/deputado/bandep/pagina_do_deputado/66828.jpg,camara,,"{""perfil_titulo"": ""Deputado Federal Fausto Pinato - Portal da Câmara dos Deputados"", ""perfil_descricao"": ""Página do(a) Deputado(a) Fausto Pinato na Câmara dos Deputados"", ""perfil_foto"": ""https://www.camara.leg.br/internet/deputado/bandep/pagina_do_deputado/66828.jpg""}"
Deputado Felipe Becari,PODE,SP,Camara dos Deputados,CD,https://www.camara.leg.br/deputados/220646,Deputado Federal Felipe Becari - Portal da Câmara dos Deputados,Página do(a) Deputado(a) Felipe Becari na Câmara dos Deputados,https://www.camara.leg.br/internet/deputado/bandep/pagina_do_deputado/220646.jpg,camara,,"{""perfil_titulo"": ""Deputado Federal Felipe Becari - Portal da Câmara dos Deputados"", ""perfil_descricao"": ""Página do(a) Deputado(a) Felipe Becari na Câmara dos Deputados"", ""perfil_foto"": ""https://www.camara.leg.br/internet/deputado/bandep/pagina_do_deputado/220646.jpg""}"
Deputado Felipe Carreras,PSB,PE,Camara dos Deputados,CD,https://www.camara.leg.br/deputados/72442,Deputado Federal Felipe Carreras - Portal da Câmara dos Deputados,Página do(a) Deputado(a) Felipe Carreras na Câmara dos Deputados,https://www.camara.leg.br/internet/deputado/bandep/pagina_do_deputado/72442.jpg,camara,,"{""perfil_titulo"": ""Deputado Federal Felipe Carreras - Portal da Câmara dos Deputados"", ""perfil_descricao"": ""Página do(a) Deputado(a) Felipe Carreras na Câmara dos Deputados"", ""perfil_foto"": ""https://www.camara.leg.br/internet/deputado/bandep/pagina_do_deputado/72442.jpg""}"
Deputado Felipe Francischini,PODE,PR,Camara dos Deputados,CD,https://www.camara.leg.br/deputados/204398,Deputado Federal Felipe Francischini - Portal da Câmara dos Deputados,Página do(a) Deputado(a) Felipe Francischini na Câmara dos Deputados,https://www.camara.leg.br/internet/deputado/bandep/pagina_do_deputado/204398.jpg,camara,,"{""perfil_titulo"": ""Deputado Federal Felipe Francischini - Portal da Câmara dos Deputados"", ""perfil_descricao"": ""Página do(a) Deputado(a) Felipe Francischini na Câmara dos Deputados"", ""perfil_foto"": ""https://www.camara.leg.br/internet/deputado/bandep/pagina_do_deputado/204398.jpg""}"
Deputado Félix Mendonça Júnior,PDT,BA,Camara dos Deputados,CD,https://www.camara.leg.br/deputados/160666,Deputado Federal Félix Mendonça Júnior - Portal da Câmara dos Deputados,Página do(a) Deputado(a) Félix Mendonça Júnior na Câmara dos Deputados,https://www.camara.leg.br/internet/deputado/bandep/pagina_do_deputado/160666.jpg,camara,,"{""perfil_titulo"": ""Deputado Federal Félix Mendonça Júnior - Portal da Câmara dos Deputados"", ""perfil_descricao"": ""Página do(a) Deputado(a) Félix Mendonça Júnior na Câmara dos Deputados"", ""perfil_foto"": ""https://www.camara.leg.br/internet/deputado/bandep/pagina_do_deputado/160666.jpg""}"
Deputada Fernanda Melchionna,PSOL,RS,Camara dos Deputados,CD,https://www.camara.leg.br/deputados/204407,Deputada Federal Fernanda Melchionna - Portal da Câmara dos Deputados,Página do(a) Deputado(a) Fernanda Melchionna na Câmara dos Deputados,https://www.camara.leg.br/internet/deputado/bandep/pagina_do_deputado/204407.jpg,camara,,"{""perfil_titulo"": ""Deputada Federal Fernanda Melchionna - Portal da Câmara dos Deputados"", ""perfil_descricao"": ""Página do(a) Deputado(a) Fernanda Melchionna na Câmara dos Deputados"", ""perfil_foto"": ""https://www.camara.leg.br/internet/deputado/bandep/pagina_do_deputado/204407.jpg""}"
Deputada Fernanda Pessoa,PSD,CE,Camara dos Deputados,CD,https://www.camara.leg.br/deputados/220656,Deputada Federal Fernanda Pessoa - Portal da Câmara dos Deputados,Página do(a) Deputado(a) Fernanda Pessoa na Câmara dos Deputados,https://www.camara.leg.br/internet/deputado/bandep/pagina_do_deputado/220656.jpg,camara,,"{""perfil_titulo"": ""Deputada Federal Fernanda Pessoa - Portal da Câmara dos Deputados"", ""perfil_descricao"": ""Página do(a) Deputado(a) Fernanda Pessoa na Câmara dos Deputados"", ""perfil_foto"": ""https://www.camara.leg.br/internet/deputado/bandep/pagina_do_deputado/220656.jpg""}"
Deputado Fernando Coelho Filho,UNIÃO,PE,Camara dos Deputados,CD,https://www.camara.leg.br/deputados/141431,Deputado Federal Fernando Coelho Filho - Portal da Câmara dos Deputados,Página do(a) Deputado(a) Fernando Coelho Filho na Câmara dos Deputados,https://www.camara.leg.br/internet/deputado/bandep/pagina_do_deputado/141431.jpg,camara,,"{""perfil_titulo"": ""Deputado Federal Fernando Coelho Filho - Portal da Câmara dos Deputados"", ""perfil_descricao"": ""Página do(a) Deputado(a) Fernando Coelho Filho na Câmara dos Deputados"", ""perfil_foto"": ""https://www.camara.leg.br/internet/deputado/bandep/pagina_do_deputado/141431.jpg""}"
Senador Fernando Dueire,PSD,PE,Senado Federal,SF,https://www25.senado.leg.br/web/senadores/senador/-/perfil/5917,Senador Fernando Dueire - Senado Federal,Página da atuação parlamentar do(a) Senador Fernando Dueire,,senado,,"{""perfil_titulo"": ""Senador Fernando Dueire - Senado Federal"", ""perfil_descricao"": ""Página da atuação parlamentar do(a) Senador Fernando Dueire"", ""perfil_foto"": """", ""sf_legislatura"": ""56ª Legislatura,57ª Legislatura"", ""sf_uf"": ""PE"", ""sf_ano"": ""2019,2020,2021,2022,2023,2024,2025,2026,2027"", ""sf_senador"": ""Fernando Dueire"", ""sf_comissao"": ""CAE,CAS,CE,CI,CPCMS,CRE,CREDC,FPCIBERSEG,FPDNB,FPELETROMOBILIDADE,FPEMSN,FPEpTec,FPMPBAS,FPRNE"", ""sf_partido"": ""PSD"", ""nome_civil"": ""Fernando Antonio Caminha Dueire"", ""data_de_nascimento"": ""14/04/1959"", ""naturalidade"": ""Recife (PE)"", ""gabinete"": ""Senado Federal Anexo 1 4º Pavimento"", ""telefones"": ""(61) 3303-3522"", ""e_mail"": ""sen.fernandodueire@senado.leg.br"", ""escritorio_de_apoio"": ""RUA FREI MATIAS TEVES, 285. SALA 1005. ILHA DO LEITE, RECIFE, PE. CEP:50070-465""}"
Deputado Fernando Mineiro,PT,RN,Camara dos Deputados,CD,https://www.camara.leg.br/deputados/204445,Deputado Federal Fernando Mineiro - Portal da Câmara dos Deputados,Página do(a) Deputado(a) Fernando Mineiro na Câmara dos Deputados,https://www.camara.leg.br/internet/deputado/bandep/pagina_do_deputado/204445.jpg,camara,,"{""perfil_titulo"": ""Deputado Federal Fernando Mineiro - Portal da Câmara dos Deputados"", ""perfil_descricao"": ""Página do(a) Deputado(a) Fernando Mineiro na Câmara dos Deputados"", ""perfil_foto"": ""https://www.camara.leg.br/internet/deputado/bandep/pagina_do_deputado/204445.jpg""}"
Deputado Fernando Monteiro,PSD,PE,Camara dos Deputados,CD,https://www.camara.leg.br/deputados/92699,Deputado Federal Fernando Monteiro - Portal da Câmara dos Deputados,Página do(a) Deputado(a) Fernando Monteiro na Câmara dos Deputados,https://www.camara.leg.br/internet/deputado/bandep/pagina_do_deputado/92699.jpg,camara,,"{""perfil_titulo"": ""Deputado Federal Fernando Monteiro - Portal da Câmara dos Deputados"", ""perfil_descricao"": ""Página do(a) Deputado(a) Fernando Monteiro na Câmara dos Deputados"", ""perfil_foto"": ""https://www.camara.leg.br/internet/deputado/bandep/pagina_do_deputado/92699.jpg""}"
Deputado Fernando Rodolfo,PRD,PE,Camara dos Deputados,CD,https://www.camara.leg.br/deputados/204427,Deputado Federal Fernando Rodolfo - Portal da Câmara dos Deputados,Página do(a) Deputado(a) Fernando Rodolfo na Câmara dos Deputados,https://www.camara.leg.br/internet/deputado/bandep/pagina_do_deputado/204427.jpg,camara,,"{""perfil_titulo"": ""Deputado Federal Fernando Rodolfo - Portal da Câmara dos Deputados"", ""perfil_descricao"": ""Página do(a) Deputado(a) Fernando Rodolfo na Câmara dos Deputados"", ""perfil_foto"": ""https://www.camara.leg.br/internet/deputado/bandep/pagina_do_deputado/204427.jpg""}"
Deputado Filipe Barros,PL,PR,Camara dos Deputados,CD,https://www.camara.leg.br/deputados/204411,Deputado Federal Filipe Barros - Portal da Câmara dos Deputados,Página do(a) Deputado(a) Filipe Barros na Câmara dos Deputados,https://www.camara.leg.br/internet/deputado/bandep/pagina_do_deputado/204411.jpg,camara,,"{""perfil_titulo"": ""Deputado Federal Filipe Barros - Portal da Câmara dos Deputados"", ""perfil_descricao"": ""Página do(a) Deputado(a) Filipe Barros na Câmara dos Deputados"", ""perfil_foto"": ""https://www.camara.leg.br/internet/deputado/bandep/pagina_do_deputado/204411.jpg""}"
Deputado Filipe Martins,PL,TO,Camara dos Deputados,CD,https://www.camara.leg.br/deputados/220545,Deputado Federal Filipe Martins - Portal da Câmara dos Deputados,Página do(a) Deputado(a) Filipe Martins na Câmara dos Deputados,https://www.camara.leg.br/internet/deputado/bandep/pagina_do_deputado/220545.jpg,camara,,"{""perfil_titulo"": ""Deputado Federal Filipe Martins - Portal da Câmara dos Deputados"", ""perfil_descricao"": ""Página do(a) Deputado(a) Filipe Martins na Câmara dos Deputados"", ""perfil_foto"": ""https://www.camara.leg.br/internet/deputado/bandep/pagina_do_deputado/220545.jpg""}"
Deputada Flávia Morais,MDB,GO,Camara dos Deputados,CD,https://www.camara.leg.br/deputados/160598,Deputada Federal Flávia Morais - Portal da Câmara dos Deputados,Página do(a) Deputado(a) Flávia Morais na Câmara dos Deputados,https://www.camara.leg.br/internet/deputado/bandep/pagina_do_deputado/160598.jpg,camara,,"{""perfil_titulo"": ""Deputada Federal Flávia Morais - Portal da Câmara dos Deputados"", ""perfil_descricao"": ""Página do(a) Deputado(a) Flávia Morais na Câmara dos Deputados"", ""perfil_foto"": ""https://www.camara.leg.br/internet/deputado/bandep/pagina_do_deputado/160598.jpg""}"
Senador Flávio Arns,PSB,PR,Senado Federal,SF,https://www25.senado.leg.br/web/senadores/senador/-/perfil/345,Senador Flávio Arns - Senado Federal,Página da atuação parlamentar do(a) Senador Flávio Arns,,senado,,"{""perfil_titulo"": ""Senador Flávio Arns - Senado Federal"", ""perfil_descricao"": ""Página da atuação parlamentar do(a) Senador Flávio Arns"", ""perfil_foto"": """", ""sf_legislatura"": ""56ª Legislatura,53ª Legislatura,57ª Legislatura,52ª Legislatura"", ""sf_uf"": ""PR"", ""sf_ano"": ""2019,2020,2021,2022,2023,2024,2025,2026,2027,2003,2004,2005,2006,2007,2008,2009,2010,2011"", ""sf_senador"": ""Flávio Arns"", ""sf_comissao"": ""CAS,CCDD,CCT,CDH,CDHYANOM,CE,CRA,CTCIVIL,FPAMM,FPBSJA,FPC,FPCIBERSEG,FPCULTURA,FPDNB,FPELETROMOBILIDADE,FPEMBRAPA,FPEMSN,FPEpTec,FPINVESTEBRASIL,FPJOVEM,FPMA,FPMDM,FPMDPI,FPMPBAS,FPPAZ,FPSTARTUPS,FPTRB,GPARABIASAUDITA,GP-BRICS-SF,GPCAZAQUISTÃO,GPISRAEL,GPJAPÃO,GPLÍBANO,GPMARROCOS,GPRCOREIA,GPUCRANIA"", ""sf_partido"": ""PSB"", ""nome_civil"": ""Flávio José Arns"", ""data_de_nascimento"": ""09/11/1950"", ""naturalidade"": ""Curitiba (PR)"", ""gabinete"": ""Senado Federal Edifício Principal Ala Dinarte Mariz Gabinete 02"", ""telefones"": ""(61) 3303-6301"", ""e_mail"": ""sen.flavioarns@senado.leg.br"", ""site_pessoal"": ""Site pessoal (página de responsabilidade do gabinete do senador)"", ""escritorio_de_apoio"": ""RUA NUNES MACHADO, 1963. REBOUÇAS, CURITIBA, PR. CEP:80220-070""}"
Senador Flávio Bolsonaro,PL,RJ,Senado Federal,SF,https://www25.senado.leg.br/web/senadores/senador/-/perfil/5894,Senador Flávio Bolsonaro - Senado Federal,Página da atuação parlamentar do(a) Senador Flávio Bolsonaro,,senado,,"{""perfil_titulo"": ""Senador Flávio Bolsonaro - Senado Federal"", ""perfil_descricao"": ""Página da atuação parlamentar do(a) Senador Flávio Bolsonaro"", ""perfil_foto"": """", ""sf_legislatura"": ""56ª Legislatura,57ª Legislatura"", ""sf_uf"": ""RJ"", ""sf_ano"": ""2019,2020,2021,2022,2023,2024,2025,2026,2027"", ""sf_senador"": ""Flávio Bolsonaro"", ""sf_comissao"": ""CCJ,CDH,CDR,CSP,CTFC,FPAMM,FPCIBERSEG,FPDNB,FPDPP,FPE,FPELETROMOBILIDADE,FPEMSN,FPINVESTEBRASIL,FPJOVEM,FPMDFAV,FPMDPI,FPMPBAS,GPARABIASAUDITA,GPBAHREIN,GPEUA,GPGUIANA,GPINDIA,GPISRAEL,GPRCOREIA"", ""sf_partido"": ""PL"", ""nome_civil"": ""Flávio Nantes Bolsonaro"", ""data_de_nascimento"": ""30/04/1981"", ""naturalidade"": ""Rio de Janeiro (RJ)"", ""gabinete"": ""Senado Federal Anexo 1 17º Pavimento"", ""telefones"": ""(61) 3303-1717 / 1718"", ""e_mail"": ""sen.flaviobolsonaro@senado.leg.br"", ""escritorio_de_apoio"": ""AVENIDA AFONSO ARINOS DE MELO FRANCO, 222. - BLOCO 2A - SALA 308. BARRA DA TIJUCA, RIO DE JANEIRO, RJ. CEP:22631-455""}"
Deputado Flávio Nogueira,PT,PI,Camara dos Deputados,CD,https://www.camara.leg.br/deputados/191923,Deputado Federal Flávio Nogueira - Portal da Câmara dos Deputados,Página do(a) Deputado(a) Flávio Nogueira na Câmara dos Deputados,https://www.camara.leg.br/internet/deputado/bandep/pagina_do_deputado/191923.jpg,camara,,"{""perfil_titulo"": ""Deputado Federal Flávio Nogueira - Portal da Câmara dos Deputados"", ""perfil_descricao"": ""Página do(a) Deputado(a) Flávio Nogueira na Câmara dos Deputados"", ""perfil_foto"": ""https://www.camara.leg.br/internet/deputado/bandep/pagina_do_deputado/191923.jpg""}"
Deputado Florentino Neto,PT,PI,Camara dos Deputados,CD,https://www.camara.leg.br/deputados/220700,Deputado Federal Florentino Neto - Portal da Câmara dos Deputados,Página do(a) Deputado(a) Florentino Neto na Câmara dos Deputados,https://www.camara.leg.br/internet/deputado/bandep/pagina_do_deputado/220700.jpg,camara,,"{""perfil_titulo"": ""Deputado Federal Florentino Neto - Portal da Câmara dos Deputados"", ""perfil_descricao"": ""Página do(a) Deputado(a) Florentino Neto na Câmara dos Deputados"", ""perfil_foto"": ""https://www.camara.leg.br/internet/deputado/bandep/pagina_do_deputado/220700.jpg""}"
Deputada Franciane Bayer,REPUBLICANOS,RS,Camara dos Deputados,CD,https://www.camara.leg.br/deputados/220551,Deputada Federal Franciane Bayer - Portal da Câmara dos Deputados,Página do(a) Deputado(a) Franciane Bayer na Câmara dos Deputados,https://www.camara.leg.br/internet/deputado/bandep/pagina_do_deputado/220551.jpg,camara,,"{""perfil_titulo"": ""Deputada Federal Franciane Bayer - Portal da Câmara dos Deputados"", ""perfil_descricao"": ""Página do(a) Deputado(a) Franciane Bayer na Câmara dos Deputados"", ""perfil_foto"": ""https://www.camara.leg.br/internet/deputado/bandep/pagina_do_deputado/220551.jpg""}"
Deputado Fred Costa,PRD,MG,Camara dos Deputados,CD,https://www.camara.leg.br/deputados/204494,Deputado Federal Fred Costa - Portal da Câmara dos Deputados,Página do(a) Deputado(a) Fred Costa na Câmara dos Deputados,https://www.camara.leg.br/internet/deputado/bandep/pagina_do_deputado/204494.jpg,camara,,"{""perfil_titulo"": ""Deputado Federal Fred Costa - Portal da Câmara dos Deputados"", ""perfil_descricao"": ""Página do(a) Deputado(a) Fred Costa na Câmara dos Deputados"", ""perfil_foto"": ""https://www.camara.leg.br/internet/deputado/bandep/pagina_do_deputado/204494.jpg""}"
Deputado Fred Linhares,REPUBLICANOS,DF,Camara dos Deputados,CD,https://www.camara.leg.br/deputados/220534,Deputado Federal Fred Linhares - Portal da Câmara dos Deputados,Página do(a) Deputado(a) Fred Linhares na Câmara dos Deputados,https://www.camara.leg.br/internet/deputado/bandep/pagina_do_deputado/220534.jpg,camara,,"{""perfil_titulo"": ""Deputado Federal Fred Linhares - Portal da Câmara dos Deputados"", ""perfil_descricao"": ""Página do(a) Deputado(a) Fred Linhares na Câmara dos Deputados"", ""perfil_foto"": ""https://www.camara.leg.br/internet/deputado/bandep/pagina_do_deputado/220534.jpg""}"
Deputado Gabriel Mota,UNIÃO,RR,Camara dos Deputados,CD,https://www.camara.leg.br/deputados/224117,Deputado Federal Gabriel Mota - Portal da Câmara dos Deputados,Página do(a) Deputado(a) Gabriel Mota na Câmara dos Deputados,https://www.camara.leg.br/internet/deputado/bandep/pagina_do_deputado/224117.jpg,camara,,"{""perfil_titulo"": ""Deputado Federal Gabriel Mota - Portal da Câmara dos Deputados"", ""perfil_descricao"": ""Página do(a) Deputado(a) Gabriel Mota na Câmara dos Deputados"", ""perfil_foto"": ""https://www.camara.leg.br/internet/deputado/bandep/pagina_do_deputado/224117.jpg""}"
Deputado Gabriel Nunes,PSD,BA,Camara dos Deputados,CD,https://www.camara.leg.br/deputados/220708,Deputado Federal Gabriel Nunes - Portal da Câmara dos Deputados,Página do(a) Deputado(a) Gabriel Nunes na Câmara dos Deputados,https://www.camara.leg.br/internet/deputado/bandep/pagina_do_deputado/220708.jpg,camara,,"{""perfil_titulo"": ""Deputado Federal Gabriel Nunes - Portal da Câmara dos Deputados"", ""perfil_descricao"": ""Página do(a) Deputado(a) Gabriel Nunes na Câmara dos Deputados"", ""perfil_foto"": ""https://www.camara.leg.br/internet/deputado/bandep/pagina_do_deputado/220708.jpg""}"
Deputado General Girão,PL,RN,Camara dos Deputados,CD,https://www.camara.leg.br/deputados/204473,Deputado Federal General Girão - Portal da Câmara dos Deputados,Página do(a) Deputado(a) General Girão na Câmara dos Deputados,https://www.camara.leg.br/internet/deputado/bandep/pagina_do_deputado/204473.jpg,camara,,"{""perfil_titulo"": ""Deputado Federal General Girão - Portal da Câmara dos Deputados"", ""perfil_descricao"": ""Página do(a) Deputado(a) General Girão na Câmara dos Deputados"", ""perfil_foto"": ""https://www.camara.leg.br/internet/deputado/bandep/pagina_do_deputado/204473.jpg""}"
Deputado General Pazuello,PL,RJ,Camara dos Deputados,CD,https://www.camara.leg.br/deputados/220611,Deputado Federal General Pazuello - Portal da Câmara dos Deputados,Página do(a) Deputado(a) General Pazuello na Câmara dos Deputados,https://www.camara.leg.br/internet/deputado/bandep/pagina_do_deputado/220611.jpg,camara,,"{""perfil_titulo"": ""Deputado Federal General Pazuello - Portal da Câmara dos Deputados"", ""perfil_descricao"": ""Página do(a) Deputado(a) General Pazuello na Câmara dos Deputados"", ""perfil_foto"": ""https://www.camara.leg.br/internet/deputado/bandep/pagina_do_deputado/220611.jpg""}"
Deputada Geovania De Sá,REPUBLICANOS,SC,Camara dos Deputados,CD,https://www.camara.leg.br/deputados/178966,Deputada Federal Geovania de Sá - Portal da Câmara dos Deputados,Página do(a) Deputado(a) Geovania de Sá na Câmara dos Deputados,https://www.camara.leg.br/internet/deputado/bandep/pagina_do_deputado/178966.jpg,camara,,"{""perfil_titulo"": ""Deputada Federal Geovania de Sá - Portal da Câmara dos Deputados"", ""perfil_descricao"": ""Página do(a) Deputado(a) Geovania de Sá na Câmara dos Deputados"", ""perfil_foto"": ""https://www.camara.leg.br/internet/deputado/bandep/pagina_do_deputado/178966.jpg""}"
Deputado Geraldo Mendes,UNIÃO,PR,Camara dos Deputados,CD,https://www.camara.leg.br/deputados/220702,Deputado Federal Geraldo Mendes - Portal da Câmara dos Deputados,Página do(a) Deputado(a) Geraldo Mendes na Câmara dos Deputados,https://www.camara.leg.br/internet/deputado/bandep/pagina_do_deputado/220702.jpg,camara,,"{""perfil_titulo"": ""Deputado Federal Geraldo Mendes - Portal da Câmara dos Deputados"", ""perfil_descricao"": ""Página do(a) Deputado(a) Geraldo Mendes na Câmara dos Deputados"", ""perfil_foto"": ""https://www.camara.leg.br/internet/deputado/bandep/pagina_do_deputado/220702.jpg""}"
Deputado Geraldo Resende,UNIÃO,MS,Camara dos Deputados,CD,https://www.camara.leg.br/deputados/74374,Deputado Federal Geraldo Resende - Portal da Câmara dos Deputados,Página do(a) Deputado(a) Geraldo Resende na Câmara dos Deputados,https://www.camara.leg.br/internet/deputado/bandep/pagina_do_deputado/74374.jpg,camara,,"{""perfil_titulo"": ""Deputado Federal Geraldo Resende - Portal da Câmara dos Deputados"", ""perfil_descricao"": ""Página do(a) Deputado(a) Geraldo Resende na Câmara dos Deputados"", ""perfil_foto"": ""https://www.camara.leg.br/internet/deputado/bandep/pagina_do_deputado/74374.jpg""}"
Deputado Gervásio Maia,PCdoB,PB,Camara dos Deputados,CD,https://www.camara.leg.br/deputados/204394,Deputado Federal Gervásio Maia - Portal da Câmara dos Deputados,Página do(a) Deputado(a) Gervásio Maia na Câmara dos Deputados,https://www.camara.leg.br/internet/deputado/bandep/pagina_do_deputado/204394.jpg,camara,,"{""perfil_titulo"": ""Deputado Federal Gervásio Maia - Portal da Câmara dos Deputados"", ""perfil_descricao"": ""Página do(a) Deputado(a) Gervásio Maia na Câmara dos Deputados"", ""perfil_foto"": ""https://www.camara.leg.br/internet/deputado/bandep/pagina_do_deputado/204394.jpg""}"
Deputado Gilberto Abramo,REPUBLICANOS,MG,Camara dos Deputados,CD,https://www.camara.leg.br/deputados/204491,Deputado Federal Gilberto Abramo - Portal da Câmara dos Deputados,Página do(a) Deputado(a) Gilberto Abramo na Câmara dos Deputados,https://www.camara.leg.br/internet/deputado/bandep/pagina_do_deputado/204491.jpg,camara,,"{""perfil_titulo"": ""Deputado Federal Gilberto Abramo - Portal da Câmara dos Deputados"", ""perfil_descricao"": ""Página do(a) Deputado(a) Gilberto Abramo na Câmara dos Deputados"", ""perfil_foto"": ""https://www.camara.leg.br/internet/deputado/bandep/pagina_do_deputado/204491.jpg""}"
Deputado Gilberto Nascimento,PODE,SP,Camara dos Deputados,CD,https://www.camara.leg.br/deputados/74270,Deputado Federal Gilberto Nascimento - Portal da Câmara dos Deputados,Página do(a) Deputado(a) Gilberto Nascimento na Câmara dos Deputados,https://www.camara.leg.br/internet/deputado/bandep/pagina_do_deputado/74270.jpg,camara,,"{""perfil_titulo"": ""Deputado Federal Gilberto Nascimento - Portal da Câmara dos Deputados"", ""perfil_descricao"": ""Página do(a) Deputado(a) Gilberto Nascimento na Câmara dos Deputados"", ""perfil_foto"": ""https://www.camara.leg.br/internet/deputado/bandep/pagina_do_deputado/74270.jpg""}"
Deputado Gilson Daniel,PODE,ES,Camara dos Deputados,CD,https://www.camara.leg.br/deputados/220529,Deputado Federal Gilson Daniel - Portal da Câmara dos Deputados,Página do(a) Deputado(a) Gilson Daniel na Câmara dos Deputados,https://www.camara.leg.br/internet/deputado/bandep/pagina_do_deputado/220529.jpg,camara,,"{""perfil_titulo"": ""Deputado Federal Gilson Daniel - Portal da Câmara dos Deputados"", ""perfil_descricao"": ""Página do(a) Deputado(a) Gilson Daniel na Câmara dos Deputados"", ""perfil_foto"": ""https://www.camara.leg.br/internet/deputado/bandep/pagina_do_deputado/220529.jpg""}"
Deputado Gilson Marques,NOVO,SC,Camara dos Deputados,CD,https://www.camara.leg.br/deputados/204365,Deputado Federal Gilson Marques - Portal da Câmara dos Deputados,Página do(a) Deputado(a) Gilson Marques na Câmara dos Deputados,https://www.camara.leg.br/internet/deputado/bandep/pagina_do_deputado/204365.jpg,camara,,"{""perfil_titulo"": ""Deputado Federal Gilson Marques - Portal da Câmara dos Deputados"", ""perfil_descricao"": ""Página do(a) Deputado(a) Gilson Marques na Câmara dos Deputados"", ""perfil_foto"": ""https://www.camara.leg.br/internet/deputado/bandep/pagina_do_deputado/204365.jpg""}"
Deputado Gilvan Da Federal,PL,ES,Camara dos Deputados,CD,https://www.camara.leg.br/deputados/220526,Deputado Federal Gilvan da Federal - Portal da Câmara dos Deputados,Página do(a) Deputado(a) Gilvan da Federal na Câmara dos Deputados,https://www.camara.leg.br/internet/deputado/bandep/pagina_do_deputado/220526.jpg,camara,,"{""perfil_titulo"": ""Deputado Federal Gilvan da Federal - Portal da Câmara dos Deputados"", ""perfil_descricao"": ""Página do(a) Deputado(a) Gilvan da Federal na Câmara dos Deputados"", ""perfil_foto"": ""https://www.camara.leg.br/internet/deputado/bandep/pagina_do_deputado/220526.jpg""}"
Senador Giordano,PODEMOS,SP,Senado Federal,SF,https://www25.senado.leg.br/web/senadores/senador/-/perfil/6008,Senador Giordano - Senado Federal,Página da atuação parlamentar do(a) Senador Giordano,,senado,,"{""perfil_titulo"": ""Senador Giordano - Senado Federal"", ""perfil_descricao"": ""Página da atuação parlamentar do(a) Senador Giordano"", ""perfil_foto"": """", ""sf_legislatura"": ""56ª Legislatura,57ª Legislatura"", ""sf_uf"": ""SP"", ""sf_ano"": ""2019,2020,2021,2022,2023,2024,2025,2026,2027"", ""sf_senador"": ""Giordano"", ""sf_comissao"": ""CAE,CCJ,CDH,CICCX,CMA,CMO,CSDP,DJEM,FPRNE,GPRCOREIA"", ""sf_partido"": ""PODEMOS"", ""nome_civil"": ""Alexandre Luiz Giordano"", ""data_de_nascimento"": ""26/06/1973"", ""naturalidade"": ""São Paulo (SP)"", ""gabinete"": ""Senado Federal Anexo 2 Ala Teotônio Vilela Gabinete 07"", ""telefones"": ""(61) 3303-4177"", ""e_mail"": ""sen.giordano@senado.leg.br"", ""escritorio_de_apoio"": ""AVENIDA GENERAL ATALIBA LEONEL, 1223. CONJUNTO 63. SANTANA, SÃO PAULO, SP. CEP:02033-000""}"
Deputado Giovani Cherini,PL,RS,Camara dos Deputados,CD,https://www.camara.leg.br/deputados/160673,Deputado Federal Giovani Cherini - Portal da Câmara dos Deputados,Página do(a) Deputado(a) Giovani Cherini na Câmara dos Deputados,https://www.camara.leg.br/internet/deputado/bandep/pagina_do_deputado/160673.jpg,camara,,"{""perfil_titulo"": ""Deputado Federal Giovani Cherini - Portal da Câmara dos Deputados"", ""perfil_descricao"": ""Página do(a) Deputado(a) Giovani Cherini na Câmara dos Deputados"", ""perfil_foto"": ""https://www.camara.leg.br/internet/deputado/bandep/pagina_do_deputado/160673.jpg""}"
Deputado Glauber Braga,PSOL,RJ,Camara dos Deputados,CD,https://www.camara.leg.br/deputados/152605,Deputado Federal Glauber Braga - Portal da Câmara dos Deputados,Página do(a) Deputado(a) Glauber Braga na Câmara dos Deputados,https://www.camara.leg.br/internet/deputado/bandep/pagina_do_deputado/152605.jpg,camara,,"{""perfil_titulo"": ""Deputado Federal Glauber Braga - Portal da Câmara dos Deputados"", ""perfil_descricao"": ""Página do(a) Deputado(a) Glauber Braga na Câmara dos Deputados"", ""perfil_foto"": ""https://www.camara.leg.br/internet/deputado/bandep/pagina_do_deputado/152605.jpg""}"
Deputado Glaustin Da Fokus,PODE,GO,Camara dos Deputados,CD,https://www.camara.leg.br/deputados/204419,Deputado Federal Glaustin da Fokus - Portal da Câmara dos Deputados,Página do(a) Deputado(a) Glaustin da Fokus na Câmara dos Deputados,https://www.camara.leg.br/internet/deputado/bandep/pagina_do_deputado/204419.jpg,camara,,"{""perfil_titulo"": ""Deputado Federal Glaustin da Fokus - Portal da Câmara dos Deputados"", ""perfil_descricao"": ""Página do(a) Deputado(a) Glaustin da Fokus na Câmara dos Deputados"", ""perfil_foto"": ""https://www.camara.leg.br/internet/deputado/bandep/pagina_do_deputado/204419.jpg""}"
Deputado Glaycon Franco,PSDB,MG,Camara dos Deputados,CD,https://www.camara.leg.br/deputados/236284,Deputado Federal Glaycon Franco - Portal da Câmara dos Deputados,Página do(a) Deputado(a) Glaycon Franco na Câmara dos Deputados,https://www.camara.leg.br/internet/deputado/bandep/pagina_do_deputado/236284.jpg,camara,,"{""perfil_titulo"": ""Deputado Federal Glaycon Franco - Portal da Câmara dos Deputados"", ""perfil_descricao"": ""Página do(a) Deputado(a) Glaycon Franco na Câmara dos Deputados"", ""perfil_foto"": ""https://www.camara.leg.br/internet/deputado/bandep/pagina_do_deputado/236284.jpg""}"
Deputada Gleisi Hoffmann,PT,PR,Camara dos Deputados,CD,https://www.camara.leg.br/deputados/107283,Deputada Federal Gleisi Hoffmann - Portal da Câmara dos Deputados,Página do(a) Deputado(a) Gleisi Hoffmann na Câmara dos Deputados,https://www.camara.leg.br/internet/deputado/bandep/pagina_do_deputado/107283.jpg,camara,,"{""perfil_titulo"": ""Deputada Federal Gleisi Hoffmann - Portal da Câmara dos Deputados"", ""perfil_descricao"": ""Página do(a) Deputado(a) Gleisi Hoffmann na Câmara dos Deputados"", ""perfil_foto"": ""https://www.camara.leg.br/internet/deputado/bandep/pagina_do_deputado/107283.jpg""}"
Deputada Greyce Elias,PL,MG,Camara dos Deputados,CD,https://www.camara.leg.br/deputados/198197,Deputada Federal Greyce Elias - Portal da Câmara dos Deputados,Página do(a) Deputado(a) Greyce Elias na Câmara dos Deputados,https://www.camara.leg.br/internet/deputado/bandep/pagina_do_deputado/198197.jpg,camara,,"{""perfil_titulo"": ""Deputada Federal Greyce Elias - Portal da Câmara dos Deputados"", ""perfil_descricao"": ""Página do(a) Deputado(a) Greyce Elias na Câmara dos Deputados"", ""perfil_foto"": ""https://www.camara.leg.br/internet/deputado/bandep/pagina_do_deputado/198197.jpg""}"
Deputado Guilherme Derrite,PP,SP,Camara dos Deputados,CD,https://www.camara.leg.br/deputados/204531,Deputado Federal Guilherme Derrite - Portal da Câmara dos Deputados,Página do(a) Deputado(a) Guilherme Derrite na Câmara dos Deputados,https://www.camara.leg.br/internet/deputado/bandep/pagina_do_deputado/204531.jpg,camara,,"{""perfil_titulo"": ""Deputado Federal Guilherme Derrite - Portal da Câmara dos Deputados"", ""perfil_descricao"": ""Página do(a) Deputado(a) Guilherme Derrite na Câmara dos Deputados"", ""perfil_foto"": ""https://www.camara.leg.br/internet/deputado/bandep/pagina_do_deputado/204531.jpg""}"
Deputado Guilherme Uchoa,PSD,PE,Camara dos Deputados,CD,https://www.camara.leg.br/deputados/220664,Deputado Federal Guilherme Uchoa - Portal da Câmara dos Deputados,Página do(a) Deputado(a) Guilherme Uchoa na Câmara dos Deputados,https://www.camara.leg.br/internet/deputado/bandep/pagina_do_deputado/220664.jpg,camara,,"{""perfil_titulo"": ""Deputado Federal Guilherme Uchoa - Portal da Câmara dos Deputados"", ""perfil_descricao"": ""Página do(a) Deputado(a) Guilherme Uchoa na Câmara dos Deputados"", ""perfil_foto"": ""https://www.camara.leg.br/internet/deputado/bandep/pagina_do_deputado/220664.jpg""}"
Deputado Gustavo Gayer,PL,GO,Camara dos Deputados,CD,https://www.camara.leg.br/deputados/220568,Deputado Federal Gustavo Gayer - Portal da Câmara dos Deputados,Página do(a) Deputado(a) Gustavo Gayer na Câmara dos Deputados,https://www.camara.leg.br/internet/deputado/bandep/pagina_do_deputado/220568.jpg,camara,,"{""perfil_titulo"": ""Deputado Federal Gustavo Gayer - Portal da Câmara dos Deputados"", ""perfil_descricao"": ""Página do(a) Deputado(a) Gustavo Gayer na Câmara dos Deputados"", ""perfil_foto"": ""https://www.camara.leg.br/internet/deputado/bandep/pagina_do_deputado/220568.jpg""}"
Deputado Gustinho Ribeiro,PP,SE,Camara dos Deputados,CD,https://www.camara.leg.br/deputados/204408,Deputado Federal Gustinho Ribeiro - Portal da Câmara dos Deputados,Página do(a) Deputado(a) Gustinho Ribeiro na Câmara dos Deputados,https://www.camara.leg.br/internet/deputado/bandep/pagina_do_deputado/204408.jpg,camara,,"{""perfil_titulo"": ""Deputado Federal Gustinho Ribeiro - Portal da Câmara dos Deputados"", ""perfil_descricao"": ""Página do(a) Deputado(a) Gustinho Ribeiro na Câmara dos Deputados"", ""perfil_foto"": ""https://www.camara.leg.br/internet/deputado/bandep/pagina_do_deputado/204408.jpg""}"
Deputado Gutemberg Reis,MDB,RJ,Camara dos Deputados,CD,https://www.camara.leg.br/deputados/204456,Deputado Federal Gutemberg Reis - Portal da Câmara dos Deputados,Página do(a) Deputado(a) Gutemberg Reis na Câmara dos Deputados,https://www.camara.leg.br/internet/deputado/bandep/pagina_do_deputado/204456.jpg,camara,,"{""perfil_titulo"": ""Deputado Federal Gutemberg Reis - Portal da Câmara dos Deputados"", ""perfil_descricao"": ""Página do(a) Deputado(a) Gutemberg Reis na Câmara dos Deputados"", ""perfil_foto"": ""https://www.camara.leg.br/internet/deputado/bandep/pagina_do_deputado/204456.jpg""}"
Senador Hamilton Mourão,REPUBLICANOS,RS,Senado Federal,SF,https://www25.senado.leg.br/web/senadores/senador/-/perfil/6341,Senador Hamilton Mourão - Senado Federal,Página da atuação parlamentar do(a) Senador Hamilton Mourão,,senado,,"{""perfil_titulo"": ""Senador Hamilton Mourão - Senado Federal"", ""perfil_descricao"": ""Página da atuação parlamentar do(a) Senador Hamilton Mourão"", ""perfil_foto"": """", ""sf_legislatura"": ""58ª Legislatura,57ª Legislatura"", ""sf_uf"": ""RS"", ""sf_ano"": ""2023,2024,2025,2026,2027,2028,2029,2030,2031"", ""sf_senador"": ""Hamilton Mourão"", ""sf_comissao"": ""CAE,CCAI,CCDD,CCJ,CCT,CDD,CEDP,CMO,CNMS,CRA,CRE,CREDC,CSP,FPAMM,FPBSJA,FPC,FPCIBERSEG,FPDEPMEB,FPDPP,FPELETROMOBILIDADE,FPEMSN,FPEpTec,FPINVESTEBRASIL,FPMDFAV,FPMDPI,FPMPBAS,FPRNE,FPTRB,GPARABIASAUDITA,GP-BRICS-SF,GPCHIPRE,GPMARROCOS,GPOTCAM,GPRCOREIA,GPUCRANIA"", ""sf_partido"": ""REPUBLICANOS"", ""nome_civil"": ""Antonio Hamilton Martins Mourão"", ""data_de_nascimento"": ""15/08/1953"", ""naturalidade"": ""Porto Alegre (RS)"", ""gabinete"": ""Senado Federal Anexo 2 Ala Alexandre Costa Pavimento Térreo Gabinete 03"", ""telefones"": ""(61) 3303-1837"", ""e_mail"": ""sen.hamiltonmourao@senado.leg.br"", ""escritorio_de_apoio"": ""RUA RIACHUELO, 1098. SALAS 1103 E 1104 - 11º ANDAR. CENTRO HISTÓRICO, PORTO ALEGRE, RS. CEP:90010-270""}"
Deputado Heitor Schuch,PSD,RS,Camara dos Deputados,CD,https://www.camara.leg.br/deputados/178964,Deputado Federal Heitor Schuch - Portal da Câmara dos Deputados,Página do(a) Deputado(a) Heitor Schuch na Câmara dos Deputados,https://www.camara.leg.br/internet/deputado/bandep/pagina_do_deputado/178964.jpg,camara,,"{""perfil_titulo"": ""Deputado Federal Heitor Schuch - Portal da Câmara dos Deputados"", ""perfil_descricao"": ""Página do(a) Deputado(a) Heitor Schuch na Câmara dos Deputados"", ""perfil_foto"": ""https://www.camara.leg.br/internet/deputado/bandep/pagina_do_deputado/178964.jpg""}"
Deputado Helder Salomão,PT,ES,Camara dos Deputados,CD,https://www.camara.leg.br/deputados/178873,Deputado Federal Helder Salomão - Portal da Câmara dos Deputados,Página do(a) Deputado(a) Helder Salomão na Câmara dos Deputados,https://www.camara.leg.br/internet/deputado/bandep/pagina_do_deputado/178873.jpg,camara,,"{""perfil_titulo"": ""Deputado Federal Helder Salomão - Portal da Câmara dos Deputados"", ""perfil_descricao"": ""Página do(a) Deputado(a) Helder Salomão na Câmara dos Deputados"", ""perfil_foto"": ""https://www.camara.leg.br/internet/deputado/bandep/pagina_do_deputado/178873.jpg""}"
Deputada Helena Lima,PSD,RR,Camara dos Deputados,CD,https://www.camara.leg.br/deputados/220537,Deputada Federal Helena Lima - Portal da Câmara dos Deputados,Página do(a) Deputado(a) Helena Lima na Câmara dos Deputados,https://www.camara.leg.br/internet/deputado/bandep/pagina_do_deputado/220537.jpg,camara,,"{""perfil_titulo"": ""Deputada Federal Helena Lima - Portal da Câmara dos Deputados"", ""perfil_descricao"": ""Página do(a) Deputado(a) Helena Lima na Câmara dos Deputados"", ""perfil_foto"": ""https://www.camara.leg.br/internet/deputado/bandep/pagina_do_deputado/220537.jpg""}"
Deputado Helio Lopes,PL,RJ,Camara dos Deputados,CD,https://www.camara.leg.br/deputados/204444,Deputado Federal Helio Lopes - Portal da Câmara dos Deputados,Página do(a) Deputado(a) Helio Lopes na Câmara dos Deputados,https://www.camara.leg.br/internet/deputado/bandep/pagina_do_deputado/204444.jpg,camara,,"{""perfil_titulo"": ""Deputado Federal Helio Lopes - Portal da Câmara dos Deputados"", ""perfil_descricao"": ""Página do(a) Deputado(a) Helio Lopes na Câmara dos Deputados"", ""perfil_foto"": ""https://www.camara.leg.br/internet/deputado/bandep/pagina_do_deputado/204444.jpg""}"
Deputado Henderson Pinto,UNIÃO,PA,Camara dos Deputados,CD,https://www.camara.leg.br/deputados/220672,Deputado Federal Henderson Pinto - Portal da Câmara dos Deputados,Página do(a) Deputado(a) Henderson Pinto na Câmara dos Deputados,https://www.camara.leg.br/internet/deputado/bandep/pagina_do_deputado/220672.jpg,camara,,"{""perfil_titulo"": ""Deputado Federal Henderson Pinto - Portal da Câmara dos Deputados"", ""perfil_descricao"": ""Página do(a) Deputado(a) Henderson Pinto na Câmara dos Deputados"", ""perfil_foto"": ""https://www.camara.leg.br/internet/deputado/bandep/pagina_do_deputado/220672.jpg""}"
Deputado Hercílio Coelho Diniz,MDB,MG,Camara dos Deputados,CD,https://www.camara.leg.br/deputados/204539,Deputado Federal Hercílio Coelho Diniz - Portal da Câmara dos Deputados,Página do(a) Deputado(a) Hercílio Coelho Diniz na Câmara dos Deputados,https://www.camara.leg.br/internet/deputado/bandep/pagina_do_deputado/204539.jpg,camara,,"{""perfil_titulo"": ""Deputado Federal Hercílio Coelho Diniz - Portal da Câmara dos Deputados"", ""perfil_descricao"": ""Página do(a) Deputado(a) Hercílio Coelho Diniz na Câmara dos Deputados"", ""perfil_foto"": ""https://www.camara.leg.br/internet/deputado/bandep/pagina_do_deputado/204539.jpg""}"
Senador Hermes Klann,PL,SC,Senado Federal,SF,https://www25.senado.leg.br/web/senadores/senador/-/perfil/6381,Senador Hermes Klann - Senado Federal,Página da atuação parlamentar do(a) Senador Hermes Klann,,senado,,"{""perfil_titulo"": ""Senador Hermes Klann - Senado Federal"", ""perfil_descricao"": ""Página da atuação parlamentar do(a) Senador Hermes Klann"", ""perfil_foto"": """", ""sf_legislatura"": ""58ª Legislatura,57ª Legislatura"", ""sf_uf"": ""SC"", ""sf_ano"": ""2023,2024,2025,2026,2027,2028,2029,2030,2031"", ""sf_senador"": ""Hermes Klann"", ""sf_comissao"": ""CAE,CCJ,CCT,CDH,CDR,CI,CMA,CRA,CRE,CSP,CTFC"", ""sf_partido"": ""PL"", ""nome_civil"": ""Hermes Artur Klann"", ""data_de_nascimento"": ""03/04/1958"", ""gabinete"": ""Senado Federal Anexo 2 Ala Teotônio Vilela Gabinete 16"", ""telefones"": ""(61) 3303-3784 / 3756"", ""e_mail"": ""sen.hermesklann@senado.leg.br"", ""escritorio_de_apoio"": ""RUA CÔNEGO THOMAZ FONTES, 145. SALA 03, ED. LION CENTER. CENTRO, ITAJAI, SC. CEP:88301100""}"
Deputado Hugo Leal,PSD,RJ,Camara dos Deputados,CD,https://www.camara.leg.br/deputados/141450,Deputado Federal Hugo Leal - Portal da Câmara dos Deputados,Página do(a) Deputado(a) Hugo Leal na Câmara dos Deputados,https://www.camara.leg.br/internet/deputado/bandep/pagina_do_deputado/141450.jpg,camara,,"{""perfil_titulo"": ""Deputado Federal Hugo Leal - Portal da Câmara dos Deputados"", ""perfil_descricao"": ""Página do(a) Deputado(a) Hugo Leal na Câmara dos Deputados"", ""perfil_foto"": ""https://www.camara.leg.br/internet/deputado/bandep/pagina_do_deputado/141450.jpg""}"
Deputado Hugo Motta,REPUBLICANOS,PB,Camara dos Deputados,CD,https://www.camara.leg.br/deputados/160674,Deputado Federal Hugo Motta - Portal da Câmara dos Deputados,Página do(a) Deputado(a) Hugo Motta na Câmara dos Deputados,https://www.camara.leg.br/internet/deputado/bandep/pagina_do_deputado/160674.jpg,camara,,"{""perfil_titulo"": ""Deputado Federal Hugo Motta - Portal da Câmara dos Deputados"", ""perfil_descricao"": ""Página do(a) Deputado(a) Hugo Motta na Câmara dos Deputados"", ""perfil_foto"": ""https://www.camara.leg.br/internet/deputado/bandep/pagina_do_deputado/160674.jpg""}"
Senador Humberto Costa,PT,PE,Senado Federal,SF,https://www25.senado.leg.br/web/senadores/senador/-/perfil/5008,Senador Humberto Costa - Senado Federal,Página da atuação parlamentar do(a) Senador Humberto Costa,,senado,,"{""perfil_titulo"": ""Senador Humberto Costa - Senado Federal"", ""perfil_descricao"": ""Página da atuação parlamentar do(a) Senador Humberto Costa"", ""perfil_foto"": """", ""sf_legislatura"": ""54ª Legislatura,55ª Legislatura,56ª Legislatura,57ª Legislatura"", ""sf_uf"": ""PE"", ""sf_ano"": ""2016,2017,2018,2019,2020,2021,2022,2023,2024,2025,2026,2027,2011,2012,2013,2014,2015"", ""sf_senador"": ""Humberto Costa"", ""sf_comissao"": ""CAS,CCJ,CDD,CDH,CE,CMDG,CMO,CPCMS,CRE,FPAMM,FPBSJA,FPC,FPCULTURA,FPEpTec,FPINVESTEBRASIL,FPJOVEM,FPMA,FPPAZ,FPRNE,GPARABIASAUDITA,GPARGENTINA,GPAZERBAIJÃO,GP-BRICS-SF,GPCHINA,GPISRAEL,GPMARROCOS,GPRCOREIA,GPVENEZUELA"", ""sf_partido"": ""PT"", ""nome_civil"": ""Humberto Sérgio Costa Lima"", ""data_de_nascimento"": ""07/07/1957"", ""naturalidade"": ""Campinas (SP)"", ""gabinete"": ""Senado Federal Anexo 2 Ala Ruy Carneiro Gabinete 01"", ""telefones"": ""(61) 3303-6285 / 6286"", ""e_mail"": ""sen.humbertocosta@senado.leg.br"", ""site_pessoal"": ""Site pessoal (página de responsabilidade do gabinete do senador)"", ""escritorio_de_apoio"": [""AVENIDA ENGENHEIRO DOMINGOS FERREIRA, 2391. BOA VIAGEM, RECIFE, PE. CEP:51020-031"", ""RUA ISAURA CAVALCANTE DE OLIVEIRA, 4. CENTRO, VICENCIA, PE. CEP:55850-000""]}"
Deputado Icaro De Valmir,REPUBLICANOS,SE,Camara dos Deputados,CD,https://www.camara.leg.br/deputados/220563,Deputado Federal Icaro de Valmir - Portal da Câmara dos Deputados,Página do(a) Deputado(a) Icaro de Valmir na Câmara dos Deputados,https://www.camara.leg.br/internet/deputado/bandep/pagina_do_deputado/220563.jpg,camara,,"{""perfil_titulo"": ""Deputado Federal Icaro de Valmir - Portal da Câmara dos Deputados"", ""perfil_descricao"": ""Página do(a) Deputado(a) Icaro de Valmir na Câmara dos Deputados"", ""perfil_foto"": ""https://www.camara.leg.br/internet/deputado/bandep/pagina_do_deputado/220563.jpg""}"
Deputado Idilvan Alencar,PSB,CE,Camara dos Deputados,CD,https://www.camara.leg.br/deputados/204533,Deputado Federal Idilvan Alencar - Portal da Câmara dos Deputados,Página do(a) Deputado(a) Idilvan Alencar na Câmara dos Deputados,https://www.camara.leg.br/internet/deputado/bandep/pagina_do_deputado/204533.jpg,camara,,"{""perfil_titulo"": ""Deputado Federal Idilvan Alencar - Portal da Câmara dos Deputados"", ""perfil_descricao"": ""Página do(a) Deputado(a) Idilvan Alencar na Câmara dos Deputados"", ""perfil_foto"": ""https://www.camara.leg.br/internet/deputado/bandep/pagina_do_deputado/204533.jpg""}"
Deputado Igor Timo,UNIÃO,MG,Camara dos Deputados,CD,https://www.camara.leg.br/deputados/204508,Deputado Federal Igor Timo - Portal da Câmara dos Deputados,Página do(a) Deputado(a) Igor Timo na Câmara dos Deputados,https://www.camara.leg.br/internet/deputado/bandep/pagina_do_deputado/204508.jpg,camara,,"{""perfil_titulo"": ""Deputado Federal Igor Timo - Portal da Câmara dos Deputados"", ""perfil_descricao"": ""Página do(a) Deputado(a) Igor Timo na Câmara dos Deputados"", ""perfil_foto"": ""https://www.camara.leg.br/internet/deputado/bandep/pagina_do_deputado/204508.jpg""}"
Deputado Inácio Arruda,PCdoB,CE,Camara dos Deputados,CD,https://www.camara.leg.br/deputados/74295,Deputado Federal Inácio Arruda - Portal da Câmara dos Deputados,Página do(a) Deputado(a) Inácio Arruda na Câmara dos Deputados,https://www.camara.leg.br/internet/deputado/bandep/pagina_do_deputado/74295.jpg,camara,,"{""perfil_titulo"": ""Deputado Federal Inácio Arruda - Portal da Câmara dos Deputados"", ""perfil_descricao"": ""Página do(a) Deputado(a) Inácio Arruda na Câmara dos Deputados"", ""perfil_foto"": ""https://www.camara.leg.br/internet/deputado/bandep/pagina_do_deputado/74295.jpg""}"
Senador Irajá,PSD,TO,Senado Federal,SF,https://www25.senado.leg.br/web/senadores/senador/-/perfil/5385,Senador Irajá - Senado Federal,Página da atuação parlamentar do(a) Senador Irajá,,senado,,"{""perfil_titulo"": ""Senador Irajá - Senado Federal"", ""perfil_descricao"": ""Página da atuação parlamentar do(a) Senador Irajá"", ""perfil_foto"": """", ""sf_legislatura"": ""56ª Legislatura,57ª Legislatura"", ""sf_uf"": ""TO"", ""sf_ano"": ""2019,2020,2021,2022,2023,2024,2025,2026,2027"", ""sf_senador"": ""Irajá"", ""sf_comissao"": ""CAE,CCJ,CI,CMA,CPCMS,CRE,DJEM,FPJOVEM,GPARABIASAUDITA,GPBAHREIN,GP-BRICS-SF,GPCHINA"", ""sf_partido"": ""PSD"", ""nome_civil"": ""Irajá Silvestre Filho"", ""data_de_nascimento"": ""03/02/1983"", ""naturalidade"": ""Goiânia (GO)"", ""gabinete"": ""Senado Federal Anexo 1 21º Pavimento"", ""telefones"": ""(61) 3303-6469 / 6474"", ""e_mail"": ""sen.iraja@senado.leg.br"", ""escritorio_de_apoio"": ""ALAMEDA ARSO 23 ALAMEDA 8 QI 03 LOTE 37. PLANO DIRETOR SUL, PALMAS, TO. CEP:77015316""}"
Deputado Ismael,PL,SC,Camara dos Deputados,CD,https://www.camara.leg.br/deputados/98615,Deputado Federal Ismael - Portal da Câmara dos Deputados,Página do(a) Deputado(a) Ismael na Câmara dos Deputados,https://www.camara.leg.br/internet/deputado/bandep/pagina_do_deputado/98615.jpg,camara,,"{""perfil_titulo"": ""Deputado Federal Ismael - Portal da Câmara dos Deputados"", ""perfil_descricao"": ""Página do(a) Deputado(a) Ismael na Câmara dos Deputados"", ""perfil_foto"": ""https://www.camara.leg.br/internet/deputado/bandep/pagina_do_deputado/98615.jpg""}"
Deputado Isnaldo Bulhões Jr.,MDB,AL,Camara dos Deputados,CD,https://www.camara.leg.br/deputados/204436,Deputado Federal Isnaldo Bulhões Jr. - Portal da Câmara dos Deputados,Página do(a) Deputado(a) Isnaldo Bulhões Jr. na Câmara dos Deputados,https://www.camara.leg.br/internet/deputado/bandep/pagina_do_deputado/204436.jpg,camara,,"{""perfil_titulo"": ""Deputado Federal Isnaldo Bulhões Jr. - Portal da Câmara dos Deputados"", ""perfil_descricao"": ""Página do(a) Deputado(a) Isnaldo Bulhões Jr. na Câmara dos Deputados"", ""perfil_foto"": ""https://www.camara.leg.br/internet/deputado/bandep/pagina_do_deputado/204436.jpg""}"
Deputado Itamar Paim,PL,PR,Camara dos Deputados,CD,https://www.camara.leg.br/deputados/225846,Deputado Federal Itamar Paim - Portal da Câmara dos Deputados,Página do(a) Deputado(a) Itamar Paim na Câmara dos Deputados,https://www.camara.leg.br/internet/deputado/bandep/pagina_do_deputado/225846.jpg,camara,,"{""perfil_titulo"": ""Deputado Federal Itamar Paim - Portal da Câmara dos Deputados"", ""perfil_descricao"": ""Página do(a) Deputado(a) Itamar Paim na Câmara dos Deputados"", ""perfil_foto"": ""https://www.camara.leg.br/internet/deputado/bandep/pagina_do_deputado/225846.jpg""}"
Senadora Ivete da Silveira,MDB,SC,Senado Federal,SF,https://www25.senado.leg.br/web/senadores/senador/-/perfil/6010,Senadora Ivete da Silveira - Senado Federal,Página da atuação parlamentar do(a) Senadora Ivete da Silveira,,senado,,"{""perfil_titulo"": ""Senadora Ivete da Silveira - Senado Federal"", ""perfil_descricao"": ""Página da atuação parlamentar do(a) Senadora Ivete da Silveira"", ""perfil_foto"": """", ""sf_legislatura"": ""56ª Legislatura,57ª Legislatura"", ""sf_uf"": ""SC"", ""sf_ano"": ""2019,2020,2021,2022,2023,2024,2025,2026,2027"", ""sf_senador"": ""Ivete da Silveira"", ""sf_comissao"": ""CCT,CDBL,CDH,CDR,CE,CMCVM,CRE,CSP,FPAMM,FPCIBERSEG,FPDNB,FPDPP,FPEMSN,FPEpTec,FPMA,FPMPBAS,Frenfer"", ""sf_partido"": ""MDB"", ""nome_civil"": ""Ivete Marli Appel da Silveira"", ""data_de_nascimento"": ""28/05/1943"", ""naturalidade"": ""Brusque (SC)"", ""gabinete"": ""Senado Federal Anexo 2 Ala Tancredo Neves Gabinete 50"", ""telefones"": ""(61) 3303-2200"", ""e_mail"": ""sen.ivetedasilveira@senado.leg.br"", ""escritorio_de_apoio"": ""RUA MAX COLIN, 670. AMÉRICA, JOINVILLE, SC. CEP:89204040""}"
Deputada Ivoneide Caetano,PT,BA,Camara dos Deputados,CD,https://www.camara.leg.br/deputados/220696,Deputada Federal Ivoneide Caetano - Portal da Câmara dos Deputados,Página do(a) Deputado(a) Ivoneide Caetano na Câmara dos Deputados,https://www.camara.leg.br/internet/deputado/bandep/pagina_do_deputado/220696.jpg,camara,,"{""perfil_titulo"": ""Deputada Federal Ivoneide Caetano - Portal da Câmara dos Deputados"", ""perfil_descricao"": ""Página do(a) Deputado(a) Ivoneide Caetano na Câmara dos Deputados"", ""perfil_foto"": ""https://www.camara.leg.br/internet/deputado/bandep/pagina_do_deputado/220696.jpg""}"
Deputada Iza Arruda,MDB,PE,Camara dos Deputados,CD,https://www.camara.leg.br/deputados/220670,Deputada Federal Iza Arruda - Portal da Câmara dos Deputados,Página do(a) Deputado(a) Iza Arruda na Câmara dos Deputados,https://www.camara.leg.br/internet/deputado/bandep/pagina_do_deputado/220670.jpg,camara,,"{""perfil_titulo"": ""Deputada Federal Iza Arruda - Portal da Câmara dos Deputados"", ""perfil_descricao"": ""Página do(a) Deputado(a) Iza Arruda na Câmara dos Deputados"", ""perfil_foto"": ""https://www.camara.leg.br/internet/deputado/bandep/pagina_do_deputado/220670.jpg""}"
Senador Izalci Lucas,PL,DF,Senado Federal,SF,https://www25.senado.leg.br/web/senadores/senador/-/perfil/4770,Senador Izalci Lucas - Senado Federal,Página da atuação parlamentar do(a) Senador Izalci Lucas,,senado,,"{""perfil_titulo"": ""Senador Izalci Lucas - Senado Federal"", ""perfil_descricao"": ""Página da atuação parlamentar do(a) Senador Izalci Lucas"", ""perfil_foto"": """", ""sf_legislatura"": ""56ª Legislatura,57ª Legislatura"", ""sf_uf"": ""DF"", ""sf_ano"": ""2019,2020,2021,2022,2023,2024,2025,2026,2027"", ""sf_senador"": ""Izalci Lucas"", ""sf_comissao"": ""CAE,CCJ,CCT,CE,CSDP,CTFC,FPAMM,FPBSJA,FPC,FPCIBERSEG,FPDPP,FPEMBRAPA,FPEMSN,FPEpTec,FPINVESTEBRASIL,FPJOVEM,FPMA,FPMDPI,FPMF,FPMPBAS,FPRNE,FPTRB,Frenfer,GPARABIASAUDITA,GPCHINA,GPINDIA,GPISRAEL,GPLÍBANO,GPSUIÇA,GPVENEZUELA"", ""sf_partido"": ""PL"", ""nome_civil"": ""Izalci Lucas Ferreira"", ""data_de_nascimento"": ""07/04/1956"", ""naturalidade"": ""Araújos (MG)"", ""gabinete"": ""Senado Federal Anexo 1 11º Pavimento"", ""telefones"": ""(61) 3303-6049 / 6050"", ""e_mail"": ""sen.izalcilucas@senado.leg.br"", ""escritorio_de_apoio"": ""TR SIA TRECHO 17. VIA IA-4, LOTE 525, SALA 202. BRASÍLIA, DF. CEP:71200260""}"
Deputada Jack Rocha,PT,ES,Camara dos Deputados,CD,https://www.camara.leg.br/deputados/220527,Deputada Federal Jack Rocha - Portal da Câmara dos Deputados,Página do(a) Deputado(a) Jack Rocha na Câmara dos Deputados,https://www.camara.leg.br/internet/deputado/bandep/pagina_do_deputado/220527.jpg,camara,,"{""perfil_titulo"": ""Deputada Federal Jack Rocha - Portal da Câmara dos Deputados"", ""perfil_descricao"": ""Página do(a) Deputado(a) Jack Rocha na Câmara dos Deputados"", ""perfil_foto"": ""https://www.camara.leg.br/internet/deputado/bandep/pagina_do_deputado/220527.jpg""}"
Senador Jader Barbalho,MDB,PA,Senado Federal,SF,https://www25.senado.leg.br/web/senadores/senador/-/perfil/35,Senador Jader Barbalho - Senado Federal,Página da atuação parlamentar do(a) Senador Jader Barbalho,,senado,,"{""perfil_titulo"": ""Senador Jader Barbalho - Senado Federal"", ""perfil_descricao"": ""Página da atuação parlamentar do(a) Senador Jader Barbalho"", ""perfil_foto"": """", ""sf_legislatura"": ""54ª Legislatura,55ª Legislatura,56ª Legislatura,51ª Legislatura,57ª Legislatura,50ª Legislatura"", ""sf_uf"": ""PA"", ""sf_ano"": ""1995,1996,1997,1998,1999,2000,2001,2002,2003,2011,2012,2013,2014,2015,2016,2017,2018,2019,2020,2021,2022,2023,2024,2025,2026,2027"", ""sf_senador"": ""Jader Barbalho"", ""sf_comissao"": ""CAE,CCDD,CCJ,CEDP,CI,CRA,GPEUA,GPJAPÃO,GPLÍBANO"", ""sf_partido"": ""MDB"", ""nome_civil"": ""Jader Fontenelle Barbalho"", ""data_de_nascimento"": ""27/10/1944"", ""naturalidade"": ""Belém (PA)"", ""gabinete"": ""Senado Federal Anexo 1 2º Pavimento"", ""telefones"": ""(61) 3303-9831 / 9827 / 9832"", ""fax"": ""(61) 3303-9828"", ""e_mail"": ""sen.jaderbarbalho@senado.leg.br"", ""site_pessoal"": ""Site pessoal (página de responsabilidade do gabinete do senador)"", ""escritorio_de_apoio"": ""RUA GASPAR VIANA, 773. REDUTO, BELÉM, PA. CEP:66053-090""}"
Deputado Jadyel Alencar,REPUBLICANOS,PI,Camara dos Deputados,CD,https://www.camara.leg.br/deputados/220697,Deputado Federal Jadyel Alencar - Portal da Câmara dos Deputados,Página do(a) Deputado(a) Jadyel Alencar na Câmara dos Deputados,https://www.camara.leg.br/internet/deputado/bandep/pagina_do_deputado/220697.jpg,camara,,"{""perfil_titulo"": ""Deputado Federal Jadyel Alencar - Portal da Câmara dos Deputados"", ""perfil_descricao"": ""Página do(a) Deputado(a) Jadyel Alencar na Câmara dos Deputados"", ""perfil_foto"": ""https://www.camara.leg.br/internet/deputado/bandep/pagina_do_deputado/220697.jpg""}"
Senador Jaime Bagattoli,PL,RO,Senado Federal,SF,https://www25.senado.leg.br/web/senadores/senador/-/perfil/6340,Senador Jaime Bagattoli - Senado Federal,Página da atuação parlamentar do(a) Senador Jaime Bagattoli,,senado,,"{""perfil_titulo"": ""Senador Jaime Bagattoli - Senado Federal"", ""perfil_descricao"": ""Página da atuação parlamentar do(a) Senador Jaime Bagattoli"", ""perfil_foto"": """", ""sf_legislatura"": ""58ª Legislatura,57ª Legislatura"", ""sf_uf"": ""RO"", ""sf_ano"": ""2023,2024,2025,2026,2027,2028,2029,2030,2031"", ""sf_senador"": ""Jaime Bagattoli"", ""sf_comissao"": ""CAE,CAS,CCJ,CDH,CDHYANOM,CI,CMA,CRA,CRE,FPAMM,FPDEPMEB,FPDNB,FPEMSN,FPEpTec,FPMDFAV,FPMF,Frenfer,GPARABIASAUDITA,GPEUA,GPISRAEL,GPLÍBANO,GPRCOREIA"", ""sf_partido"": ""PL"", ""nome_civil"": ""Jaime Maximino Bagattoli"", ""data_de_nascimento"": ""26/04/1961"", ""naturalidade"": ""Presidente Getúlio (SC)"", ""gabinete"": ""Senado Federal Anexo 2 Ala Teotônio Vilela Gabinete 23"", ""telefones"": ""(61) 3303-2714"", ""e_mail"": ""sen.jaimebagattoli@senado.leg.br"", ""escritorio_de_apoio"": ""RUA COSTA E SILVA, 444. CENTRO, VILHENA, RO. CEP:76980-146""}"
Deputada Jandira Feghali,PCdoB,RJ,Camara dos Deputados,CD,https://www.camara.leg.br/deputados/74848,Deputada Federal Jandira Feghali - Portal da Câmara dos Deputados,Página do(a) Deputado(a) Jandira Feghali na Câmara dos Deputados,https://www.camara.leg.br/internet/deputado/bandep/pagina_do_deputado/74848.jpg,camara,,"{""perfil_titulo"": ""Deputada Federal Jandira Feghali - Portal da Câmara dos Deputados"", ""perfil_descricao"": ""Página do(a) Deputado(a) Jandira Feghali na Câmara dos Deputados"", ""perfil_foto"": ""https://www.camara.leg.br/internet/deputado/bandep/pagina_do_deputado/74848.jpg""}"
Senador Jaques Wagner,PT,BA,Senado Federal,SF,https://www25.senado.leg.br/web/senadores/senador/-/perfil/581,Senador Jaques Wagner - Senado Federal,Página da atuação parlamentar do(a) Senador Jaques Wagner,,senado,,"{""perfil_titulo"": ""Senador Jaques Wagner - Senado Federal"", ""perfil_descricao"": ""Página da atuação parlamentar do(a) Senador Jaques Wagner"", ""perfil_foto"": """", ""sf_legislatura"": ""56ª Legislatura,57ª Legislatura"", ""sf_uf"": ""BA"", ""sf_ano"": ""2019,2020,2021,2022,2023,2024,2025,2026,2027"", ""sf_senador"": ""Jaques Wagner"", ""sf_comissao"": ""CAE,CCJ,CMA,CRE,CSP,FPEpTec,FPINVESTEBRASIL,FPMA,FPMPBAS,FPRNE,GPARABIASAUDITA,GPAZERBAIJÃO,GP-BRICS-SF,GPCAZAQUISTÃO,GPGUIANA,GPISRAEL,GPOTCAM,GPVENEZUELA"", ""sf_partido"": ""PT"", ""nome_civil"": ""Jaques Wagner"", ""data_de_nascimento"": ""16/03/1951"", ""naturalidade"": ""Rio de Janeiro (RJ)"", ""gabinete"": ""Senado Federal Anexo 1 23º Pavimento"", ""telefones"": ""(61) 3303-6390 / 6391"", ""e_mail"": ""sen.jaqueswagner@senado.leg.br"", ""site_pessoal"": ""Site pessoal (página de responsabilidade do gabinete do senador)"", ""escritorio_de_apoio"": ""AVENIDA L. VIANA FILHO, 6462. TORRE WEST, SALA 601. SALVADOR, BA. CEP:41730-101""}"
Senador Jayme Campos,UNIÃO,MT,Senado Federal,SF,https://www25.senado.leg.br/web/senadores/senador/-/perfil/4531,Senador Jayme Campos - Senado Federal,Página da atuação parlamentar do(a) Senador Jayme Campos,,senado,,"{""perfil_titulo"": ""Senador Jayme Campos - Senado Federal"", ""perfil_descricao"": ""Página da atuação parlamentar do(a) Senador Jayme Campos"", ""perfil_foto"": """", ""sf_legislatura"": ""54ª Legislatura,56ª Legislatura,53ª Legislatura,57ª Legislatura"", ""sf_uf"": ""MT"", ""sf_ano"": ""2019,2020,2021,2022,2023,2024,2025,2026,2027,2007,2008,2009,2010,2011,2012,2013,2014,2015"", ""sf_senador"": ""Jayme Campos"", ""sf_comissao"": ""CAS,CCJ,CEDP,CI,CMA,CMO,CRA,FPAMM,FPDNB,FPELETROMOBILIDADE,FPEMSN,FPEpTec,FPINVESTEBRASIL,FPJOVEM,FPMA,FPRNE,GPARABIASAUDITA,GPFRANCA,GPLÍBANO"", ""sf_partido"": ""UNIÃO"", ""nome_civil"": ""Jayme Veríssimo de Campos"", ""data_de_nascimento"": ""13/09/1951"", ""naturalidade"": ""Varzea Grande (MT)"", ""gabinete"": ""Senado Federal Anexo II Bloco A Térreo Ala Affonso Arinos Gabinete 09"", ""telefones"": ""(61) 3303-2390 / 2384 / 2394"", ""e_mail"": ""sen.jaymecampos@senado.leg.br"", ""escritorio_de_apoio"": ""AVENIDA CASTELO BRANCO, 325. SALA 81. CENTRO SUL, VARZEA GRANDE, MT. CEP:78110-901""}"
Deputado Jeferson Rodrigues,PSDB,GO,Camara dos Deputados,CD,https://www.camara.leg.br/deputados/220567,Deputado Federal Jeferson Rodrigues - Portal da Câmara dos Deputados,Página do(a) Deputado(a) Jeferson Rodrigues na Câmara dos Deputados,https://www.camara.leg.br/internet/deputado/bandep/pagina_do_deputado/220567.jpg,camara,,"{""perfil_titulo"": ""Deputado Federal Jeferson Rodrigues - Portal da Câmara dos Deputados"", ""perfil_descricao"": ""Página do(a) Deputado(a) Jeferson Rodrigues na Câmara dos Deputados"", ""perfil_foto"": ""https://www.camara.leg.br/internet/deputado/bandep/pagina_do_deputado/220567.jpg""}"
Deputado Jefferson Campos,PL,SP,Camara dos Deputados,CD,https://www.camara.leg.br/deputados/74273,Deputado Federal Jefferson Campos - Portal da Câmara dos Deputados,Página do(a) Deputado(a) Jefferson Campos na Câmara dos Deputados,https://www.camara.leg.br/internet/deputado/bandep/pagina_do_deputado/74273.jpg,camara,,"{""perfil_titulo"": ""Deputado Federal Jefferson Campos - Portal da Câmara dos Deputados"", ""perfil_descricao"": ""Página do(a) Deputado(a) Jefferson Campos na Câmara dos Deputados"", ""perfil_foto"": ""https://www.camara.leg.br/internet/deputado/bandep/pagina_do_deputado/74273.jpg""}"
Deputado Jilmar Tatto,PT,SP,Camara dos Deputados,CD,https://www.camara.leg.br/deputados/141456,Deputado Federal Jilmar Tatto - Portal da Câmara dos Deputados,Página do(a) Deputado(a) Jilmar Tatto na Câmara dos Deputados,https://www.camara.leg.br/internet/deputado/bandep/pagina_do_deputado/141456.jpg,camara,,"{""perfil_titulo"": ""Deputado Federal Jilmar Tatto - Portal da Câmara dos Deputados"", ""perfil_descricao"": ""Página do(a) Deputado(a) Jilmar Tatto na Câmara dos Deputados"", ""perfil_foto"": ""https://www.camara.leg.br/internet/deputado/bandep/pagina_do_deputado/141456.jpg""}"
Deputado João Carlos,REPUBLICANOS,AM,Camara dos Deputados,CD,https://www.camara.leg.br/deputados/235869,Deputado Federal João Carlos - Portal da Câmara dos Deputados,Página do(a) Deputado(a) João Carlos na Câmara dos Deputados,https://www.camara.leg.br/internet/deputado/bandep/pagina_do_deputado/235869.jpg,camara,,"{""perfil_titulo"": ""Deputado Federal João Carlos - Portal da Câmara dos Deputados"", ""perfil_descricao"": ""Página do(a) Deputado(a) João Carlos na Câmara dos Deputados"", ""perfil_foto"": ""https://www.camara.leg.br/internet/deputado/bandep/pagina_do_deputado/235869.jpg""}"
Deputado João Carlos Bacelar,PL,BA,Camara dos Deputados,CD,https://www.camara.leg.br/deputados/141458,Deputado Federal João Carlos Bacelar - Portal da Câmara dos Deputados,Página do(a) Deputado(a) João Carlos Bacelar na Câmara dos Deputados,https://www.camara.leg.br/internet/deputado/bandep/pagina_do_deputado/141458.jpg,camara,,"{""perfil_titulo"": ""Deputado Federal João Carlos Bacelar - Portal da Câmara dos Deputados"", ""perfil_descricao"": ""Página do(a) Deputado(a) João Carlos Bacelar na Câmara dos Deputados"", ""perfil_foto"": ""https://www.camara.leg.br/internet/deputado/bandep/pagina_do_deputado/141458.jpg""}"
Deputado João Cury,MDB,SP,Camara dos Deputados,CD,https://www.camara.leg.br/deputados/230957,Deputado Federal João Cury - Portal da Câmara dos Deputados,Página do(a) Deputado(a) João Cury na Câmara dos Deputados,https://www.camara.leg.br/internet/deputado/bandep/pagina_do_deputado/230957.jpg,camara,,"{""perfil_titulo"": ""Deputado Federal João Cury - Portal da Câmara dos Deputados"", ""perfil_descricao"": ""Página do(a) Deputado(a) João Cury na Câmara dos Deputados"", ""perfil_foto"": ""https://www.camara.leg.br/internet/deputado/bandep/pagina_do_deputado/230957.jpg""}"
Deputado João Daniel,PT,SE,Camara dos Deputados,CD,https://www.camara.leg.br/deputados/178970,Deputado Federal João Daniel - Portal da Câmara dos Deputados,Página do(a) Deputado(a) João Daniel na Câmara dos Deputados,https://www.camara.leg.br/internet/deputado/bandep/pagina_do_deputado/178970.jpg,camara,,"{""perfil_titulo"": ""Deputado Federal João Daniel - Portal da Câmara dos Deputados"", ""perfil_descricao"": ""Página do(a) Deputado(a) João Daniel na Câmara dos Deputados"", ""perfil_foto"": ""https://www.camara.leg.br/internet/deputado/bandep/pagina_do_deputado/178970.jpg""}"
Deputado João Maia,PP,RN,Camara dos Deputados,CD,https://www.camara.leg.br/deputados/141459,Deputado Federal João Maia - Portal da Câmara dos Deputados,Página do(a) Deputado(a) João Maia na Câmara dos Deputados,https://www.camara.leg.br/internet/deputado/bandep/pagina_do_deputado/141459.jpg,camara,,"{""perfil_titulo"": ""Deputado Federal João Maia - Portal da Câmara dos Deputados"", ""perfil_descricao"": ""Página do(a) Deputado(a) João Maia na Câmara dos Deputados"", ""perfil_foto"": ""https://www.camara.leg.br/internet/deputado/bandep/pagina_do_deputado/141459.jpg""}"
Deputado Joaquim Passarinho,PL,PA,Camara dos Deputados,CD,https://www.camara.leg.br/deputados/178910,Deputado Federal Joaquim Passarinho - Portal da Câmara dos Deputados,Página do(a) Deputado(a) Joaquim Passarinho na Câmara dos Deputados,https://www.camara.leg.br/internet/deputado/bandep/pagina_do_deputado/178910.jpg,camara,,"{""perfil_titulo"": ""Deputado Federal Joaquim Passarinho - Portal da Câmara dos Deputados"", ""perfil_descricao"": ""Página do(a) Deputado(a) Joaquim Passarinho na Câmara dos Deputados"", ""perfil_foto"": ""https://www.camara.leg.br/internet/deputado/bandep/pagina_do_deputado/178910.jpg""}"
Deputado Jonas Donizette,PSB,SP,Camara dos Deputados,CD,https://www.camara.leg.br/deputados/160548,Deputado Federal Jonas Donizette - Portal da Câmara dos Deputados,Página do(a) Deputado(a) Jonas Donizette na Câmara dos Deputados,https://www.camara.leg.br/internet/deputado/bandep/pagina_do_deputado/160548.jpg,camara,,"{""perfil_titulo"": ""Deputado Federal Jonas Donizette - Portal da Câmara dos Deputados"", ""perfil_descricao"": ""Página do(a) Deputado(a) Jonas Donizette na Câmara dos Deputados"", ""perfil_foto"": ""https://www.camara.leg.br/internet/deputado/bandep/pagina_do_deputado/160548.jpg""}"
Deputado Jorge Araújo,PP,BA,Camara dos Deputados,CD,https://www.camara.leg.br/deputados/235800,Deputado Federal Jorge Araújo - Portal da Câmara dos Deputados,Página do(a) Deputado(a) Jorge Araújo na Câmara dos Deputados,https://www.camara.leg.br/internet/deputado/bandep/pagina_do_deputado/235800.jpg,camara,,"{""perfil_titulo"": ""Deputado Federal Jorge Araújo - Portal da Câmara dos Deputados"", ""perfil_descricao"": ""Página do(a) Deputado(a) Jorge Araújo na Câmara dos Deputados"", ""perfil_foto"": ""https://www.camara.leg.br/internet/deputado/bandep/pagina_do_deputado/235800.jpg""}"
Deputado Jorge Braz,REPUBLICANOS,RJ,Camara dos Deputados,CD,https://www.camara.leg.br/deputados/205550,Deputado Federal Jorge Braz - Portal da Câmara dos Deputados,Página do(a) Deputado(a) Jorge Braz na Câmara dos Deputados,https://www.camara.leg.br/internet/deputado/bandep/pagina_do_deputado/205550.jpg,camara,,"{""perfil_titulo"": ""Deputado Federal Jorge Braz - Portal da Câmara dos Deputados"", ""perfil_descricao"": ""Página do(a) Deputado(a) Jorge Braz na Câmara dos Deputados"", ""perfil_foto"": ""https://www.camara.leg.br/internet/deputado/bandep/pagina_do_deputado/205550.jpg""}"
Deputado Jorge Goetten,REPUBLICANOS,SC,Camara dos Deputados,CD,https://www.camara.leg.br/deputados/214694,Deputado Federal Jorge Goetten - Portal da Câmara dos Deputados,Página do(a) Deputado(a) Jorge Goetten na Câmara dos Deputados,https://www.camara.leg.br/internet/deputado/bandep/pagina_do_deputado/214694.jpg,camara,,"{""perfil_titulo"": ""Deputado Federal Jorge Goetten - Portal da Câmara dos Deputados"", ""perfil_descricao"": ""Página do(a) Deputado(a) Jorge Goetten na Câmara dos Deputados"", ""perfil_foto"": ""https://www.camara.leg.br/internet/deputado/bandep/pagina_do_deputado/214694.jpg""}"
Senador Jorge Kajuru,PSB,GO,Senado Federal,SF,https://www25.senado.leg.br/web/senadores/senador/-/perfil/5895,Senador Jorge Kajuru - Senado Federal,Página da atuação parlamentar do(a) Senador Jorge Kajuru,,senado,,"{""perfil_titulo"": ""Senador Jorge Kajuru - Senado Federal"", ""perfil_descricao"": ""Página da atuação parlamentar do(a) Senador Jorge Kajuru"", ""perfil_foto"": """", ""sf_legislatura"": ""56ª Legislatura,57ª Legislatura"", ""sf_uf"": ""GO"", ""sf_ano"": ""2019,2020,2021,2022,2023,2024,2025,2026,2027"", ""sf_senador"": ""Jorge Kajuru"", ""sf_comissao"": ""CCJ,CEDP,CEsp,CI,CSP,FPAMM,FPBSJA,FPCIBERSEG,FPCULTURA,FPDNB,FPE,FPEMSN,FPEpTec,FPINVESTEBRASIL,FPJOVEM,FPMA,FPMPBAS,FPSTARTUPS,Frenfer,GPVENEZUELA,PTS"", ""sf_partido"": ""PSB"", ""nome_civil"": ""Jorge Kajuru Reis da Costa Nasser"", ""data_de_nascimento"": ""20/01/1961"", ""naturalidade"": ""Cajuru (SP)"", ""gabinete"": ""Senado Federal Anexo 2 Ala Nilo Coelho 1º Pavimento Gabinete 10"", ""telefones"": ""(61) 3303-2844 / 2031"", ""e_mail"": ""sen.jorgekajuru@senado.leg.br"", ""escritorio_de_apoio"": ""AVENIDA R-, 9. QUADRA R 10 LT. 11 SOBRADO Nº 03. SETOR OESTE, GOIANIA, GO. CEP:74125-110""}"
Deputado Jorge Solla,PT,BA,Camara dos Deputados,CD,https://www.camara.leg.br/deputados/178857,Deputado Federal Jorge Solla - Portal da Câmara dos Deputados,Página do(a) Deputado(a) Jorge Solla na Câmara dos Deputados,https://www.camara.leg.br/internet/deputado/bandep/pagina_do_deputado/178857.jpg,camara,,"{""perfil_titulo"": ""Deputado Federal Jorge Solla - Portal da Câmara dos Deputados"", ""perfil_descricao"": ""Página do(a) Deputado(a) Jorge Solla na Câmara dos Deputados"", ""perfil_foto"": ""https://www.camara.leg.br/internet/deputado/bandep/pagina_do_deputado/178857.jpg""}"
Deputado José Airton Félix Cirilo,PT,CE,Camara dos Deputados,CD,https://www.camara.leg.br/deputados/141464,Deputado Federal José Airton Félix Cirilo - Portal da Câmara dos Deputados,Página do(a) Deputado(a) José Airton Félix Cirilo na Câmara dos Deputados,https://www.camara.leg.br/internet/deputado/bandep/pagina_do_deputado/141464.jpg,camara,,"{""perfil_titulo"": ""Deputado Federal José Airton Félix Cirilo - Portal da Câmara dos Deputados"", ""perfil_descricao"": ""Página do(a) Deputado(a) José Airton Félix Cirilo na Câmara dos Deputados"", ""perfil_foto"": ""https://www.camara.leg.br/internet/deputado/bandep/pagina_do_deputado/141464.jpg""}"
Deputado José Carlos Araujo,DC,BA,Camara dos Deputados,CD,https://www.camara.leg.br/deputados/74140,Deputado Federal José Carlos Araujo - Portal da Câmara dos Deputados,Página do(a) Deputado(a) José Carlos Araujo na Câmara dos Deputados,https://www.camara.leg.br/internet/deputado/bandep/pagina_do_deputado/74140.jpg,camara,,"{""perfil_titulo"": ""Deputado Federal José Carlos Araujo - Portal da Câmara dos Deputados"", ""perfil_descricao"": ""Página do(a) Deputado(a) José Carlos Araujo na Câmara dos Deputados"", ""perfil_foto"": ""https://www.camara.leg.br/internet/deputado/bandep/pagina_do_deputado/74140.jpg""}"
Deputado Joseildo Ramos,PT,BA,Camara dos Deputados,CD,https://www.camara.leg.br/deputados/209189,Deputado Federal Joseildo Ramos - Portal da Câmara dos Deputados,Página do(a) Deputado(a) Joseildo Ramos na Câmara dos Deputados,https://www.camara.leg.br/internet/deputado/bandep/pagina_do_deputado/209189.jpg,camara,,"{""perfil_titulo"": ""Deputado Federal Joseildo Ramos - Portal da Câmara dos Deputados"", ""perfil_descricao"": ""Página do(a) Deputado(a) Joseildo Ramos na Câmara dos Deputados"", ""perfil_foto"": ""https://www.camara.leg.br/internet/deputado/bandep/pagina_do_deputado/209189.jpg""}"
Deputado José Medeiros,PL,MT,Camara dos Deputados,CD,https://www.camara.leg.br/deputados/204472,Deputado Federal José Medeiros - Portal da Câmara dos Deputados,Página do(a) Deputado(a) José Medeiros na Câmara dos Deputados,https://www.camara.leg.br/internet/deputado/bandep/pagina_do_deputado/204472.jpg,camara,,"{""perfil_titulo"": ""Deputado Federal José Medeiros - Portal da Câmara dos Deputados"", ""perfil_descricao"": ""Página do(a) Deputado(a) José Medeiros na Câmara dos Deputados"", ""perfil_foto"": ""https://www.camara.leg.br/internet/deputado/bandep/pagina_do_deputado/204472.jpg""}"
Deputado José Nelto,UNIÃO,GO,Camara dos Deputados,CD,https://www.camara.leg.br/deputados/204391,Deputado Federal José Nelto - Portal da Câmara dos Deputados,Página do(a) Deputado(a) José Nelto na Câmara dos Deputados,https://www.camara.leg.br/internet/deputado/bandep/pagina_do_deputado/204391.jpg,camara,,"{""perfil_titulo"": ""Deputado Federal José Nelto - Portal da Câmara dos Deputados"", ""perfil_descricao"": ""Página do(a) Deputado(a) José Nelto na Câmara dos Deputados"", ""perfil_foto"": ""https://www.camara.leg.br/internet/deputado/bandep/pagina_do_deputado/204391.jpg""}"
Deputado Josenildo,PDT,AP,Camara dos Deputados,CD,https://www.camara.leg.br/deputados/220578,Deputado Federal Josenildo - Portal da Câmara dos Deputados,Página do(a) Deputado(a) Josenildo na Câmara dos Deputados,https://www.camara.leg.br/internet/deputado/bandep/pagina_do_deputado/220578.jpg,camara,,"{""perfil_titulo"": ""Deputado Federal Josenildo - Portal da Câmara dos Deputados"", ""perfil_descricao"": ""Página do(a) Deputado(a) Josenildo na Câmara dos Deputados"", ""perfil_foto"": ""https://www.camara.leg.br/internet/deputado/bandep/pagina_do_deputado/220578.jpg""}"
Deputado José Priante,MDB,PA,Camara dos Deputados,CD,https://www.camara.leg.br/deputados/74079,Deputado Federal José Priante - Portal da Câmara dos Deputados,Página do(a) Deputado(a) José Priante na Câmara dos Deputados,https://www.camara.leg.br/internet/deputado/bandep/pagina_do_deputado/74079.jpg,camara,,"{""perfil_titulo"": ""Deputado Federal José Priante - Portal da Câmara dos Deputados"", ""perfil_descricao"": ""Página do(a) Deputado(a) José Priante na Câmara dos Deputados"", ""perfil_foto"": ""https://www.camara.leg.br/internet/deputado/bandep/pagina_do_deputado/74079.jpg""}"
Deputado José Rocha,UNIÃO,BA,Camara dos Deputados,CD,https://www.camara.leg.br/deputados/74554,Deputado Federal José Rocha - Portal da Câmara dos Deputados,Página do(a) Deputado(a) José Rocha na Câmara dos Deputados,https://www.camara.leg.br/internet/deputado/bandep/pagina_do_deputado/74554.jpg,camara,,"{""perfil_titulo"": ""Deputado Federal José Rocha - Portal da Câmara dos Deputados"", ""perfil_descricao"": ""Página do(a) Deputado(a) José Rocha na Câmara dos Deputados"", ""perfil_foto"": ""https://www.camara.leg.br/internet/deputado/bandep/pagina_do_deputado/74554.jpg""}"
Deputado Josimar Maranhãozinho,PL,MA,Camara dos Deputados,CD,https://www.camara.leg.br/deputados/204563,Deputado Federal Josimar Maranhãozinho - Portal da Câmara dos Deputados,Página do(a) Deputado(a) Josimar Maranhãozinho na Câmara dos Deputados,https://www.camara.leg.br/internet/deputado/bandep/pagina_do_deputado/204563.jpg,camara,,"{""perfil_titulo"": ""Deputado Federal Josimar Maranhãozinho - Portal da Câmara dos Deputados"", ""perfil_descricao"": ""Página do(a) Deputado(a) Josimar Maranhãozinho na Câmara dos Deputados"", ""perfil_foto"": ""https://www.camara.leg.br/internet/deputado/bandep/pagina_do_deputado/204563.jpg""}"
Deputado Josivaldo Jp,UNIÃO,MA,Camara dos Deputados,CD,https://www.camara.leg.br/deputados/215043,Deputado Federal Josivaldo JP - Portal da Câmara dos Deputados,Página do(a) Deputado(a) Josivaldo JP na Câmara dos Deputados,https://www.camara.leg.br/internet/deputado/bandep/pagina_do_deputado/215043.jpg,camara,,"{""perfil_titulo"": ""Deputado Federal Josivaldo JP - Portal da Câmara dos Deputados"", ""perfil_descricao"": ""Página do(a) Deputado(a) Josivaldo JP na Câmara dos Deputados"", ""perfil_foto"": ""https://www.camara.leg.br/internet/deputado/bandep/pagina_do_deputado/215043.jpg""}"
Deputado Juarez Costa,REPUBLICANOS,MT,Camara dos Deputados,CD,https://www.camara.leg.br/deputados/204474,Deputado Federal Juarez Costa - Portal da Câmara dos Deputados,Página do(a) Deputado(a) Juarez Costa na Câmara dos Deputados,https://www.camara.leg.br/internet/deputado/bandep/pagina_do_deputado/204474.jpg,camara,,"{""perfil_titulo"": ""Deputado Federal Juarez Costa - Portal da Câmara dos Deputados"", ""perfil_descricao"": ""Página do(a) Deputado(a) Juarez Costa na Câmara dos Deputados"", ""perfil_foto"": ""https://www.camara.leg.br/internet/deputado/bandep/pagina_do_deputado/204474.jpg""}"
Deputada Juliana Cardoso,PT,SP,Camara dos Deputados,CD,https://www.camara.leg.br/deputados/220640,Deputada Federal Juliana Cardoso - Portal da Câmara dos Deputados,Página do(a) Deputado(a) Juliana Cardoso na Câmara dos Deputados,https://www.camara.leg.br/internet/deputado/bandep/pagina_do_deputado/220640.jpg,camara,,"{""perfil_titulo"": ""Deputada Federal Juliana Cardoso - Portal da Câmara dos Deputados"", ""perfil_descricao"": ""Página do(a) Deputado(a) Juliana Cardoso na Câmara dos Deputados"", ""perfil_foto"": ""https://www.camara.leg.br/internet/deputado/bandep/pagina_do_deputado/220640.jpg""}"
Deputada Julia Zanatta,PL,SC,Camara dos Deputados,CD,https://www.camara.leg.br/deputados/220559,Deputada Federal Julia Zanatta - Portal da Câmara dos Deputados,Página do(a) Deputado(a) Julia Zanatta na Câmara dos Deputados,https://www.camara.leg.br/internet/deputado/bandep/pagina_do_deputado/220559.jpg,camara,,"{""perfil_titulo"": ""Deputada Federal Julia Zanatta - Portal da Câmara dos Deputados"", ""perfil_descricao"": ""Página do(a) Deputado(a) Julia Zanatta na Câmara dos Deputados"", ""perfil_foto"": ""https://www.camara.leg.br/internet/deputado/bandep/pagina_do_deputado/220559.jpg""}"
Deputado Julio Arcoverde,PP,PI,Camara dos Deputados,CD,https://www.camara.leg.br/deputados/66385,Deputado Federal Julio Arcoverde - Portal da Câmara dos Deputados,Página do(a) Deputado(a) Julio Arcoverde na Câmara dos Deputados,https://www.camara.leg.br/internet/deputado/bandep/pagina_do_deputado/66385.jpg,camara,,"{""perfil_titulo"": ""Deputado Federal Julio Arcoverde - Portal da Câmara dos Deputados"", ""perfil_descricao"": ""Página do(a) Deputado(a) Julio Arcoverde na Câmara dos Deputados"", ""perfil_foto"": ""https://www.camara.leg.br/internet/deputado/bandep/pagina_do_deputado/66385.jpg""}"
Deputado Júlio Cesar,PSD,PI,Camara dos Deputados,CD,https://www.camara.leg.br/deputados/74317,Deputado Federal Júlio Cesar - Portal da Câmara dos Deputados,Página do(a) Deputado(a) Júlio Cesar na Câmara dos Deputados,https://www.camara.leg.br/internet/deputado/bandep/pagina_do_deputado/74317.jpg,camara,,"{""perfil_titulo"": ""Deputado Federal Júlio Cesar - Portal da Câmara dos Deputados"", ""perfil_descricao"": ""Página do(a) Deputado(a) Júlio Cesar na Câmara dos Deputados"", ""perfil_foto"": ""https://www.camara.leg.br/internet/deputado/bandep/pagina_do_deputado/74317.jpg""}"
Deputado Julio Cesar Ribeiro,REPUBLICANOS,DF,Camara dos Deputados,CD,https://www.camara.leg.br/deputados/204372,Deputado Federal Julio Cesar Ribeiro - Portal da Câmara dos Deputados,Página do(a) Deputado(a) Julio Cesar Ribeiro na Câmara dos Deputados,https://www.camara.leg.br/internet/deputado/bandep/pagina_do_deputado/204372.jpg,camara,,"{""perfil_titulo"": ""Deputado Federal Julio Cesar Ribeiro - Portal da Câmara dos Deputados"", ""perfil_descricao"": ""Página do(a) Deputado(a) Julio Cesar Ribeiro na Câmara dos Deputados"", ""perfil_foto"": ""https://www.camara.leg.br/internet/deputado/bandep/pagina_do_deputado/204372.jpg""}"
Deputado Julio Lopes,PP,RJ,Camara dos Deputados,CD,https://www.camara.leg.br/deputados/74253,Deputado Federal Julio Lopes - Portal da Câmara dos Deputados,Página do(a) Deputado(a) Julio Lopes na Câmara dos Deputados,https://www.camara.leg.br/internet/deputado/bandep/pagina_do_deputado/74253.jpg,camara,,"{""perfil_titulo"": ""Deputado Federal Julio Lopes - Portal da Câmara dos Deputados"", ""perfil_descricao"": ""Página do(a) Deputado(a) Julio Lopes na Câmara dos Deputados"", ""perfil_foto"": ""https://www.camara.leg.br/internet/deputado/bandep/pagina_do_deputado/74253.jpg""}"
Deputado Juninho Do Pneu,PSDB,RJ,Camara dos Deputados,CD,https://www.camara.leg.br/deputados/204457,Deputado Federal Juninho do Pneu - Portal da Câmara dos Deputados,Página do(a) Deputado(a) Juninho do Pneu na Câmara dos Deputados,https://www.camara.leg.br/internet/deputado/bandep/pagina_do_deputado/204457.jpg,camara,,"{""perfil_titulo"": ""Deputado Federal Juninho do Pneu - Portal da Câmara dos Deputados"", ""perfil_descricao"": ""Página do(a) Deputado(a) Juninho do Pneu na Câmara dos Deputados"", ""perfil_foto"": ""https://www.camara.leg.br/internet/deputado/bandep/pagina_do_deputado/204457.jpg""}"
Deputado Junio Amaral,PL,MG,Camara dos Deputados,CD,https://www.camara.leg.br/deputados/204520,Deputado Federal Junio Amaral - Portal da Câmara dos Deputados,Página do(a) Deputado(a) Junio Amaral na Câmara dos Deputados,https://www.camara.leg.br/internet/deputado/bandep/pagina_do_deputado/204520.jpg,camara,,"{""perfil_titulo"": ""Deputado Federal Junio Amaral - Portal da Câmara dos Deputados"", ""perfil_descricao"": ""Página do(a) Deputado(a) Junio Amaral na Câmara dos Deputados"", ""perfil_foto"": ""https://www.camara.leg.br/internet/deputado/bandep/pagina_do_deputado/204520.jpg""}"
Deputado Júnior Ferrari,PSD,PA,Camara dos Deputados,CD,https://www.camara.leg.br/deputados/204497,Deputado Federal Júnior Ferrari - Portal da Câmara dos Deputados,Página do(a) Deputado(a) Júnior Ferrari na Câmara dos Deputados,https://www.camara.leg.br/internet/deputado/bandep/pagina_do_deputado/204497.jpg,camara,,"{""perfil_titulo"": ""Deputado Federal Júnior Ferrari - Portal da Câmara dos Deputados"", ""perfil_descricao"": ""Página do(a) Deputado(a) Júnior Ferrari na Câmara dos Deputados"", ""perfil_foto"": ""https://www.camara.leg.br/internet/deputado/bandep/pagina_do_deputado/204497.jpg""}"
Deputado Junior Lourenço,MDB,MA,Camara dos Deputados,CD,https://www.camara.leg.br/deputados/204574,Deputado Federal Junior Lourenço - Portal da Câmara dos Deputados,Página do(a) Deputado(a) Junior Lourenço na Câmara dos Deputados,https://www.camara.leg.br/internet/deputado/bandep/pagina_do_deputado/204574.jpg,camara,,"{""perfil_titulo"": ""Deputado Federal Junior Lourenço - Portal da Câmara dos Deputados"", ""perfil_descricao"": ""Página do(a) Deputado(a) Junior Lourenço na Câmara dos Deputados"", ""perfil_foto"": ""https://www.camara.leg.br/internet/deputado/bandep/pagina_do_deputado/204574.jpg""}"
Deputado Júnior Mano,PSB,CE,Camara dos Deputados,CD,https://www.camara.leg.br/deputados/204550,Deputado Federal Júnior Mano - Portal da Câmara dos Deputados,Página do(a) Deputado(a) Júnior Mano na Câmara dos Deputados,https://www.camara.leg.br/internet/deputado/bandep/pagina_do_deputado/204550.jpg,camara,,"{""perfil_titulo"": ""Deputado Federal Júnior Mano - Portal da Câmara dos Deputados"", ""perfil_descricao"": ""Página do(a) Deputado(a) Júnior Mano na Câmara dos Deputados"", ""perfil_foto"": ""https://www.camara.leg.br/internet/deputado/bandep/pagina_do_deputado/204550.jpg""}"
Deputado Juscelino Filho,PSDB,MA,Camara dos Deputados,CD,https://www.camara.leg.br/deputados/178886,Deputado Federal Juscelino Filho - Portal da Câmara dos Deputados,Página do(a) Deputado(a) Juscelino Filho na Câmara dos Deputados,https://www.camara.leg.br/internet/deputado/bandep/pagina_do_deputado/178886.jpg,camara,,"{""perfil_titulo"": ""Deputado Federal Juscelino Filho - Portal da Câmara dos Deputados"", ""perfil_descricao"": ""Página do(a) Deputado(a) Juscelino Filho na Câmara dos Deputados"", ""perfil_foto"": ""https://www.camara.leg.br/internet/deputado/bandep/pagina_do_deputado/178886.jpg""}"
Senadora Jussara Lima,PSD,PI,Senado Federal,SF,https://www25.senado.leg.br/web/senadores/senador/-/perfil/6369,Senadora Jussara Lima - Senado Federal,Página da atuação parlamentar do(a) Senadora Jussara Lima,,senado,,"{""perfil_titulo"": ""Senadora Jussara Lima - Senado Federal"", ""perfil_descricao"": ""Página da atuação parlamentar do(a) Senadora Jussara Lima"", ""perfil_foto"": """", ""sf_legislatura"": ""58ª Legislatura,57ª Legislatura"", ""sf_uf"": ""PI"", ""sf_ano"": ""2023,2024,2025,2026,2027,2028,2029,2030,2031"", ""sf_senador"": ""Jussara Lima"", ""sf_comissao"": ""CAS,CDH,CDR,CE,CMCVM,CRA,FPAMM,FPC,FPCULTURA,FPMA,FPMATOPIBA"", ""sf_partido"": ""PSD"", ""nome_civil"": ""Antônia Jussara Gomes Alves Sousa Lima"", ""data_de_nascimento"": ""05/12/1960"", ""naturalidade"": ""Fronteiras (PI)"", ""gabinete"": ""Senado Federal Anexo 2 Ala Ruy Carneiro Gabinete 04"", ""telefones"": ""(61) 3303-5800"", ""e_mail"": ""sen.jussaralima@senado.leg.br"", ""escritorio_de_apoio"": ""AVENIDA ALZIRA PEDROSA, 370. NOIVOS, TERESINA, PI. CEP:64046150""}"
Deputado Keniston Braga,MDB,PA,Camara dos Deputados,CD,https://www.camara.leg.br/deputados/220677,Deputado Federal Keniston Braga - Portal da Câmara dos Deputados,Página do(a) Deputado(a) Keniston Braga na Câmara dos Deputados,https://www.camara.leg.br/internet/deputado/bandep/pagina_do_deputado/220677.jpg,camara,,"{""perfil_titulo"": ""Deputado Federal Keniston Braga - Portal da Câmara dos Deputados"", ""perfil_descricao"": ""Página do(a) Deputado(a) Keniston Braga na Câmara dos Deputados"", ""perfil_foto"": ""https://www.camara.leg.br/internet/deputado/bandep/pagina_do_deputado/220677.jpg""}"
Deputado Kiko Celeguim,PT,SP,Camara dos Deputados,CD,https://www.camara.leg.br/deputados/162067,Deputado Federal Kiko Celeguim - Portal da Câmara dos Deputados,Página do(a) Deputado(a) Kiko Celeguim na Câmara dos Deputados,https://www.camara.leg.br/internet/deputado/bandep/pagina_do_deputado/162067.jpg,camara,,"{""perfil_titulo"": ""Deputado Federal Kiko Celeguim - Portal da Câmara dos Deputados"", ""perfil_descricao"": ""Página do(a) Deputado(a) Kiko Celeguim na Câmara dos Deputados"", ""perfil_foto"": ""https://www.camara.leg.br/internet/deputado/bandep/pagina_do_deputado/162067.jpg""}"
Deputado Kim Kataguiri,MISSÃO,SP,Camara dos Deputados,CD,https://www.camara.leg.br/deputados/204536,Deputado Federal Kim Kataguiri - Portal da Câmara dos Deputados,Página do(a) Deputado(a) Kim Kataguiri na Câmara dos Deputados,https://www.camara.leg.br/internet/deputado/bandep/pagina_do_deputado/204536.jpg,camara,,"{""perfil_titulo"": ""Deputado Federal Kim Kataguiri - Portal da Câmara dos Deputados"", ""perfil_descricao"": ""Página do(a) Deputado(a) Kim Kataguiri na Câmara dos Deputados"", ""perfil_foto"": ""https://www.camara.leg.br/internet/deputado/bandep/pagina_do_deputado/204536.jpg""}"
Senador Laércio Oliveira,PP,SE,Senado Federal,SF,https://www25.senado.leg.br/web/senadores/senador/-/perfil/4811,Senador Laércio Oliveira - Senado Federal,Página da atuação parlamentar do(a) Senador Laércio Oliveira,,senado,,"{""perfil_titulo"": ""Senador Laércio Oliveira - Senado Federal"", ""perfil_descricao"": ""Página da atuação parlamentar do(a) Senador Laércio Oliveira"", ""perfil_foto"": """", ""sf_legislatura"": ""58ª Legislatura,57ª Legislatura"", ""sf_uf"": ""SE"", ""sf_ano"": ""2023,2024,2025,2026,2027,2028,2029,2030,2031"", ""sf_senador"": ""Laércio Oliveira"", ""sf_comissao"": ""CAE,CAS,CCJ,CDH,CDR,CE,CI,CRE,CTCIVIL,CTFC,FPAMM,FPBSJA,FPDEPMEB,FPE,FPEMSN,FPEpTec,FPINVESTEBRASIL,FPMDM,FPMDPI,FPRNE,GPARABIASAUDITA,GP-BRICS-SF,GPISRAEL,GPJAPÃO"", ""sf_partido"": ""PP"", ""nome_civil"": ""Laércio José de Oliveira"", ""data_de_nascimento"": ""15/04/1959"", ""naturalidade"": ""Recife (PE)"", ""gabinete"": ""Senado Federal Anexo 2 Ala Teotônio Vilela Gabinete 09"", ""telefones"": ""(61) 3303-1763 / 1764"", ""e_mail"": ""sen.laerciooliveira@senado.leg.br"", ""site_pessoal"": ""Site pessoal (página de responsabilidade do gabinete do senador)"", ""escritorio_de_apoio"": ""RUA RIACHUELO, 455. SÃO JOSÉ. ARACAJU, SE. CEP:49015160""}"
Deputado Lafayette De Andrada,PL,MG,Camara dos Deputados,CD,https://www.camara.leg.br/deputados/98057,Deputado Federal Lafayette de Andrada - Portal da Câmara dos Deputados,Página do(a) Deputado(a) Lafayette de Andrada na Câmara dos Deputados,https://www.camara.leg.br/internet/deputado/bandep/pagina_do_deputado/98057.jpg,camara,,"{""perfil_titulo"": ""Deputado Federal Lafayette de Andrada - Portal da Câmara dos Deputados"", ""perfil_descricao"": ""Página do(a) Deputado(a) Lafayette de Andrada na Câmara dos Deputados"", ""perfil_foto"": ""https://www.camara.leg.br/internet/deputado/bandep/pagina_do_deputado/98057.jpg""}"
Deputada Laura Carneiro,PSD,RJ,Camara dos Deputados,CD,https://www.camara.leg.br/deputados/74856,Deputada Federal Laura Carneiro - Portal da Câmara dos Deputados,Página do(a) Deputado(a) Laura Carneiro na Câmara dos Deputados,https://www.camara.leg.br/internet/deputado/bandep/pagina_do_deputado/74856.jpg,camara,,"{""perfil_titulo"": ""Deputada Federal Laura Carneiro - Portal da Câmara dos Deputados"", ""perfil_descricao"": ""Página do(a) Deputado(a) Laura Carneiro na Câmara dos Deputados"", ""perfil_foto"": ""https://www.camara.leg.br/internet/deputado/bandep/pagina_do_deputado/74856.jpg""}"
Deputada Leandre,PSD,PR,Camara dos Deputados,CD,https://www.camara.leg.br/deputados/178832,Deputada Federal Leandre - Portal da Câmara dos Deputados,Página do(a) Deputado(a) Leandre na Câmara dos Deputados,https://www.camara.leg.br/internet/deputado/bandep/pagina_do_deputado/178832.jpg,camara,,"{""perfil_titulo"": ""Deputada Federal Leandre - Portal da Câmara dos Deputados"", ""perfil_descricao"": ""Página do(a) Deputado(a) Leandre na Câmara dos Deputados"", ""perfil_foto"": ""https://www.camara.leg.br/internet/deputado/bandep/pagina_do_deputado/178832.jpg""}"
Deputada Lêda Borges,REPUBLICANOS,GO,Camara dos Deputados,CD,https://www.camara.leg.br/deputados/220566,Deputada Federal Lêda Borges - Portal da Câmara dos Deputados,Página do(a) Deputado(a) Lêda Borges na Câmara dos Deputados,https://www.camara.leg.br/internet/deputado/bandep/pagina_do_deputado/220566.jpg,camara,,"{""perfil_titulo"": ""Deputada Federal Lêda Borges - Portal da Câmara dos Deputados"", ""perfil_descricao"": ""Página do(a) Deputado(a) Lêda Borges na Câmara dos Deputados"", ""perfil_foto"": ""https://www.camara.leg.br/internet/deputado/bandep/pagina_do_deputado/220566.jpg""}"
Senadora Leila Barros,PDT,DF,Senado Federal,SF,https://www25.senado.leg.br/web/senadores/senador/-/perfil/5979,Senadora Leila Barros - Senado Federal,Página da atuação parlamentar do(a) Senadora Leila Barros,,senado,,"{""perfil_titulo"": ""Senadora Leila Barros - Senado Federal"", ""perfil_descricao"": ""Página da atuação parlamentar do(a) Senadora Leila Barros"", ""perfil_foto"": """", ""sf_legislatura"": ""56ª Legislatura,57ª Legislatura"", ""sf_uf"": ""DF"", ""sf_ano"": ""2019,2020,2021,2022,2023,2024,2025,2026,2027"", ""sf_senador"": ""Leila Barros"", ""sf_comissao"": ""CAE,CAS,CCC,CCJ,CE,CEsp,CMA,CMCVM,CMO,CSDP,FPAMM,FPC,FPDPP,FPINVESTEBRASIL,FPJOVEM,FPMA,FPMF,FPPAZ,FPRNE,GP-BRICS-SF,GPCAZAQUISTÃO,GPCHINA,GPOTCAM,GPSUIÇA"", ""sf_partido"": ""PDT"", ""nome_civil"": ""Leila Gomes de Barros Rêgo"", ""data_de_nascimento"": ""30/09/1971"", ""naturalidade"": ""Brasília (DF)"", ""gabinete"": ""Senado Federal Anexo 2 Ala Teotônio Vilela Gabinete 03"", ""telefones"": ""(61) 3303-6427"", ""e_mail"": ""sen.leilabarros@senado.leg.br"", ""site_pessoal"": ""Site pessoal (página de responsabilidade do gabinete do senador)""}"
Deputado Leonardo Gadelha,PODE,PB,Camara dos Deputados,CD,https://www.camara.leg.br/deputados/122195,Deputado Federal Leonardo Gadelha - Portal da Câmara dos Deputados,Página do(a) Deputado(a) Leonardo Gadelha na Câmara dos Deputados,https://www.camara.leg.br/internet/deputado/bandep/pagina_do_deputado/122195.jpg,camara,,"{""perfil_titulo"": ""Deputado Federal Leonardo Gadelha - Portal da Câmara dos Deputados"", ""perfil_descricao"": ""Página do(a) Deputado(a) Leonardo Gadelha na Câmara dos Deputados"", ""perfil_foto"": ""https://www.camara.leg.br/internet/deputado/bandep/pagina_do_deputado/122195.jpg""}"
Deputado Leonardo Monteiro,PT,MG,Camara dos Deputados,CD,https://www.camara.leg.br/deputados/74156,Deputado Federal Leonardo Monteiro - Portal da Câmara dos Deputados,Página do(a) Deputado(a) Leonardo Monteiro na Câmara dos Deputados,https://www.camara.leg.br/internet/deputado/bandep/pagina_do_deputado/74156.jpg,camara,,"{""perfil_titulo"": ""Deputado Federal Leonardo Monteiro - Portal da Câmara dos Deputados"", ""perfil_descricao"": ""Página do(a) Deputado(a) Leonardo Monteiro na Câmara dos Deputados"", ""perfil_foto"": ""https://www.camara.leg.br/internet/deputado/bandep/pagina_do_deputado/74156.jpg""}"
Deputado Leur Lomanto Júnior,UNIÃO,BA,Camara dos Deputados,CD,https://www.camara.leg.br/deputados/92102,Deputado Federal Leur Lomanto Júnior - Portal da Câmara dos Deputados,Página do(a) Deputado(a) Leur Lomanto Júnior na Câmara dos Deputados,https://www.camara.leg.br/internet/deputado/bandep/pagina_do_deputado/92102.jpg,camara,,"{""perfil_titulo"": ""Deputado Federal Leur Lomanto Júnior - Portal da Câmara dos Deputados"", ""perfil_descricao"": ""Página do(a) Deputado(a) Leur Lomanto Júnior na Câmara dos Deputados"", ""perfil_foto"": ""https://www.camara.leg.br/internet/deputado/bandep/pagina_do_deputado/92102.jpg""}"
Deputada Lídice Da Mata,PSB,BA,Camara dos Deputados,CD,https://www.camara.leg.br/deputados/139285,Deputada Federal Lídice da Mata - Portal da Câmara dos Deputados,Página do(a) Deputado(a) Lídice da Mata na Câmara dos Deputados,https://www.camara.leg.br/internet/deputado/bandep/pagina_do_deputado/139285.jpg,camara,,"{""perfil_titulo"": ""Deputada Federal Lídice da Mata - Portal da Câmara dos Deputados"", ""perfil_descricao"": ""Página do(a) Deputado(a) Lídice da Mata na Câmara dos Deputados"", ""perfil_foto"": ""https://www.camara.leg.br/internet/deputado/bandep/pagina_do_deputado/139285.jpg""}"
Deputado Lincoln Portela,PL,MG,Camara dos Deputados,CD,https://www.camara.leg.br/deputados/74585,Deputado Federal Lincoln Portela - Portal da Câmara dos Deputados,Página do(a) Deputado(a) Lincoln Portela na Câmara dos Deputados,https://www.camara.leg.br/internet/deputado/bandep/pagina_do_deputado/74585.jpg,camara,,"{""perfil_titulo"": ""Deputado Federal Lincoln Portela - Portal da Câmara dos Deputados"", ""perfil_descricao"": ""Página do(a) Deputado(a) Lincoln Portela na Câmara dos Deputados"", ""perfil_foto"": ""https://www.camara.leg.br/internet/deputado/bandep/pagina_do_deputado/74585.jpg""}"
Deputado Lindbergh Farias,PT,RJ,Camara dos Deputados,CD,https://www.camara.leg.br/deputados/74858,Deputado Federal Lindbergh Farias - Portal da Câmara dos Deputados,Página do(a) Deputado(a) Lindbergh Farias na Câmara dos Deputados,https://www.camara.leg.br/internet/deputado/bandep/pagina_do_deputado/74858.jpg,camara,,"{""perfil_titulo"": ""Deputado Federal Lindbergh Farias - Portal da Câmara dos Deputados"", ""perfil_descricao"": ""Página do(a) Deputado(a) Lindbergh Farias na Câmara dos Deputados"", ""perfil_foto"": ""https://www.camara.leg.br/internet/deputado/bandep/pagina_do_deputado/74858.jpg""}"
Senadora Lourdinha Pereira,PSB,MA,Senado Federal,SF,https://www25.senado.leg.br/web/senadores/senador/-/perfil/6359,Senadora Lourdinha Pereira - Senado Federal,Página da atuação parlamentar do(a) Senadora Lourdinha Pereira,,senado,,"{""perfil_titulo"": ""Senadora Lourdinha Pereira - Senado Federal"", ""perfil_descricao"": ""Página da atuação parlamentar do(a) Senadora Lourdinha Pereira"", ""perfil_foto"": """", ""sf_legislatura"": ""58ª Legislatura,57ª Legislatura"", ""sf_uf"": ""MA"", ""sf_ano"": ""2023,2024,2025,2026,2027,2028,2029,2030,2031"", ""sf_senador"": ""Lourdinha Pereira"", ""sf_partido"": ""PSB"", ""nome_civil"": ""Maria de Lourdes Pereira e Pereira"", ""data_de_nascimento"": ""29/06/1956"", ""gabinete"": ""Senado Federal Anexo 1 16º Pavimento"", ""telefones"": ""(61) 3303-2967"", ""escritorio_de_apoio"": ""RUA DAS SUCUPIRAS, 30. QUADRA 39. RENASCENÇA II, SÃO LUIS, MA. CEP:65075400""}"
Senador Lucas Barreto,PSD,AP,Senado Federal,SF,https://www25.senado.leg.br/web/senadores/senador/-/perfil/5926,Senador Lucas Barreto - Senado Federal,Página da atuação parlamentar do(a) Senador Lucas Barreto,,senado,,"{""perfil_titulo"": ""Senador Lucas Barreto - Senado Federal"", ""perfil_descricao"": ""Página da atuação parlamentar do(a) Senador Lucas Barreto"", ""perfil_foto"": """", ""sf_legislatura"": ""56ª Legislatura,57ª Legislatura"", ""sf_uf"": ""AP"", ""sf_ano"": ""2019,2020,2021,2022,2023,2024,2025,2026,2027"", ""sf_senador"": ""Lucas Barreto"", ""sf_comissao"": ""CAE,CAS,CCT,CEDP,CI,CMO,CPCMS,FPCULTURA,FPDEPMEB,FPDNB,FPEMSN,FPINVESTEBRASIL,GPARABIASAUDITA,GP-BRICS-SF,GPINDIA,GPLÍBANO,GPSUIÇA"", ""sf_partido"": ""PSD"", ""nome_civil"": ""Luiz Cantuária Barreto"", ""data_de_nascimento"": ""10/11/1964"", ""naturalidade"": ""Macapa (AP)"", ""gabinete"": ""Senado Federal Anexo 2 Ala Affonso Arinos Gabinete 02"", ""telefones"": ""(61) 3303-4851"", ""e_mail"": ""sen.lucasbarreto@senado.leg.br"", ""escritorio_de_apoio"": ""AVENIDA EQUATORIAL, 2265. JARDIM MARCO ZERO, MACAPA, AP. CEP:68903-361""}"
Deputado Lucas Ramos,PSB,PE,Camara dos Deputados,CD,https://www.camara.leg.br/deputados/220662,Deputado Federal Lucas Ramos - Portal da Câmara dos Deputados,Página do(a) Deputado(a) Lucas Ramos na Câmara dos Deputados,https://www.camara.leg.br/internet/deputado/bandep/pagina_do_deputado/220662.jpg,camara,,"{""perfil_titulo"": ""Deputado Federal Lucas Ramos - Portal da Câmara dos Deputados"", ""perfil_descricao"": ""Página do(a) Deputado(a) Lucas Ramos na Câmara dos Deputados"", ""perfil_foto"": ""https://www.camara.leg.br/internet/deputado/bandep/pagina_do_deputado/220662.jpg""}"
Deputado Lucas Redecker,PSD,RS,Camara dos Deputados,CD,https://www.camara.leg.br/deputados/204404,Deputado Federal Lucas Redecker - Portal da Câmara dos Deputados,Página do(a) Deputado(a) Lucas Redecker na Câmara dos Deputados,https://www.camara.leg.br/internet/deputado/bandep/pagina_do_deputado/204404.jpg,camara,,"{""perfil_titulo"": ""Deputado Federal Lucas Redecker - Portal da Câmara dos Deputados"", ""perfil_descricao"": ""Página do(a) Deputado(a) Lucas Redecker na Câmara dos Deputados"", ""perfil_foto"": ""https://www.camara.leg.br/internet/deputado/bandep/pagina_do_deputado/204404.jpg""}"
Deputado Luciano Amaral,PSD,AL,Camara dos Deputados,CD,https://www.camara.leg.br/deputados/220581,Deputado Federal Luciano Amaral - Portal da Câmara dos Deputados,Página do(a) Deputado(a) Luciano Amaral na Câmara dos Deputados,https://www.camara.leg.br/internet/deputado/bandep/pagina_do_deputado/220581.jpg,camara,,"{""perfil_titulo"": ""Deputado Federal Luciano Amaral - Portal da Câmara dos Deputados"", ""perfil_descricao"": ""Página do(a) Deputado(a) Luciano Amaral na Câmara dos Deputados"", ""perfil_foto"": ""https://www.camara.leg.br/internet/deputado/bandep/pagina_do_deputado/220581.jpg""}"
Deputado Luciano Bivar,MDB,PE,Camara dos Deputados,CD,https://www.camara.leg.br/deputados/74478,Deputado Federal Luciano Bivar - Portal da Câmara dos Deputados,Página do(a) Deputado(a) Luciano Bivar na Câmara dos Deputados,https://www.camara.leg.br/internet/deputado/bandep/pagina_do_deputado/74478.jpg,camara,,"{""perfil_titulo"": ""Deputado Federal Luciano Bivar - Portal da Câmara dos Deputados"", ""perfil_descricao"": ""Página do(a) Deputado(a) Luciano Bivar na Câmara dos Deputados"", ""perfil_foto"": ""https://www.camara.leg.br/internet/deputado/bandep/pagina_do_deputado/74478.jpg""}"
Deputado Luciano Ducci,PSB,PR,Camara dos Deputados,CD,https://www.camara.leg.br/deputados/178931,Deputado Federal Luciano Ducci - Portal da Câmara dos Deputados,Página do(a) Deputado(a) Luciano Ducci na Câmara dos Deputados,https://www.camara.leg.br/internet/deputado/bandep/pagina_do_deputado/178931.jpg,camara,,"{""perfil_titulo"": ""Deputado Federal Luciano Ducci - Portal da Câmara dos Deputados"", ""perfil_descricao"": ""Página do(a) Deputado(a) Luciano Ducci na Câmara dos Deputados"", ""perfil_foto"": ""https://www.camara.leg.br/internet/deputado/bandep/pagina_do_deputado/178931.jpg""}"
Deputado Lucio Mosquini,PL,RO,Camara dos Deputados,CD,https://www.camara.leg.br/deputados/178954,Deputado Federal Lucio Mosquini - Portal da Câmara dos Deputados,Página do(a) Deputado(a) Lucio Mosquini na Câmara dos Deputados,https://www.camara.leg.br/internet/deputado/bandep/pagina_do_deputado/178954.jpg,camara,,"{""perfil_titulo"": ""Deputado Federal Lucio Mosquini - Portal da Câmara dos Deputados"", ""perfil_descricao"": ""Página do(a) Deputado(a) Lucio Mosquini na Câmara dos Deputados"", ""perfil_foto"": ""https://www.camara.leg.br/internet/deputado/bandep/pagina_do_deputado/178954.jpg""}"
Deputada Luisa Canziani,UNIÃO,PR,Camara dos Deputados,CD,https://www.camara.leg.br/deputados/204410,Deputada Federal Luisa Canziani - Portal da Câmara dos Deputados,Página do(a) Deputado(a) Luisa Canziani na Câmara dos Deputados,https://www.camara.leg.br/internet/deputado/bandep/pagina_do_deputado/204410.jpg,camara,,"{""perfil_titulo"": ""Deputada Federal Luisa Canziani - Portal da Câmara dos Deputados"", ""perfil_descricao"": ""Página do(a) Deputado(a) Luisa Canziani na Câmara dos Deputados"", ""perfil_foto"": ""https://www.camara.leg.br/internet/deputado/bandep/pagina_do_deputado/204410.jpg""}"
Senador Luis Carlos Heinze,PP,RS,Senado Federal,SF,https://www25.senado.leg.br/web/senadores/senador/-/perfil/1186,Senador Luis Carlos Heinze - Senado Federal,Página da atuação parlamentar do(a) Senador Luis Carlos Heinze,,senado,,"{""perfil_titulo"": ""Senador Luis Carlos Heinze - Senado Federal"", ""perfil_descricao"": ""Página da atuação parlamentar do(a) Senador Luis Carlos Heinze"", ""perfil_foto"": """", ""sf_legislatura"": ""56ª Legislatura,57ª Legislatura"", ""sf_uf"": ""RS"", ""sf_ano"": ""2019,2020,2021,2022,2023,2024,2025,2026,2027"", ""sf_senador"": ""Luis Carlos Heinze"", ""sf_comissao"": ""CAE,CDD,CI,CMA,CPCMS,CRA,CRE,CSP,FPAMM,FPBSJA,FPDEPMEB,FPDNB,FPDPP,FPELETROMOBILIDADE,FPEMSN,FPINVESTEBRASIL,FPJOVEM,FPMDFAV,FPTRB,Frenfer,GPMARROCOS,GPRCOREIA"", ""sf_partido"": ""PP"", ""nome_civil"": ""Luis Carlos Heinze"", ""data_de_nascimento"": ""14/09/1950"", ""naturalidade"": ""Candelária (RS)"", ""gabinete"": ""Senado Federal Anexo 2 Ala Affonso Arinos Gabinete 05"", ""telefones"": ""(61) 3303-4124 / 4127 / 4129 / 4132"", ""e_mail"": ""sen.luiscarlosheinze@senado.leg.br"", ""escritorio_de_apoio"": [""RUA GENERAL OSÓRIO, 1775. SÃO BORJA, RS. CEP:97670-000"", ""RUA RIACHUELO, 1098. SALA 504. CENTRO HISTÓRICO, PORTO ALEGRE, RS. CEP:90010-270""]}"
Deputado Luis Tibé,AVANTE,MG,Camara dos Deputados,CD,https://www.camara.leg.br/deputados/160510,Deputado Federal Luis Tibé - Portal da Câmara dos Deputados,Página do(a) Deputado(a) Luis Tibé na Câmara dos Deputados,https://www.camara.leg.br/internet/deputado/bandep/pagina_do_deputado/160510.jpg,camara,,"{""perfil_titulo"": ""Deputado Federal Luis Tibé - Portal da Câmara dos Deputados"", ""perfil_descricao"": ""Página do(a) Deputado(a) Luis Tibé na Câmara dos Deputados"", ""perfil_foto"": ""https://www.camara.leg.br/internet/deputado/bandep/pagina_do_deputado/160510.jpg""}"
Deputada Luiza Erundina,PSOL,SP,Camara dos Deputados,CD,https://www.camara.leg.br/deputados/74784,Deputada Federal Luiza Erundina - Portal da Câmara dos Deputados,Página do(a) Deputado(a) Luiza Erundina na Câmara dos Deputados,https://www.camara.leg.br/internet/deputado/bandep/pagina_do_deputado/74784.jpg,camara,,"{""perfil_titulo"": ""Deputada Federal Luiza Erundina - Portal da Câmara dos Deputados"", ""perfil_descricao"": ""Página do(a) Deputado(a) Luiza Erundina na Câmara dos Deputados"", ""perfil_foto"": ""https://www.camara.leg.br/internet/deputado/bandep/pagina_do_deputado/74784.jpg""}"
Deputado Luiz Carlos Busato,UNIÃO,RS,Camara dos Deputados,CD,https://www.camara.leg.br/deputados/141485,Deputado Federal Luiz Carlos Busato - Portal da Câmara dos Deputados,Página do(a) Deputado(a) Luiz Carlos Busato na Câmara dos Deputados,https://www.camara.leg.br/internet/deputado/bandep/pagina_do_deputado/141485.jpg,camara,,"{""perfil_titulo"": ""Deputado Federal Luiz Carlos Busato - Portal da Câmara dos Deputados"", ""perfil_descricao"": ""Página do(a) Deputado(a) Luiz Carlos Busato na Câmara dos Deputados"", ""perfil_foto"": ""https://www.camara.leg.br/internet/deputado/bandep/pagina_do_deputado/141485.jpg""}"
Deputado Luiz Carlos Hauly,PODE,PR,Camara dos Deputados,CD,https://www.camara.leg.br/deputados/73778,Deputado Federal Luiz Carlos Hauly - Portal da Câmara dos Deputados,Página do(a) Deputado(a) Luiz Carlos Hauly na Câmara dos Deputados,https://www.camara.leg.br/internet/deputado/bandep/pagina_do_deputado/73778.jpg,camara,,"{""perfil_titulo"": ""Deputado Federal Luiz Carlos Hauly - Portal da Câmara dos Deputados"", ""perfil_descricao"": ""Página do(a) Deputado(a) Luiz Carlos Hauly na Câmara dos Deputados"", ""perfil_foto"": ""https://www.camara.leg.br/internet/deputado/bandep/pagina_do_deputado/73778.jpg""}"
Deputado Luiz Carlos Motta,PL,SP,Camara dos Deputados,CD,https://www.camara.leg.br/deputados/204485,Deputado Federal Luiz Carlos Motta - Portal da Câmara dos Deputados,Página do(a) Deputado(a) Luiz Carlos Motta na Câmara dos Deputados,https://www.camara.leg.br/internet/deputado/bandep/pagina_do_deputado/204485.jpg,camara,,"{""perfil_titulo"": ""Deputado Federal Luiz Carlos Motta - Portal da Câmara dos Deputados"", ""perfil_descricao"": ""Página do(a) Deputado(a) Luiz Carlos Motta na Câmara dos Deputados"", ""perfil_foto"": ""https://www.camara.leg.br/internet/deputado/bandep/pagina_do_deputado/204485.jpg""}"
Deputado Luiz Couto,PT,PB,Camara dos Deputados,CD,https://www.camara.leg.br/deputados/74041,Deputado Federal Luiz Couto - Portal da Câmara dos Deputados,Página do(a) Deputado(a) Luiz Couto na Câmara dos Deputados,https://www.camara.leg.br/internet/deputado/bandep/pagina_do_deputado/74041.jpg,camara,,"{""perfil_titulo"": ""Deputado Federal Luiz Couto - Portal da Câmara dos Deputados"", ""perfil_descricao"": ""Página do(a) Deputado(a) Luiz Couto na Câmara dos Deputados"", ""perfil_foto"": ""https://www.camara.leg.br/internet/deputado/bandep/pagina_do_deputado/74041.jpg""}"
Deputado Luiz Fernando Faria,UNIÃO,MG,Camara dos Deputados,CD,https://www.camara.leg.br/deputados/141487,Deputado Federal Luiz Fernando Faria - Portal da Câmara dos Deputados,Página do(a) Deputado(a) Luiz Fernando Faria na Câmara dos Deputados,https://www.camara.leg.br/internet/deputado/bandep/pagina_do_deputado/141487.jpg,camara,,"{""perfil_titulo"": ""Deputado Federal Luiz Fernando Faria - Portal da Câmara dos Deputados"", ""perfil_descricao"": ""Página do(a) Deputado(a) Luiz Fernando Faria na Câmara dos Deputados"", ""perfil_foto"": ""https://www.camara.leg.br/internet/deputado/bandep/pagina_do_deputado/141487.jpg""}"
Deputado Luiz Gastão,PSD,CE,Camara dos Deputados,CD,https://www.camara.leg.br/deputados/220658,Deputado Federal Luiz Gastão - Portal da Câmara dos Deputados,Página do(a) Deputado(a) Luiz Gastão na Câmara dos Deputados,https://www.camara.leg.br/internet/deputado/bandep/pagina_do_deputado/220658.jpg,camara,,"{""perfil_titulo"": ""Deputado Federal Luiz Gastão - Portal da Câmara dos Deputados"", ""perfil_descricao"": ""Página do(a) Deputado(a) Luiz Gastão na Câmara dos Deputados"", ""perfil_foto"": ""https://www.camara.leg.br/internet/deputado/bandep/pagina_do_deputado/220658.jpg""}"
Deputada Luizianne Lins,REDE,CE,Camara dos Deputados,CD,https://www.camara.leg.br/deputados/178866,Deputada Federal Luizianne Lins - Portal da Câmara dos Deputados,Página do(a) Deputado(a) Luizianne Lins na Câmara dos Deputados,https://www.camara.leg.br/internet/deputado/bandep/pagina_do_deputado/178866.jpg,camara,,"{""perfil_titulo"": ""Deputada Federal Luizianne Lins - Portal da Câmara dos Deputados"", ""perfil_descricao"": ""Página do(a) Deputado(a) Luizianne Lins na Câmara dos Deputados"", ""perfil_foto"": ""https://www.camara.leg.br/internet/deputado/bandep/pagina_do_deputado/178866.jpg""}"
Deputado Luiz Lima,NOVO,RJ,Camara dos Deputados,CD,https://www.camara.leg.br/deputados/204455,Deputado Federal Luiz Lima - Portal da Câmara dos Deputados,Página do(a) Deputado(a) Luiz Lima na Câmara dos Deputados,https://www.camara.leg.br/internet/deputado/bandep/pagina_do_deputado/204455.jpg,camara,,"{""perfil_titulo"": ""Deputado Federal Luiz Lima - Portal da Câmara dos Deputados"", ""perfil_descricao"": ""Página do(a) Deputado(a) Luiz Lima na Câmara dos Deputados"", ""perfil_foto"": ""https://www.camara.leg.br/internet/deputado/bandep/pagina_do_deputado/204455.jpg""}"
Deputado Luiz Nishimori,PSD,PR,Camara dos Deputados,CD,https://www.camara.leg.br/deputados/162332,Deputado Federal Luiz Nishimori - Portal da Câmara dos Deputados,Página do(a) Deputado(a) Luiz Nishimori na Câmara dos Deputados,https://www.camara.leg.br/internet/deputado/bandep/pagina_do_deputado/162332.jpg,camara,,"{""perfil_titulo"": ""Deputado Federal Luiz Nishimori - Portal da Câmara dos Deputados"", ""perfil_descricao"": ""Página do(a) Deputado(a) Luiz Nishimori na Câmara dos Deputados"", ""perfil_foto"": ""https://www.camara.leg.br/internet/deputado/bandep/pagina_do_deputado/162332.jpg""}"
Deputado Luiz Philippe De Orleans E Bragança,PL,SP,Camara dos Deputados,CD,https://www.camara.leg.br/deputados/204526,Deputado Federal Luiz Philippe de Orleans e Bragança - Portal da Câmara dos Deputados,Página do(a) Deputado(a) Luiz Philippe de Orleans e Bragança na Câmara dos Deputados,https://www.camara.leg.br/internet/deputado/bandep/pagina_do_deputado/204526.jpg,camara,,"{""perfil_titulo"": ""Deputado Federal Luiz Philippe de Orleans e Bragança - Portal da Câmara dos Deputados"", ""perfil_descricao"": ""Página do(a) Deputado(a) Luiz Philippe de Orleans e Bragança na Câmara dos Deputados"", ""perfil_foto"": ""https://www.camara.leg.br/internet/deputado/bandep/pagina_do_deputado/204526.jpg""}"
Deputado Lula Da Fonte,PP,PE,Camara dos Deputados,CD,https://www.camara.leg.br/deputados/220669,Deputado Federal Lula da Fonte - Portal da Câmara dos Deputados,Página do(a) Deputado(a) Lula da Fonte na Câmara dos Deputados,https://www.camara.leg.br/internet/deputado/bandep/pagina_do_deputado/220669.jpg,camara,,"{""perfil_titulo"": ""Deputado Federal Lula da Fonte - Portal da Câmara dos Deputados"", ""perfil_descricao"": ""Página do(a) Deputado(a) Lula da Fonte na Câmara dos Deputados"", ""perfil_foto"": ""https://www.camara.leg.br/internet/deputado/bandep/pagina_do_deputado/220669.jpg""}"
Deputada Magda Mofatto,PL,GO,Camara dos Deputados,CD,https://www.camara.leg.br/deputados/166402,Deputada Federal Magda Mofatto - Portal da Câmara dos Deputados,Página do(a) Deputado(a) Magda Mofatto na Câmara dos Deputados,https://www.camara.leg.br/internet/deputado/bandep/pagina_do_deputado/166402.jpg,camara,,"{""perfil_titulo"": ""Deputada Federal Magda Mofatto - Portal da Câmara dos Deputados"", ""perfil_descricao"": ""Página do(a) Deputado(a) Magda Mofatto na Câmara dos Deputados"", ""perfil_foto"": ""https://www.camara.leg.br/internet/deputado/bandep/pagina_do_deputado/166402.jpg""}"
Senador Magno Malta,PL,ES,Senado Federal,SF,https://www25.senado.leg.br/web/senadores/senador/-/perfil/631,Senador Magno Malta - Senado Federal,Página da atuação parlamentar do(a) Senador Magno Malta,,senado,,"{""perfil_titulo"": ""Senador Magno Malta - Senado Federal"", ""perfil_descricao"": ""Página da atuação parlamentar do(a) Senador Magno Malta"", ""perfil_foto"": """", ""sf_legislatura"": ""54ª Legislatura,55ª Legislatura,53ª Legislatura,58ª Legislatura,57ª Legislatura,52ª Legislatura"", ""sf_uf"": ""ES"", ""sf_ano"": ""2003,2004,2005,2006,2007,2008,2009,2010,2011,2012,2013,2014,2015,2016,2017,2018,2019,2023,2024,2025,2026,2027,2028,2029,2030,2031"", ""sf_senador"": ""Magno Malta"", ""sf_comissao"": ""CAE,CAS,CCJ,CDH,CE,CEDP,CSP,FPAMM,FPBSJA,FPE,FPELETROMOBILIDADE,FPMDFAV,GPISRAEL,GPRCOREIA,GPUCRANIA"", ""sf_partido"": ""PL"", ""nome_civil"": ""Magno Pereira Malta"", ""data_de_nascimento"": ""16/10/1957"", ""naturalidade"": ""Macarani (BA)"", ""gabinete"": ""Senado Federal Anexo 2 Ala Teotônio Vilela Gabinete 06"", ""telefones"": ""(61) 3303-6370"", ""e_mail"": ""sen.magnomalta@senado.leg.br"", ""escritorio_de_apoio"": ""RUA JOÃO PESSOA DE MATOS, 330. ESQUINA COM A AVENIDA HENRIQUE MOSCOSO, SALA 801. PRAIA DA COSTA, VILA VELHA, ES. CEP:29101-115""}"
Senadora Mara Gabrilli,PSD,SP,Senado Federal,SF,https://www25.senado.leg.br/web/senadores/senador/-/perfil/5376,Senadora Mara Gabrilli - Senado Federal,Página da atuação parlamentar do(a) Senadora Mara Gabrilli,,senado,,"{""perfil_titulo"": ""Senadora Mara Gabrilli - Senado Federal"", ""perfil_descricao"": ""Página da atuação parlamentar do(a) Senadora Mara Gabrilli"", ""perfil_foto"": """", ""sf_legislatura"": ""56ª Legislatura,57ª Legislatura"", ""sf_uf"": ""SP"", ""sf_ano"": ""2019,2020,2021,2022,2023,2024,2025,2026,2027"", ""sf_senador"": ""Mara Gabrilli"", ""sf_comissao"": ""CAS,CASRARAS,CCC,CCJ,CDH,CEsp,CMA,CMCVM,CRE,CTFC,FPAMM,FPBSJA,FPEMBRAPA,FPINVESTEBRASIL,FPJOVEM,FPMA,FPPAZ,GPCHINA,GPEUA,GPJAPÃO,GPMARROCOS,GPRCOREIA,GPSUIÇA,GPUCRANIA"", ""sf_partido"": ""PSD"", ""nome_civil"": ""Mara Cristina Gabrilli"", ""data_de_nascimento"": ""28/09/1967"", ""naturalidade"": ""São Paulo (SP)"", ""gabinete"": ""Senado Federal Edifício Principal Ala Antônio Carlos Magalhães Gabinete 05"", ""telefones"": ""(61) 3303-2191"", ""e_mail"": ""sen.maragabrilli@senado.leg.br""}"
Deputado Marangoni,PODE,SP,Camara dos Deputados,CD,https://www.camara.leg.br/deputados/220648,Deputado Federal Marangoni - Portal da Câmara dos Deputados,Página do(a) Deputado(a) Marangoni na Câmara dos Deputados,https://www.camara.leg.br/internet/deputado/bandep/pagina_do_deputado/220648.jpg,camara,,"{""perfil_titulo"": ""Deputado Federal Marangoni - Portal da Câmara dos Deputados"", ""perfil_descricao"": ""Página do(a) Deputado(a) Marangoni na Câmara dos Deputados"", ""perfil_foto"": ""https://www.camara.leg.br/internet/deputado/bandep/pagina_do_deputado/220648.jpg""}"
Deputado Marcelo Álvaro Antônio,PL,MG,Camara dos Deputados,CD,https://www.camara.leg.br/deputados/179000,Deputado Federal Marcelo Álvaro Antônio - Portal da Câmara dos Deputados,Página do(a) Deputado(a) Marcelo Álvaro Antônio na Câmara dos Deputados,https://www.camara.leg.br/internet/deputado/bandep/pagina_do_deputado/179000.jpg,camara,,"{""perfil_titulo"": ""Deputado Federal Marcelo Álvaro Antônio - Portal da Câmara dos Deputados"", ""perfil_descricao"": ""Página do(a) Deputado(a) Marcelo Álvaro Antônio na Câmara dos Deputados"", ""perfil_foto"": ""https://www.camara.leg.br/internet/deputado/bandep/pagina_do_deputado/179000.jpg""}"
Senador Marcelo Castro,MDB,PI,Senado Federal,SF,https://www25.senado.leg.br/web/senadores/senador/-/perfil/742,Senador Marcelo Castro - Senado Federal,Página da atuação parlamentar do(a) Senador Marcelo Castro,,senado,,"{""perfil_titulo"": ""Senador Marcelo Castro - Senado Federal"", ""perfil_descricao"": ""Página da atuação parlamentar do(a) Senador Marcelo Castro"", ""perfil_foto"": """", ""sf_legislatura"": ""56ª Legislatura,57ª Legislatura"", ""sf_uf"": ""PI"", ""sf_ano"": ""2019,2020,2021,2022,2023,2024,2025,2026,2027"", ""sf_senador"": ""Marcelo Castro"", ""sf_comissao"": ""CAS,CCJ,CDR,CE,CEDP,CMO,CSAN,FPAMM,FPELETROMOBILIDADE,FPEpTec,FPINVESTEBRASIL,FPJOVEM,FPMA,FPMATOPIBA,FPMDPI,FPMPBAS,FPRNE,Frenfer,GPARABIASAUDITA,GPCHINA,GPVENEZUELA"", ""sf_partido"": ""MDB"", ""nome_civil"": ""Marcelo Costa e Castro"", ""data_de_nascimento"": ""09/06/1950"", ""naturalidade"": ""São Raimundo Nonato (PI)"", ""gabinete"": ""Senado Federal Anexo 1 14º Pavimento"", ""telefones"": ""(61) 3303-6130 / 4078"", ""e_mail"": ""sen.marcelocastro@senado.leg.br"", ""escritorio_de_apoio"": ""AVENIDA HOMERO CASTELO BRANCO, 1111. LOJAS 04 E 05. JÓQUEI, TERESINA, PI. CEP:64048400""}"
Deputado Marcelo Crivella,REPUBLICANOS,RJ,Camara dos Deputados,CD,https://www.camara.leg.br/deputados/220599,Deputado Federal Marcelo Crivella - Portal da Câmara dos Deputados,Página do(a) Deputado(a) Marcelo Crivella na Câmara dos Deputados,https://www.camara.leg.br/internet/deputado/bandep/pagina_do_deputado/220599.jpg,camara,,"{""perfil_titulo"": ""Deputado Federal Marcelo Crivella - Portal da Câmara dos Deputados"", ""perfil_descricao"": ""Página do(a) Deputado(a) Marcelo Crivella na Câmara dos Deputados"", ""perfil_foto"": ""https://www.camara.leg.br/internet/deputado/bandep/pagina_do_deputado/220599.jpg""}"
Deputado Marcelo Moraes,PL,RS,Camara dos Deputados,CD,https://www.camara.leg.br/deputados/133810,Deputado Federal Marcelo Moraes - Portal da Câmara dos Deputados,Página do(a) Deputado(a) Marcelo Moraes na Câmara dos Deputados,https://www.camara.leg.br/internet/deputado/bandep/pagina_do_deputado/133810.jpg,camara,,"{""perfil_titulo"": ""Deputado Federal Marcelo Moraes - Portal da Câmara dos Deputados"", ""perfil_descricao"": ""Página do(a) Deputado(a) Marcelo Moraes na Câmara dos Deputados"", ""perfil_foto"": ""https://www.camara.leg.br/internet/deputado/bandep/pagina_do_deputado/133810.jpg""}"
Deputado Marcelo Nilo,REPUBLICANOS,BA,Camara dos Deputados,CD,https://www.camara.leg.br/deputados/204558,Deputado Federal Marcelo Nilo - Portal da Câmara dos Deputados,Página do(a) Deputado(a) Marcelo Nilo na Câmara dos Deputados,https://www.camara.leg.br/internet/deputado/bandep/pagina_do_deputado/204558.jpg,camara,,"{""perfil_titulo"": ""Deputado Federal Marcelo Nilo - Portal da Câmara dos Deputados"", ""perfil_descricao"": ""Página do(a) Deputado(a) Marcelo Nilo na Câmara dos Deputados"", ""perfil_foto"": ""https://www.camara.leg.br/internet/deputado/bandep/pagina_do_deputado/204558.jpg""}"
Deputado Marcelo Queiroz,PSDB,RJ,Camara dos Deputados,CD,https://www.camara.leg.br/deputados/160161,Deputado Federal Marcelo Queiroz - Portal da Câmara dos Deputados,Página do(a) Deputado(a) Marcelo Queiroz na Câmara dos Deputados,https://www.camara.leg.br/internet/deputado/bandep/pagina_do_deputado/160161.jpg,camara,,"{""perfil_titulo"": ""Deputado Federal Marcelo Queiroz - Portal da Câmara dos Deputados"", ""perfil_descricao"": ""Página do(a) Deputado(a) Marcelo Queiroz na Câmara dos Deputados"", ""perfil_foto"": ""https://www.camara.leg.br/internet/deputado/bandep/pagina_do_deputado/160161.jpg""}"
Deputado Marcel Van Hattem,NOVO,RS,Camara dos Deputados,CD,https://www.camara.leg.br/deputados/156190,Deputado Federal Marcel van Hattem - Portal da Câmara dos Deputados,Página do(a) Deputado(a) Marcel van Hattem na Câmara dos Deputados,https://www.camara.leg.br/internet/deputado/bandep/pagina_do_deputado/156190.jpg,camara,,"{""perfil_titulo"": ""Deputado Federal Marcel van Hattem - Portal da Câmara dos Deputados"", ""perfil_descricao"": ""Página do(a) Deputado(a) Marcel van Hattem na Câmara dos Deputados"", ""perfil_foto"": ""https://www.camara.leg.br/internet/deputado/bandep/pagina_do_deputado/156190.jpg""}"
Deputado Marcio Alvino,PL,SP,Camara dos Deputados,CD,https://www.camara.leg.br/deputados/178983,Deputado Federal Marcio Alvino - Portal da Câmara dos Deputados,Página do(a) Deputado(a) Marcio Alvino na Câmara dos Deputados,https://www.camara.leg.br/internet/deputado/bandep/pagina_do_deputado/178983.jpg,camara,,"{""perfil_titulo"": ""Deputado Federal Marcio Alvino - Portal da Câmara dos Deputados"", ""perfil_descricao"": ""Página do(a) Deputado(a) Marcio Alvino na Câmara dos Deputados"", ""perfil_foto"": ""https://www.camara.leg.br/internet/deputado/bandep/pagina_do_deputado/178983.jpg""}"
Deputado Márcio Biolchi,MDB,RS,Camara dos Deputados,CD,https://www.camara.leg.br/deputados/179001,Deputado Federal Márcio Biolchi - Portal da Câmara dos Deputados,Página do(a) Deputado(a) Márcio Biolchi na Câmara dos Deputados,https://www.camara.leg.br/internet/deputado/bandep/pagina_do_deputado/179001.jpg,camara,,"{""perfil_titulo"": ""Deputado Federal Márcio Biolchi - Portal da Câmara dos Deputados"", ""perfil_descricao"": ""Página do(a) Deputado(a) Márcio Biolchi na Câmara dos Deputados"", ""perfil_foto"": ""https://www.camara.leg.br/internet/deputado/bandep/pagina_do_deputado/179001.jpg""}"
Senador Marcio Bittar,PL,AC,Senado Federal,SF,https://www25.senado.leg.br/web/senadores/senador/-/perfil/285,Senador Marcio Bittar - Senado Federal,Página da atuação parlamentar do(a) Senador Marcio Bittar,,senado,,"{""perfil_titulo"": ""Senador Marcio Bittar - Senado Federal"", ""perfil_descricao"": ""Página da atuação parlamentar do(a) Senador Marcio Bittar"", ""perfil_foto"": """", ""sf_legislatura"": ""56ª Legislatura,57ª Legislatura"", ""sf_uf"": ""AC"", ""sf_ano"": ""2019,2020,2021,2022,2023,2024,2025,2026,2027"", ""sf_senador"": ""Marcio Bittar"", ""sf_comissao"": ""CAE,CDH,CDHYANOM,CEDP,CMA,CORREG,CSP,CTFC,FPDEPMEB,FPEpTec,FPJOVEM,FPMPBAS,GP-BRICS-SF"", ""sf_partido"": ""PL"", ""nome_civil"": ""Marcio Miguel Bittar"", ""data_de_nascimento"": ""28/06/1963"", ""naturalidade"": ""Franca (SP)"", ""gabinete"": ""Senado Federal Anexo 2 Ala Affonso Arinos Gabinete 12"", ""telefones"": ""(61) 3303-2115 / 2119 / 1652"", ""e_mail"": ""sen.marciobittar@senado.leg.br"", ""escritorio_de_apoio"": ""RUA ANTÃO MANOEL DA SILVA, 207. JARDIM MANOEL JULIÃO, RIO BRANCO, AC. CEP:69918462""}"
Deputado Márcio Honaiser,SOLIDARIEDADE,MA,Camara dos Deputados,CD,https://www.camara.leg.br/deputados/220687,Deputado Federal Márcio Honaiser - Portal da Câmara dos Deputados,Página do(a) Deputado(a) Márcio Honaiser na Câmara dos Deputados,https://www.camara.leg.br/internet/deputado/bandep/pagina_do_deputado/220687.jpg,camara,,"{""perfil_titulo"": ""Deputado Federal Márcio Honaiser - Portal da Câmara dos Deputados"", ""perfil_descricao"": ""Página do(a) Deputado(a) Márcio Honaiser na Câmara dos Deputados"", ""perfil_foto"": ""https://www.camara.leg.br/internet/deputado/bandep/pagina_do_deputado/220687.jpg""}"
Deputado Márcio Jerry,PCdoB,MA,Camara dos Deputados,CD,https://www.camara.leg.br/deputados/81055,Deputado Federal Márcio Jerry - Portal da Câmara dos Deputados,Página do(a) Deputado(a) Márcio Jerry na Câmara dos Deputados,https://www.camara.leg.br/internet/deputado/bandep/pagina_do_deputado/81055.jpg,camara,,"{""perfil_titulo"": ""Deputado Federal Márcio Jerry - Portal da Câmara dos Deputados"", ""perfil_descricao"": ""Página do(a) Deputado(a) Márcio Jerry na Câmara dos Deputados"", ""perfil_foto"": ""https://www.camara.leg.br/internet/deputado/bandep/pagina_do_deputado/81055.jpg""}"
Deputado Márcio Marinho,REPUBLICANOS,BA,Camara dos Deputados,CD,https://www.camara.leg.br/deputados/150418,Deputado Federal Márcio Marinho - Portal da Câmara dos Deputados,Página do(a) Deputado(a) Márcio Marinho na Câmara dos Deputados,https://www.camara.leg.br/internet/deputado/bandep/pagina_do_deputado/150418.jpg,camara,,"{""perfil_titulo"": ""Deputado Federal Márcio Marinho - Portal da Câmara dos Deputados"", ""perfil_descricao"": ""Página do(a) Deputado(a) Márcio Marinho na Câmara dos Deputados"", ""perfil_foto"": ""https://www.camara.leg.br/internet/deputado/bandep/pagina_do_deputado/150418.jpg""}"
Deputado Marcon,PT,RS,Camara dos Deputados,CD,https://www.camara.leg.br/deputados/160535,Deputado Federal Marcon - Portal da Câmara dos Deputados,Página do(a) Deputado(a) Marcon na Câmara dos Deputados,https://www.camara.leg.br/internet/deputado/bandep/pagina_do_deputado/160535.jpg,camara,,"{""perfil_titulo"": ""Deputado Federal Marcon - Portal da Câmara dos Deputados"", ""perfil_descricao"": ""Página do(a) Deputado(a) Marcon na Câmara dos Deputados"", ""perfil_foto"": ""https://www.camara.leg.br/internet/deputado/bandep/pagina_do_deputado/160535.jpg""}"
Deputado Marcos Aurélio Sampaio,MDB,PI,Camara dos Deputados,CD,https://www.camara.leg.br/deputados/204431,Deputado Federal Marcos Aurélio Sampaio - Portal da Câmara dos Deputados,Página do(a) Deputado(a) Marcos Aurélio Sampaio na Câmara dos Deputados,https://www.camara.leg.br/internet/deputado/bandep/pagina_do_deputado/204431.jpg,camara,,"{""perfil_titulo"": ""Deputado Federal Marcos Aurélio Sampaio - Portal da Câmara dos Deputados"", ""perfil_descricao"": ""Página do(a) Deputado(a) Marcos Aurélio Sampaio na Câmara dos Deputados"", ""perfil_foto"": ""https://www.camara.leg.br/internet/deputado/bandep/pagina_do_deputado/204431.jpg""}"
Deputado Marcos Braz,PSDB,RJ,Camara dos Deputados,CD,https://www.camara.leg.br/deputados/236375,Deputado Federal Marcos Braz - Portal da Câmara dos Deputados,Página do(a) Deputado(a) Marcos Braz na Câmara dos Deputados,https://www.camara.leg.br/internet/deputado/bandep/pagina_do_deputado/236375.jpg,camara,,"{""perfil_titulo"": ""Deputado Federal Marcos Braz - Portal da Câmara dos Deputados"", ""perfil_descricao"": ""Página do(a) Deputado(a) Marcos Braz na Câmara dos Deputados"", ""perfil_foto"": ""https://www.camara.leg.br/internet/deputado/bandep/pagina_do_deputado/236375.jpg""}"
Senador Marcos do Val,AVANTE,ES,Senado Federal,SF,https://www25.senado.leg.br/web/senadores/senador/-/perfil/5942,Senador Marcos do Val - Senado Federal,Página da atuação parlamentar do(a) Senador Marcos do Val,,senado,,"{""perfil_titulo"": ""Senador Marcos do Val - Senado Federal"", ""perfil_descricao"": ""Página da atuação parlamentar do(a) Senador Marcos do Val"", ""perfil_foto"": """", ""sf_legislatura"": ""56ª Legislatura,57ª Legislatura"", ""sf_uf"": ""ES"", ""sf_ano"": ""2019,2020,2021,2022,2023,2024,2025,2026,2027"", ""sf_senador"": ""Marcos do Val"", ""sf_comissao"": ""CCDD,CCT,CDD,CDH,CEDP,CICCX,CMCVM,CRE,CSDP,CSP,DJEM,FPAMM,FPCIBERSEG,FPE,FPINVESTEBRASIL,FPJOVEM,FPMA,GPCHINA,GPCHIPRE,GPINDIA,GPSUIÇA"", ""sf_partido"": ""AVANTE"", ""nome_civil"": ""Marcos Ribeiro do Val"", ""data_de_nascimento"": ""15/06/1971"", ""naturalidade"": ""Vitória (ES)"", ""gabinete"": ""Senado Federal Anexo 1 18º Pavimento"", ""telefones"": ""(61) 3303-6747 / 6753"", ""e_mail"": ""sen.marcosdoval@senado.leg.br"", ""escritorio_de_apoio"": ""RUA JOÃO DA CRUZ, 195. EDIFÍCIO SEVILHA - SALAS 301 E 302. PRAIA DO CANTO, VITÓRIA, ES. CEP:29055-620""}"
Deputado Marcos Pereira,REPUBLICANOS,SP,Camara dos Deputados,CD,https://www.camara.leg.br/deputados/204506,Deputado Federal Marcos Pereira - Portal da Câmara dos Deputados,Página do(a) Deputado(a) Marcos Pereira na Câmara dos Deputados,https://www.camara.leg.br/internet/deputado/bandep/pagina_do_deputado/204506.jpg,camara,,"{""perfil_titulo"": ""Deputado Federal Marcos Pereira - Portal da Câmara dos Deputados"", ""perfil_descricao"": ""Página do(a) Deputado(a) Marcos Pereira na Câmara dos Deputados"", ""perfil_foto"": ""https://www.camara.leg.br/internet/deputado/bandep/pagina_do_deputado/204506.jpg""}"
Deputado Marcos Pollon,PL,MS,Camara dos Deputados,CD,https://www.camara.leg.br/deputados/220547,Deputado Federal Marcos Pollon - Portal da Câmara dos Deputados,Página do(a) Deputado(a) Marcos Pollon na Câmara dos Deputados,https://www.camara.leg.br/internet/deputado/bandep/pagina_do_deputado/220547.jpg,camara,,"{""perfil_titulo"": ""Deputado Federal Marcos Pollon - Portal da Câmara dos Deputados"", ""perfil_descricao"": ""Página do(a) Deputado(a) Marcos Pollon na Câmara dos Deputados"", ""perfil_foto"": ""https://www.camara.leg.br/internet/deputado/bandep/pagina_do_deputado/220547.jpg""}"
Senador Marcos Rogério,PL,RO,Senado Federal,SF,https://www25.senado.leg.br/web/senadores/senador/-/perfil/5422,Senador Marcos Rogério - Senado Federal,Página da atuação parlamentar do(a) Senador Marcos Rogério,,senado,,"{""perfil_titulo"": ""Senador Marcos Rogério - Senado Federal"", ""perfil_descricao"": ""Página da atuação parlamentar do(a) Senador Marcos Rogério"", ""perfil_foto"": """", ""sf_legislatura"": ""56ª Legislatura,57ª Legislatura"", ""sf_uf"": ""RO"", ""sf_ano"": ""2019,2020,2021,2022,2023,2024,2025,2026,2027"", ""sf_senador"": ""Marcos Rogério"", ""sf_comissao"": ""CCJ,CDH,CI,CMA,CPCMS,CRA,CRE,CSP,CTCIVIL,CTFC,FPDEPMEB,FPDNB,FPE,FPEMSN,FPINVESTEBRASIL,FPJOVEM,FPMA,FPMDFAV,FPRNE,Frenfer,GPARABIASAUDITA,GPCHIPRE,GTMTI"", ""sf_partido"": ""PL"", ""nome_civil"": ""Marcos Rogério da Silva Brito"", ""data_de_nascimento"": ""07/07/1978"", ""naturalidade"": ""Ji Paraná (RO)"", ""gabinete"": ""Senado Federal Anexo 2 Ala Teotônio Vilela Gabinete 02"", ""telefones"": ""(61) 3303-6148"", ""e_mail"": ""sen.marcosrogerio@senado.leg.br"", ""escritorio_de_apoio"": [""RUA DOM AUGUSTO, 1321. CENTRO, JI-PARANÁ, RO. CEP:76900-103"", ""RUA HUMBERTO CORREIA, 1354. SÃO JOÃO BOSCO, PORTO VELHO, RO. CEP:76803690""]}"
Deputado Marcos Soares,PSDB,RJ,Camara dos Deputados,CD,https://www.camara.leg.br/deputados/178943,Deputado Federal Marcos Soares - Portal da Câmara dos Deputados,Página do(a) Deputado(a) Marcos Soares na Câmara dos Deputados,https://www.camara.leg.br/internet/deputado/bandep/pagina_do_deputado/178943.jpg,camara,,"{""perfil_titulo"": ""Deputado Federal Marcos Soares - Portal da Câmara dos Deputados"", ""perfil_descricao"": ""Página do(a) Deputado(a) Marcos Soares na Câmara dos Deputados"", ""perfil_foto"": ""https://www.camara.leg.br/internet/deputado/bandep/pagina_do_deputado/178943.jpg""}"
Deputado Marcos Tavares,PDT,RJ,Camara dos Deputados,CD,https://www.camara.leg.br/deputados/220604,Deputado Federal Marcos Tavares - Portal da Câmara dos Deputados,Página do(a) Deputado(a) Marcos Tavares na Câmara dos Deputados,https://www.camara.leg.br/internet/deputado/bandep/pagina_do_deputado/220604.jpg,camara,,"{""perfil_titulo"": ""Deputado Federal Marcos Tavares - Portal da Câmara dos Deputados"", ""perfil_descricao"": ""Página do(a) Deputado(a) Marcos Tavares na Câmara dos Deputados"", ""perfil_foto"": ""https://www.camara.leg.br/internet/deputado/bandep/pagina_do_deputado/220604.jpg""}"
Deputada Maria Arraes,PSB,PE,Camara dos Deputados,CD,https://www.camara.leg.br/deputados/220668,Deputada Federal Maria Arraes - Portal da Câmara dos Deputados,Página do(a) Deputado(a) Maria Arraes na Câmara dos Deputados,https://www.camara.leg.br/internet/deputado/bandep/pagina_do_deputado/220668.jpg,camara,,"{""perfil_titulo"": ""Deputada Federal Maria Arraes - Portal da Câmara dos Deputados"", ""perfil_descricao"": ""Página do(a) Deputado(a) Maria Arraes na Câmara dos Deputados"", ""perfil_foto"": ""https://www.camara.leg.br/internet/deputado/bandep/pagina_do_deputado/220668.jpg""}"
Deputada Maria Do Rosário,PT,RS,Camara dos Deputados,CD,https://www.camara.leg.br/deputados/74398,Deputada Federal Maria do Rosário - Portal da Câmara dos Deputados,Página do(a) Deputado(a) Maria do Rosário na Câmara dos Deputados,https://www.camara.leg.br/internet/deputado/bandep/pagina_do_deputado/74398.jpg,camara,,"{""perfil_titulo"": ""Deputada Federal Maria do Rosário - Portal da Câmara dos Deputados"", ""perfil_descricao"": ""Página do(a) Deputado(a) Maria do Rosário na Câmara dos Deputados"", ""perfil_foto"": ""https://www.camara.leg.br/internet/deputado/bandep/pagina_do_deputado/74398.jpg""}"
Deputada Maria Rosas,REPUBLICANOS,SP,Camara dos Deputados,CD,https://www.camara.leg.br/deputados/204540,Deputada Federal Maria Rosas - Portal da Câmara dos Deputados,Página do(a) Deputado(a) Maria Rosas na Câmara dos Deputados,https://www.camara.leg.br/internet/deputado/bandep/pagina_do_deputado/204540.jpg,camara,,"{""perfil_titulo"": ""Deputada Federal Maria Rosas - Portal da Câmara dos Deputados"", ""perfil_descricao"": ""Página do(a) Deputado(a) Maria Rosas na Câmara dos Deputados"", ""perfil_foto"": ""https://www.camara.leg.br/internet/deputado/bandep/pagina_do_deputado/204540.jpg""}"
Deputada Marina Silva,REDE,SP,Camara dos Deputados,CD,https://www.camara.leg.br/deputados/220637,Deputada Federal Marina Silva - Portal da Câmara dos Deputados,Página do(a) Deputado(a) Marina Silva na Câmara dos Deputados,https://www.camara.leg.br/internet/deputado/bandep/pagina_do_deputado/220637.jpg,camara,,"{""perfil_titulo"": ""Deputada Federal Marina Silva - Portal da Câmara dos Deputados"", ""perfil_descricao"": ""Página do(a) Deputado(a) Marina Silva na Câmara dos Deputados"", ""perfil_foto"": ""https://www.camara.leg.br/internet/deputado/bandep/pagina_do_deputado/220637.jpg""}"
Deputado Mario Frias,PL,SP,Camara dos Deputados,CD,https://www.camara.leg.br/deputados/220655,Deputado Federal Mario Frias - Portal da Câmara dos Deputados,Página do(a) Deputado(a) Mario Frias na Câmara dos Deputados,https://www.camara.leg.br/internet/deputado/bandep/pagina_do_deputado/220655.jpg,camara,,"{""perfil_titulo"": ""Deputado Federal Mario Frias - Portal da Câmara dos Deputados"", ""perfil_descricao"": ""Página do(a) Deputado(a) Mario Frias na Câmara dos Deputados"", ""perfil_foto"": ""https://www.camara.leg.br/internet/deputado/bandep/pagina_do_deputado/220655.jpg""}"
Deputado Mário Heringer,PDT,MG,Camara dos Deputados,CD,https://www.camara.leg.br/deputados/74158,Deputado Federal Mário Heringer - Portal da Câmara dos Deputados,Página do(a) Deputado(a) Mário Heringer na Câmara dos Deputados,https://www.camara.leg.br/internet/deputado/bandep/pagina_do_deputado/74158.jpg,camara,,"{""perfil_titulo"": ""Deputado Federal Mário Heringer - Portal da Câmara dos Deputados"", ""perfil_descricao"": ""Página do(a) Deputado(a) Mário Heringer na Câmara dos Deputados"", ""perfil_foto"": ""https://www.camara.leg.br/internet/deputado/bandep/pagina_do_deputado/74158.jpg""}"
Deputado Mário Negromonte Jr.,PSB,BA,Camara dos Deputados,CD,https://www.camara.leg.br/deputados/178858,Deputado Federal Mário Negromonte Jr. - Portal da Câmara dos Deputados,Página do(a) Deputado(a) Mário Negromonte Jr. na Câmara dos Deputados,https://www.camara.leg.br/internet/deputado/bandep/pagina_do_deputado/178858.jpg,camara,,"{""perfil_titulo"": ""Deputado Federal Mário Negromonte Jr. - Portal da Câmara dos Deputados"", ""perfil_descricao"": ""Página do(a) Deputado(a) Mário Negromonte Jr. na Câmara dos Deputados"", ""perfil_foto"": ""https://www.camara.leg.br/internet/deputado/bandep/pagina_do_deputado/178858.jpg""}"
Deputado Marreca Filho,PRD,MA,Camara dos Deputados,CD,https://www.camara.leg.br/deputados/204566,Deputado Federal Marreca Filho - Portal da Câmara dos Deputados,Página do(a) Deputado(a) Marreca Filho na Câmara dos Deputados,https://www.camara.leg.br/internet/deputado/bandep/pagina_do_deputado/204566.jpg,camara,,"{""perfil_titulo"": ""Deputado Federal Marreca Filho - Portal da Câmara dos Deputados"", ""perfil_descricao"": ""Página do(a) Deputado(a) Marreca Filho na Câmara dos Deputados"", ""perfil_foto"": ""https://www.camara.leg.br/internet/deputado/bandep/pagina_do_deputado/204566.jpg""}"
Deputada Marussa Boldrin,REPUBLICANOS,GO,Camara dos Deputados,CD,https://www.camara.leg.br/deputados/220572,Deputada Federal Marussa Boldrin - Portal da Câmara dos Deputados,Página do(a) Deputado(a) Marussa Boldrin na Câmara dos Deputados,https://www.camara.leg.br/internet/deputado/bandep/pagina_do_deputado/220572.jpg,camara,,"{""perfil_titulo"": ""Deputada Federal Marussa Boldrin - Portal da Câmara dos Deputados"", ""perfil_descricao"": ""Página do(a) Deputado(a) Marussa Boldrin na Câmara dos Deputados"", ""perfil_foto"": ""https://www.camara.leg.br/internet/deputado/bandep/pagina_do_deputado/220572.jpg""}"
Deputado Marx Beltrão,UNIÃO,AL,Camara dos Deputados,CD,https://www.camara.leg.br/deputados/178843,Deputado Federal Marx Beltrão - Portal da Câmara dos Deputados,Página do(a) Deputado(a) Marx Beltrão na Câmara dos Deputados,https://www.camara.leg.br/internet/deputado/bandep/pagina_do_deputado/178843.jpg,camara,,"{""perfil_titulo"": ""Deputado Federal Marx Beltrão - Portal da Câmara dos Deputados"", ""perfil_descricao"": ""Página do(a) Deputado(a) Marx Beltrão na Câmara dos Deputados"", ""perfil_foto"": ""https://www.camara.leg.br/internet/deputado/bandep/pagina_do_deputado/178843.jpg""}"
Deputado Matheus Noronha,PL,CE,Camara dos Deputados,CD,https://www.camara.leg.br/deputados/220661,Deputado Federal Matheus Noronha - Portal da Câmara dos Deputados,Página do(a) Deputado(a) Matheus Noronha na Câmara dos Deputados,https://www.camara.leg.br/internet/deputado/bandep/pagina_do_deputado/220661.jpg,camara,,"{""perfil_titulo"": ""Deputado Federal Matheus Noronha - Portal da Câmara dos Deputados"", ""perfil_descricao"": ""Página do(a) Deputado(a) Matheus Noronha na Câmara dos Deputados"", ""perfil_foto"": ""https://www.camara.leg.br/internet/deputado/bandep/pagina_do_deputado/220661.jpg""}"
Deputado Maurício Carvalho,UNIÃO,RO,Camara dos Deputados,CD,https://www.camara.leg.br/deputados/220609,Deputado Federal Maurício Carvalho - Portal da Câmara dos Deputados,Página do(a) Deputado(a) Maurício Carvalho na Câmara dos Deputados,https://www.camara.leg.br/internet/deputado/bandep/pagina_do_deputado/220609.jpg,camara,,"{""perfil_titulo"": ""Deputado Federal Maurício Carvalho - Portal da Câmara dos Deputados"", ""perfil_descricao"": ""Página do(a) Deputado(a) Maurício Carvalho na Câmara dos Deputados"", ""perfil_foto"": ""https://www.camara.leg.br/internet/deputado/bandep/pagina_do_deputado/220609.jpg""}"
Deputado Mauricio Do Vôlei,PL,MG,Camara dos Deputados,CD,https://www.camara.leg.br/deputados/220628,Deputado Federal Mauricio do Vôlei - Portal da Câmara dos Deputados,Página do(a) Deputado(a) Mauricio do Vôlei na Câmara dos Deputados,https://www.camara.leg.br/internet/deputado/bandep/pagina_do_deputado/220628.jpg,camara,,"{""perfil_titulo"": ""Deputado Federal Mauricio do Vôlei - Portal da Câmara dos Deputados"", ""perfil_descricao"": ""Página do(a) Deputado(a) Mauricio do Vôlei na Câmara dos Deputados"", ""perfil_foto"": ""https://www.camara.leg.br/internet/deputado/bandep/pagina_do_deputado/220628.jpg""}"
Deputado Mauricio Marcon,PL,RS,Camara dos Deputados,CD,https://www.camara.leg.br/deputados/220550,Deputado Federal Mauricio Marcon - Portal da Câmara dos Deputados,Página do(a) Deputado(a) Mauricio Marcon na Câmara dos Deputados,https://www.camara.leg.br/internet/deputado/bandep/pagina_do_deputado/220550.jpg,camara,,"{""perfil_titulo"": ""Deputado Federal Mauricio Marcon - Portal da Câmara dos Deputados"", ""perfil_descricao"": ""Página do(a) Deputado(a) Mauricio Marcon na Câmara dos Deputados"", ""perfil_foto"": ""https://www.camara.leg.br/internet/deputado/bandep/pagina_do_deputado/220550.jpg""}"
Deputado Mauricio Neves,PP,SP,Camara dos Deputados,CD,https://www.camara.leg.br/deputados/220647,Deputado Federal Mauricio Neves - Portal da Câmara dos Deputados,Página do(a) Deputado(a) Mauricio Neves na Câmara dos Deputados,https://www.camara.leg.br/internet/deputado/bandep/pagina_do_deputado/220647.jpg,camara,,"{""perfil_titulo"": ""Deputado Federal Mauricio Neves - Portal da Câmara dos Deputados"", ""perfil_descricao"": ""Página do(a) Deputado(a) Mauricio Neves na Câmara dos Deputados"", ""perfil_foto"": ""https://www.camara.leg.br/internet/deputado/bandep/pagina_do_deputado/220647.jpg""}"
Deputado Mauro Benevides Filho,UNIÃO,CE,Camara dos Deputados,CD,https://www.camara.leg.br/deputados/204486,Deputado Federal Mauro Benevides Filho - Portal da Câmara dos Deputados,Página do(a) Deputado(a) Mauro Benevides Filho na Câmara dos Deputados,https://www.camara.leg.br/internet/deputado/bandep/pagina_do_deputado/204486.jpg,camara,,"{""perfil_titulo"": ""Deputado Federal Mauro Benevides Filho - Portal da Câmara dos Deputados"", ""perfil_descricao"": ""Página do(a) Deputado(a) Mauro Benevides Filho na Câmara dos Deputados"", ""perfil_foto"": ""https://www.camara.leg.br/internet/deputado/bandep/pagina_do_deputado/204486.jpg""}"
Deputado Max Lemos,UNIÃO,RJ,Camara dos Deputados,CD,https://www.camara.leg.br/deputados/220607,Deputado Federal Max Lemos - Portal da Câmara dos Deputados,Página do(a) Deputado(a) Max Lemos na Câmara dos Deputados,https://www.camara.leg.br/internet/deputado/bandep/pagina_do_deputado/220607.jpg,camara,,"{""perfil_titulo"": ""Deputado Federal Max Lemos - Portal da Câmara dos Deputados"", ""perfil_descricao"": ""Página do(a) Deputado(a) Max Lemos na Câmara dos Deputados"", ""perfil_foto"": ""https://www.camara.leg.br/internet/deputado/bandep/pagina_do_deputado/220607.jpg""}"
Deputada Meire Serafim,UNIÃO,AC,Camara dos Deputados,CD,https://www.camara.leg.br/deputados/220591,Deputada Federal Meire Serafim - Portal da Câmara dos Deputados,Página do(a) Deputado(a) Meire Serafim na Câmara dos Deputados,https://www.camara.leg.br/internet/deputado/bandep/pagina_do_deputado/220591.jpg,camara,,"{""perfil_titulo"": ""Deputada Federal Meire Serafim - Portal da Câmara dos Deputados"", ""perfil_descricao"": ""Página do(a) Deputado(a) Meire Serafim na Câmara dos Deputados"", ""perfil_foto"": ""https://www.camara.leg.br/internet/deputado/bandep/pagina_do_deputado/220591.jpg""}"
Deputado Mendonça Filho,PL,PE,Camara dos Deputados,CD,https://www.camara.leg.br/deputados/74428,Deputado Federal Mendonça Filho - Portal da Câmara dos Deputados,Página do(a) Deputado(a) Mendonça Filho na Câmara dos Deputados,https://www.camara.leg.br/internet/deputado/bandep/pagina_do_deputado/74428.jpg,camara,,"{""perfil_titulo"": ""Deputado Federal Mendonça Filho - Portal da Câmara dos Deputados"", ""perfil_descricao"": ""Página do(a) Deputado(a) Mendonça Filho na Câmara dos Deputados"", ""perfil_foto"": ""https://www.camara.leg.br/internet/deputado/bandep/pagina_do_deputado/74428.jpg""}"
Deputado Merlong Solano,PT,PI,Camara dos Deputados,CD,https://www.camara.leg.br/deputados/188097,Deputado Federal Merlong Solano - Portal da Câmara dos Deputados,Página do(a) Deputado(a) Merlong Solano na Câmara dos Deputados,https://www.camara.leg.br/internet/deputado/bandep/pagina_do_deputado/188097.jpg,camara,,"{""perfil_titulo"": ""Deputado Federal Merlong Solano - Portal da Câmara dos Deputados"", ""perfil_descricao"": ""Página do(a) Deputado(a) Merlong Solano na Câmara dos Deputados"", ""perfil_foto"": ""https://www.camara.leg.br/internet/deputado/bandep/pagina_do_deputado/188097.jpg""}"
Deputado Mersinho Lucena,PSD,PB,Camara dos Deputados,CD,https://www.camara.leg.br/deputados/220585,Deputado Federal Mersinho Lucena - Portal da Câmara dos Deputados,Página do(a) Deputado(a) Mersinho Lucena na Câmara dos Deputados,https://www.camara.leg.br/internet/deputado/bandep/pagina_do_deputado/220585.jpg,camara,,"{""perfil_titulo"": ""Deputado Federal Mersinho Lucena - Portal da Câmara dos Deputados"", ""perfil_descricao"": ""Página do(a) Deputado(a) Mersinho Lucena na Câmara dos Deputados"", ""perfil_foto"": ""https://www.camara.leg.br/internet/deputado/bandep/pagina_do_deputado/220585.jpg""}"
Deputado Messias Donato,UNIÃO,ES,Camara dos Deputados,CD,https://www.camara.leg.br/deputados/220530,Deputado Federal Messias Donato - Portal da Câmara dos Deputados,Página do(a) Deputado(a) Messias Donato na Câmara dos Deputados,https://www.camara.leg.br/internet/deputado/bandep/pagina_do_deputado/220530.jpg,camara,,"{""perfil_titulo"": ""Deputado Federal Messias Donato - Portal da Câmara dos Deputados"", ""perfil_descricao"": ""Página do(a) Deputado(a) Messias Donato na Câmara dos Deputados"", ""perfil_foto"": ""https://www.camara.leg.br/internet/deputado/bandep/pagina_do_deputado/220530.jpg""}"
Deputado Miguel Ângelo,PT,MG,Camara dos Deputados,CD,https://www.camara.leg.br/deputados/171786,Deputado Federal Miguel Ângelo - Portal da Câmara dos Deputados,Página do(a) Deputado(a) Miguel Ângelo na Câmara dos Deputados,https://www.camara.leg.br/internet/deputado/bandep/pagina_do_deputado/171786.jpg,camara,,"{""perfil_titulo"": ""Deputado Federal Miguel Ângelo - Portal da Câmara dos Deputados"", ""perfil_descricao"": ""Página do(a) Deputado(a) Miguel Ângelo na Câmara dos Deputados"", ""perfil_foto"": ""https://www.camara.leg.br/internet/deputado/bandep/pagina_do_deputado/171786.jpg""}"
Deputado Miguel Lombardi,PL,SP,Camara dos Deputados,CD,https://www.camara.leg.br/deputados/178985,Deputado Federal Miguel Lombardi - Portal da Câmara dos Deputados,Página do(a) Deputado(a) Miguel Lombardi na Câmara dos Deputados,https://www.camara.leg.br/internet/deputado/bandep/pagina_do_deputado/178985.jpg,camara,,"{""perfil_titulo"": ""Deputado Federal Miguel Lombardi - Portal da Câmara dos Deputados"", ""perfil_descricao"": ""Página do(a) Deputado(a) Miguel Lombardi na Câmara dos Deputados"", ""perfil_foto"": ""https://www.camara.leg.br/internet/deputado/bandep/pagina_do_deputado/178985.jpg""}"
Deputado Milton Vieira,REPUBLICANOS,SP,Camara dos Deputados,CD,https://www.camara.leg.br/deputados/154178,Deputado Federal Milton Vieira - Portal da Câmara dos Deputados,Página do(a) Deputado(a) Milton Vieira na Câmara dos Deputados,https://www.camara.leg.br/internet/deputado/bandep/pagina_do_deputado/154178.jpg,camara,,"{""perfil_titulo"": ""Deputado Federal Milton Vieira - Portal da Câmara dos Deputados"", ""perfil_descricao"": ""Página do(a) Deputado(a) Milton Vieira na Câmara dos Deputados"", ""perfil_foto"": ""https://www.camara.leg.br/internet/deputado/bandep/pagina_do_deputado/154178.jpg""}"
Deputado Misael Varella,PSD,MG,Camara dos Deputados,CD,https://www.camara.leg.br/deputados/178895,Deputado Federal Misael Varella - Portal da Câmara dos Deputados,Página do(a) Deputado(a) Misael Varella na Câmara dos Deputados,https://www.camara.leg.br/internet/deputado/bandep/pagina_do_deputado/178895.jpg,camara,,"{""perfil_titulo"": ""Deputado Federal Misael Varella - Portal da Câmara dos Deputados"", ""perfil_descricao"": ""Página do(a) Deputado(a) Misael Varella na Câmara dos Deputados"", ""perfil_foto"": ""https://www.camara.leg.br/internet/deputado/bandep/pagina_do_deputado/178895.jpg""}"
Deputado Missionário José Olimpio,PL,SP,Camara dos Deputados,CD,https://www.camara.leg.br/deputados/160561,Deputado Federal Missionário José Olimpio - Portal da Câmara dos Deputados,Página do(a) Deputado(a) Missionário José Olimpio na Câmara dos Deputados,https://www.camara.leg.br/internet/deputado/bandep/pagina_do_deputado/160561.jpg,camara,,"{""perfil_titulo"": ""Deputado Federal Missionário José Olimpio - Portal da Câmara dos Deputados"", ""perfil_descricao"": ""Página do(a) Deputado(a) Missionário José Olimpio na Câmara dos Deputados"", ""perfil_foto"": ""https://www.camara.leg.br/internet/deputado/bandep/pagina_do_deputado/160561.jpg""}"
Deputado Moses Rodrigues,UNIÃO,CE,Camara dos Deputados,CD,https://www.camara.leg.br/deputados/178997,Deputado Federal Moses Rodrigues - Portal da Câmara dos Deputados,Página do(a) Deputado(a) Moses Rodrigues na Câmara dos Deputados,https://www.camara.leg.br/internet/deputado/bandep/pagina_do_deputado/178997.jpg,camara,,"{""perfil_titulo"": ""Deputado Federal Moses Rodrigues - Portal da Câmara dos Deputados"", ""perfil_descricao"": ""Página do(a) Deputado(a) Moses Rodrigues na Câmara dos Deputados"", ""perfil_foto"": ""https://www.camara.leg.br/internet/deputado/bandep/pagina_do_deputado/178997.jpg""}"
Deputado Murillo Gouvea,PSDB,RJ,Camara dos Deputados,CD,https://www.camara.leg.br/deputados/220617,Deputado Federal Murillo Gouvea - Portal da Câmara dos Deputados,Página do(a) Deputado(a) Murillo Gouvea na Câmara dos Deputados,https://www.camara.leg.br/internet/deputado/bandep/pagina_do_deputado/220617.jpg,camara,,"{""perfil_titulo"": ""Deputado Federal Murillo Gouvea - Portal da Câmara dos Deputados"", ""perfil_descricao"": ""Página do(a) Deputado(a) Murillo Gouvea na Câmara dos Deputados"", ""perfil_foto"": ""https://www.camara.leg.br/internet/deputado/bandep/pagina_do_deputado/220617.jpg""}"
Deputada Natália Bonavides,PT,RN,Camara dos Deputados,CD,https://www.camara.leg.br/deputados/204453,Deputada Federal Natália Bonavides - Portal da Câmara dos Deputados,Página do(a) Deputado(a) Natália Bonavides na Câmara dos Deputados,https://www.camara.leg.br/internet/deputado/bandep/pagina_do_deputado/204453.jpg,camara,,"{""perfil_titulo"": ""Deputada Federal Natália Bonavides - Portal da Câmara dos Deputados"", ""perfil_descricao"": ""Página do(a) Deputado(a) Natália Bonavides na Câmara dos Deputados"", ""perfil_foto"": ""https://www.camara.leg.br/internet/deputado/bandep/pagina_do_deputado/204453.jpg""}"
Senador Nelsinho Trad,PSD,MS,Senado Federal,SF,https://www25.senado.leg.br/web/senadores/senador/-/perfil/5985,Senador Nelsinho Trad - Senado Federal,Página da atuação parlamentar do(a) Senador Nelsinho Trad,,senado,,"{""perfil_titulo"": ""Senador Nelsinho Trad - Senado Federal"", ""perfil_descricao"": ""Página da atuação parlamentar do(a) Senador Nelsinho Trad"", ""perfil_foto"": """", ""sf_legislatura"": ""56ª Legislatura,57ª Legislatura"", ""sf_uf"": ""MS"", ""sf_ano"": ""2019,2020,2021,2022,2023,2024,2025,2026,2027"", ""sf_senador"": ""Nelsinho Trad"", ""sf_comissao"": ""CAE,CAS,CCAI,CCT,CDR,CE,CEDP,CI,CMA,CNMS,CPCMS,CRE,CSDP,FPAMM,FPCIBERSEG,FPEMBRAPA,FPEMSN,FPINVESTEBRASIL,FPJOVEM,FPMDM,FPTRB,Frenfer,GPARABIASAUDITA,GPARGENTINA,GPAZERBAIJÃO,GPBAHREIN,GPBOLIVIA,GP-BRICS-SF,GPCHINA,GPCHIPRE,GPGUIANA,GPINDIA,GPJAPÃO,GPLÍBANO,GPMARROCOS,GPOTCAM,GPRCOREIA,GPSUIÇA,GPVENEZUELA"", ""sf_partido"": ""PSD"", ""nome_civil"": ""Nelson Trad Filho"", ""data_de_nascimento"": ""05/09/1961"", ""naturalidade"": ""Campo Grande (MS)"", ""gabinete"": ""Senado Federal Anexo 1 24º Pavimento"", ""telefones"": ""(61) 3303-6767 / 6768"", ""e_mail"": ""sen.nelsinhotrad@senado.leg.br"", ""site_pessoal"": ""Site pessoal (página de responsabilidade do gabinete do senador)"", ""escritorio_de_apoio"": ""AVENIDA AMÉRICA, 759. VILA PLANALTO, CAMPO GRANDE, MS. CEP:79009-060""}"
Deputado Nelson Barbudo,PODE,MT,Camara dos Deputados,CD,https://www.camara.leg.br/deputados/204449,Deputado Federal Nelson Barbudo - Portal da Câmara dos Deputados,Página do(a) Deputado(a) Nelson Barbudo na Câmara dos Deputados,https://www.camara.leg.br/internet/deputado/bandep/pagina_do_deputado/204449.jpg,camara,,"{""perfil_titulo"": ""Deputado Federal Nelson Barbudo - Portal da Câmara dos Deputados"", ""perfil_descricao"": ""Página do(a) Deputado(a) Nelson Barbudo na Câmara dos Deputados"", ""perfil_foto"": ""https://www.camara.leg.br/internet/deputado/bandep/pagina_do_deputado/204449.jpg""}"
Deputada Nely Aquino,PODE,MG,Camara dos Deputados,CD,https://www.camara.leg.br/deputados/220622,Deputada Federal Nely Aquino - Portal da Câmara dos Deputados,Página do(a) Deputado(a) Nely Aquino na Câmara dos Deputados,https://www.camara.leg.br/internet/deputado/bandep/pagina_do_deputado/220622.jpg,camara,,"{""perfil_titulo"": ""Deputada Federal Nely Aquino - Portal da Câmara dos Deputados"", ""perfil_descricao"": ""Página do(a) Deputado(a) Nely Aquino na Câmara dos Deputados"", ""perfil_foto"": ""https://www.camara.leg.br/internet/deputado/bandep/pagina_do_deputado/220622.jpg""}"
Deputado Neto Carletto,AVANTE,BA,Camara dos Deputados,CD,https://www.camara.leg.br/deputados/220703,Deputado Federal Neto Carletto - Portal da Câmara dos Deputados,Página do(a) Deputado(a) Neto Carletto na Câmara dos Deputados,https://www.camara.leg.br/internet/deputado/bandep/pagina_do_deputado/220703.jpg,camara,,"{""perfil_titulo"": ""Deputado Federal Neto Carletto - Portal da Câmara dos Deputados"", ""perfil_descricao"": ""Página do(a) Deputado(a) Neto Carletto na Câmara dos Deputados"", ""perfil_foto"": ""https://www.camara.leg.br/internet/deputado/bandep/pagina_do_deputado/220703.jpg""}"
Deputado Newton Cardoso Jr,MDB,MG,Camara dos Deputados,CD,https://www.camara.leg.br/deputados/178896,Deputado Federal Newton Cardoso Jr - Portal da Câmara dos Deputados,Página do(a) Deputado(a) Newton Cardoso Jr na Câmara dos Deputados,https://www.camara.leg.br/internet/deputado/bandep/pagina_do_deputado/178896.jpg,camara,,"{""perfil_titulo"": ""Deputado Federal Newton Cardoso Jr - Portal da Câmara dos Deputados"", ""perfil_descricao"": ""Página do(a) Deputado(a) Newton Cardoso Jr na Câmara dos Deputados"", ""perfil_foto"": ""https://www.camara.leg.br/internet/deputado/bandep/pagina_do_deputado/178896.jpg""}"
Deputado Nicoletti,PL,RR,Camara dos Deputados,CD,https://www.camara.leg.br/deputados/204479,Deputado Federal Nicoletti - Portal da Câmara dos Deputados,Página do(a) Deputado(a) Nicoletti na Câmara dos Deputados,https://www.camara.leg.br/internet/deputado/bandep/pagina_do_deputado/204479.jpg,camara,,"{""perfil_titulo"": ""Deputado Federal Nicoletti - Portal da Câmara dos Deputados"", ""perfil_descricao"": ""Página do(a) Deputado(a) Nicoletti na Câmara dos Deputados"", ""perfil_foto"": ""https://www.camara.leg.br/internet/deputado/bandep/pagina_do_deputado/204479.jpg""}"
Deputado Nikolas Ferreira,PL,MG,Camara dos Deputados,CD,https://www.camara.leg.br/deputados/209787,Deputado Federal Nikolas Ferreira - Portal da Câmara dos Deputados,Página do(a) Deputado(a) Nikolas Ferreira na Câmara dos Deputados,https://www.camara.leg.br/internet/deputado/bandep/pagina_do_deputado/209787.jpg,camara,,"{""perfil_titulo"": ""Deputado Federal Nikolas Ferreira - Portal da Câmara dos Deputados"", ""perfil_descricao"": ""Página do(a) Deputado(a) Nikolas Ferreira na Câmara dos Deputados"", ""perfil_foto"": ""https://www.camara.leg.br/internet/deputado/bandep/pagina_do_deputado/209787.jpg""}"
Deputado Nilto Tatto,PT,SP,Camara dos Deputados,CD,https://www.camara.leg.br/deputados/178986,Deputado Federal Nilto Tatto - Portal da Câmara dos Deputados,Página do(a) Deputado(a) Nilto Tatto na Câmara dos Deputados,https://www.camara.leg.br/internet/deputado/bandep/pagina_do_deputado/178986.jpg,camara,,"{""perfil_titulo"": ""Deputado Federal Nilto Tatto - Portal da Câmara dos Deputados"", ""perfil_descricao"": ""Página do(a) Deputado(a) Nilto Tatto na Câmara dos Deputados"", ""perfil_foto"": ""https://www.camara.leg.br/internet/deputado/bandep/pagina_do_deputado/178986.jpg""}"
Deputado Nivaldo Albuquerque,UNIÃO,AL,Camara dos Deputados,CD,https://www.camara.leg.br/deputados/194260,Deputado Federal Nivaldo Albuquerque - Portal da Câmara dos Deputados,Página do(a) Deputado(a) Nivaldo Albuquerque na Câmara dos Deputados,https://www.camara.leg.br/internet/deputado/bandep/pagina_do_deputado/194260.jpg,camara,,"{""perfil_titulo"": ""Deputado Federal Nivaldo Albuquerque - Portal da Câmara dos Deputados"", ""perfil_descricao"": ""Página do(a) Deputado(a) Nivaldo Albuquerque na Câmara dos Deputados"", ""perfil_foto"": ""https://www.camara.leg.br/internet/deputado/bandep/pagina_do_deputado/194260.jpg""}"
Deputado Olival Marques,PODE,PA,Camara dos Deputados,CD,https://www.camara.leg.br/deputados/204498,Deputado Federal Olival Marques - Portal da Câmara dos Deputados,Página do(a) Deputado(a) Olival Marques na Câmara dos Deputados,https://www.camara.leg.br/internet/deputado/bandep/pagina_do_deputado/204498.jpg,camara,,"{""perfil_titulo"": ""Deputado Federal Olival Marques - Portal da Câmara dos Deputados"", ""perfil_descricao"": ""Página do(a) Deputado(a) Olival Marques na Câmara dos Deputados"", ""perfil_foto"": ""https://www.camara.leg.br/internet/deputado/bandep/pagina_do_deputado/204498.jpg""}"
Senador Omar Aziz,PSD,AM,Senado Federal,SF,https://www25.senado.leg.br/web/senadores/senador/-/perfil/5525,Senador Omar Aziz - Senado Federal,Página da atuação parlamentar do(a) Senador Omar Aziz,,senado,,"{""perfil_titulo"": ""Senador Omar Aziz - Senado Federal"", ""perfil_descricao"": ""Página da atuação parlamentar do(a) Senador Omar Aziz"", ""perfil_foto"": """", ""sf_legislatura"": ""55ª Legislatura,56ª Legislatura,58ª Legislatura,57ª Legislatura"", ""sf_uf"": ""AM"", ""sf_ano"": ""2016,2017,2018,2019,2020,2021,2022,2023,2024,2025,2026,2027,2028,2029,2030,2031,2015"", ""sf_senador"": ""Omar Aziz"", ""sf_comissao"": ""CAE,CCJ,CEDP,CSP,CTCIVIL,CTFC,FPCIBERSEG,GPMARROCOS,PTS"", ""sf_partido"": ""PSD"", ""nome_civil"": ""Omar José Abdel Aziz"", ""data_de_nascimento"": ""13/08/1958"", ""naturalidade"": ""Garça (SP)"", ""gabinete"": ""Senado Federal Anexo 2 ALA FILINTO MÜLLER Gabinetes 01/03"", ""telefones"": ""(61) 3303-6579 / 6581"", ""e_mail"": ""sen.omaraziz@senado.leg.br"", ""escritorio_de_apoio"": ""RUA BERURI, 157. CONDOMÍNIO EFIGÊNIO SALES. ALEIXO, MANAUS, AM. CEP:69060-446""}"
Senador Oriovisto Guimarães,PSDB,PR,Senado Federal,SF,https://www25.senado.leg.br/web/senadores/senador/-/perfil/5924,Senador Oriovisto Guimarães - Senado Federal,Página da atuação parlamentar do(a) Senador Oriovisto Guimarães,,senado,,"{""perfil_titulo"": ""Senador Oriovisto Guimarães - Senado Federal"", ""perfil_descricao"": ""Página da atuação parlamentar do(a) Senador Oriovisto Guimarães"", ""perfil_foto"": """", ""sf_legislatura"": ""56ª Legislatura,57ª Legislatura"", ""sf_uf"": ""PR"", ""sf_ano"": ""2019,2020,2021,2022,2023,2024,2025,2026,2027"", ""sf_senador"": ""Oriovisto Guimarães"", ""sf_comissao"": ""CAE,CCJ,CCT,CTFC,FPAMM,FPEMSN,GPCHINA,GPLÍBANO,GPUCRANIA"", ""sf_partido"": ""PSDB"", ""nome_civil"": ""Oriovisto Guimaraes"", ""data_de_nascimento"": ""12/08/1945"", ""naturalidade"": ""Batatais (SP)"", ""gabinete"": ""Senado Federal Anexo 2 Ala Teotônio Vilela Gabinete 25"", ""telefones"": ""(61) 3303-1635"", ""e_mail"": ""sen.oriovistoguimaraes@senado.leg.br"", ""site_pessoal"": ""Site pessoal (página de responsabilidade do gabinete do senador)"", ""escritorio_de_apoio"": ""ALAMEDA DR. CARLOS DE CARVALHO, 417. SALA 2004, EDIFÍCIO CURITIBA TRADE CENTER. CENTRO, CURITIBA, PR.""}"
Deputado Orlando Silva,PCdoB,SP,Camara dos Deputados,CD,https://www.camara.leg.br/deputados/178987,Deputado Federal Orlando Silva - Portal da Câmara dos Deputados,Página do(a) Deputado(a) Orlando Silva na Câmara dos Deputados,https://www.camara.leg.br/internet/deputado/bandep/pagina_do_deputado/178987.jpg,camara,,"{""perfil_titulo"": ""Deputado Federal Orlando Silva - Portal da Câmara dos Deputados"", ""perfil_descricao"": ""Página do(a) Deputado(a) Orlando Silva na Câmara dos Deputados"", ""perfil_foto"": ""https://www.camara.leg.br/internet/deputado/bandep/pagina_do_deputado/178987.jpg""}"
Deputado Osmar Terra,PL,RS,Camara dos Deputados,CD,https://www.camara.leg.br/deputados/73692,Deputado Federal Osmar Terra - Portal da Câmara dos Deputados,Página do(a) Deputado(a) Osmar Terra na Câmara dos Deputados,https://www.camara.leg.br/internet/deputado/bandep/pagina_do_deputado/73692.jpg,camara,,"{""perfil_titulo"": ""Deputado Federal Osmar Terra - Portal da Câmara dos Deputados"", ""perfil_descricao"": ""Página do(a) Deputado(a) Osmar Terra na Câmara dos Deputados"", ""perfil_foto"": ""https://www.camara.leg.br/internet/deputado/bandep/pagina_do_deputado/73692.jpg""}"
Deputado Otoni De Paula,PSD,RJ,Camara dos Deputados,CD,https://www.camara.leg.br/deputados/204441,Deputado Federal Otoni de Paula - Portal da Câmara dos Deputados,Página do(a) Deputado(a) Otoni de Paula na Câmara dos Deputados,https://www.camara.leg.br/internet/deputado/bandep/pagina_do_deputado/204441.jpg,camara,,"{""perfil_titulo"": ""Deputado Federal Otoni de Paula - Portal da Câmara dos Deputados"", ""perfil_descricao"": ""Página do(a) Deputado(a) Otoni de Paula na Câmara dos Deputados"", ""perfil_foto"": ""https://www.camara.leg.br/internet/deputado/bandep/pagina_do_deputado/204441.jpg""}"
Senador Otto Alencar,PSD,BA,Senado Federal,SF,https://www25.senado.leg.br/web/senadores/senador/-/perfil/5523,Senador Otto Alencar - Senado Federal,Página da atuação parlamentar do(a) Senador Otto Alencar,,senado,,"{""perfil_titulo"": ""Senador Otto Alencar - Senado Federal"", ""perfil_descricao"": ""Página da atuação parlamentar do(a) Senador Otto Alencar"", ""perfil_foto"": """", ""sf_legislatura"": ""55ª Legislatura,56ª Legislatura,58ª Legislatura,57ª Legislatura"", ""sf_uf"": ""BA"", ""sf_ano"": ""2016,2017,2018,2019,2020,2021,2022,2023,2024,2025,2026,2027,2028,2029,2030,2031,2015"", ""sf_senador"": ""Otto Alencar"", ""sf_comissao"": ""CAE,CAS,CCJ,CEDP,CI,CMA,CTCIVIL,CTFC,FPJOVEM,FPRNE,GP-BRICS-SF,GPCAZAQUISTÃO,GPGUIANA,GPLÍBANO"", ""sf_partido"": ""PSD"", ""nome_civil"": ""Otto Roberto Mendonça de Alencar"", ""data_de_nascimento"": ""28/08/1947"", ""naturalidade"": ""Ruy Barbosa (BA)"", ""gabinete"": ""Senado Federal Anexo 2 Ala Tancredo Neves Gabinete 51"", ""telefones"": ""(61) 3303-3172 / 1464 / 1467"", ""e_mail"": ""sen.ottoalencar@senado.leg.br"", ""escritorio_de_apoio"": ""AVENIDA TANCREDO NEVES, 620. CONDOMÍNIO MUNDO PLAZA TORRE EMPRESARIAL, SALA 2014. CAMINHO DAS ÁRVORES, SALVADOR, BA. CEP:41820-020""}"
Deputado Padre João,PT,MG,Camara dos Deputados,CD,https://www.camara.leg.br/deputados/160556,Deputado Federal Padre João - Portal da Câmara dos Deputados,Página do(a) Deputado(a) Padre João na Câmara dos Deputados,https://www.camara.leg.br/internet/deputado/bandep/pagina_do_deputado/160556.jpg,camara,,"{""perfil_titulo"": ""Deputado Federal Padre João - Portal da Câmara dos Deputados"", ""perfil_descricao"": ""Página do(a) Deputado(a) Padre João na Câmara dos Deputados"", ""perfil_foto"": ""https://www.camara.leg.br/internet/deputado/bandep/pagina_do_deputado/160556.jpg""}"
Deputado Pastor Diniz,UNIÃO,RR,Camara dos Deputados,CD,https://www.camara.leg.br/deputados/180214,Deputado Federal Pastor Diniz - Portal da Câmara dos Deputados,Página do(a) Deputado(a) Pastor Diniz na Câmara dos Deputados,https://www.camara.leg.br/internet/deputado/bandep/pagina_do_deputado/180214.jpg,camara,,"{""perfil_titulo"": ""Deputado Federal Pastor Diniz - Portal da Câmara dos Deputados"", ""perfil_descricao"": ""Página do(a) Deputado(a) Pastor Diniz na Câmara dos Deputados"", ""perfil_foto"": ""https://www.camara.leg.br/internet/deputado/bandep/pagina_do_deputado/180214.jpg""}"
Deputado Pastor Eurico,PSDB,PE,Camara dos Deputados,CD,https://www.camara.leg.br/deputados/160642,Deputado Federal Pastor Eurico - Portal da Câmara dos Deputados,Página do(a) Deputado(a) Pastor Eurico na Câmara dos Deputados,https://www.camara.leg.br/internet/deputado/bandep/pagina_do_deputado/160642.jpg,camara,,"{""perfil_titulo"": ""Deputado Federal Pastor Eurico - Portal da Câmara dos Deputados"", ""perfil_descricao"": ""Página do(a) Deputado(a) Pastor Eurico na Câmara dos Deputados"", ""perfil_foto"": ""https://www.camara.leg.br/internet/deputado/bandep/pagina_do_deputado/160642.jpg""}"
Deputado Pastor Gil,PL,MA,Camara dos Deputados,CD,https://www.camara.leg.br/deputados/204570,Deputado Federal Pastor Gil - Portal da Câmara dos Deputados,Página do(a) Deputado(a) Pastor Gil na Câmara dos Deputados,https://www.camara.leg.br/internet/deputado/bandep/pagina_do_deputado/204570.jpg,camara,,"{""perfil_titulo"": ""Deputado Federal Pastor Gil - Portal da Câmara dos Deputados"", ""perfil_descricao"": ""Página do(a) Deputado(a) Pastor Gil na Câmara dos Deputados"", ""perfil_foto"": ""https://www.camara.leg.br/internet/deputado/bandep/pagina_do_deputado/204570.jpg""}"
Deputado Pastor Henrique Vieira,PSOL,RJ,Camara dos Deputados,CD,https://www.camara.leg.br/deputados/220615,Deputado Federal Pastor Henrique Vieira - Portal da Câmara dos Deputados,Página do(a) Deputado(a) Pastor Henrique Vieira na Câmara dos Deputados,https://www.camara.leg.br/internet/deputado/bandep/pagina_do_deputado/220615.jpg,camara,,"{""perfil_titulo"": ""Deputado Federal Pastor Henrique Vieira - Portal da Câmara dos Deputados"", ""perfil_descricao"": ""Página do(a) Deputado(a) Pastor Henrique Vieira na Câmara dos Deputados"", ""perfil_foto"": ""https://www.camara.leg.br/internet/deputado/bandep/pagina_do_deputado/220615.jpg""}"
Deputado Pastor Sargento Isidório,AVANTE,BA,Camara dos Deputados,CD,https://www.camara.leg.br/deputados/204553,Deputado Federal Pastor Sargento Isidório - Portal da Câmara dos Deputados,Página do(a) Deputado(a) Pastor Sargento Isidório na Câmara dos Deputados,https://www.camara.leg.br/internet/deputado/bandep/pagina_do_deputado/204553.jpg,camara,,"{""perfil_titulo"": ""Deputado Federal Pastor Sargento Isidório - Portal da Câmara dos Deputados"", ""perfil_descricao"": ""Página do(a) Deputado(a) Pastor Sargento Isidório na Câmara dos Deputados"", ""perfil_foto"": ""https://www.camara.leg.br/internet/deputado/bandep/pagina_do_deputado/204553.jpg""}"
Deputado Patrus Ananias,PT,MG,Camara dos Deputados,CD,https://www.camara.leg.br/deputados/74160,Deputado Federal Patrus Ananias - Portal da Câmara dos Deputados,Página do(a) Deputado(a) Patrus Ananias na Câmara dos Deputados,https://www.camara.leg.br/internet/deputado/bandep/pagina_do_deputado/74160.jpg,camara,,"{""perfil_titulo"": ""Deputado Federal Patrus Ananias - Portal da Câmara dos Deputados"", ""perfil_descricao"": ""Página do(a) Deputado(a) Patrus Ananias na Câmara dos Deputados"", ""perfil_foto"": ""https://www.camara.leg.br/internet/deputado/bandep/pagina_do_deputado/74160.jpg""}"
Deputado Paulinho Da Força,SOLIDARIEDADE,SP,Camara dos Deputados,CD,https://www.camara.leg.br/deputados/141518,Deputado Federal Paulinho da Força - Portal da Câmara dos Deputados,Página do(a) Deputado(a) Paulinho da Força na Câmara dos Deputados,https://www.camara.leg.br/internet/deputado/bandep/pagina_do_deputado/141518.jpg,camara,,"{""perfil_titulo"": ""Deputado Federal Paulinho da Força - Portal da Câmara dos Deputados"", ""perfil_descricao"": ""Página do(a) Deputado(a) Paulinho da Força na Câmara dos Deputados"", ""perfil_foto"": ""https://www.camara.leg.br/internet/deputado/bandep/pagina_do_deputado/141518.jpg""}"
Deputado Paulo Abi-ackel,PSDB,MG,Camara dos Deputados,CD,https://www.camara.leg.br/deputados/141516,Deputado Federal Paulo Abi-Ackel - Portal da Câmara dos Deputados,Página do(a) Deputado(a) Paulo Abi-Ackel na Câmara dos Deputados,https://www.camara.leg.br/internet/deputado/bandep/pagina_do_deputado/141516.jpg,camara,,"{""perfil_titulo"": ""Deputado Federal Paulo Abi-Ackel - Portal da Câmara dos Deputados"", ""perfil_descricao"": ""Página do(a) Deputado(a) Paulo Abi-Ackel na Câmara dos Deputados"", ""perfil_foto"": ""https://www.camara.leg.br/internet/deputado/bandep/pagina_do_deputado/141516.jpg""}"
Deputado Paulo Alexandre Barbosa,PSD,SP,Camara dos Deputados,CD,https://www.camara.leg.br/deputados/220650,Deputado Federal Paulo Alexandre Barbosa - Portal da Câmara dos Deputados,Página do(a) Deputado(a) Paulo Alexandre Barbosa na Câmara dos Deputados,https://www.camara.leg.br/internet/deputado/bandep/pagina_do_deputado/220650.jpg,camara,,"{""perfil_titulo"": ""Deputado Federal Paulo Alexandre Barbosa - Portal da Câmara dos Deputados"", ""perfil_descricao"": ""Página do(a) Deputado(a) Paulo Alexandre Barbosa na Câmara dos Deputados"", ""perfil_foto"": ""https://www.camara.leg.br/internet/deputado/bandep/pagina_do_deputado/220650.jpg""}"
Deputado Paulo Azi,UNIÃO,BA,Camara dos Deputados,CD,https://www.camara.leg.br/deputados/178860,Deputado Federal Paulo Azi - Portal da Câmara dos Deputados,Página do(a) Deputado(a) Paulo Azi na Câmara dos Deputados,https://www.camara.leg.br/internet/deputado/bandep/pagina_do_deputado/178860.jpg,camara,,"{""perfil_titulo"": ""Deputado Federal Paulo Azi - Portal da Câmara dos Deputados"", ""perfil_descricao"": ""Página do(a) Deputado(a) Paulo Azi na Câmara dos Deputados"", ""perfil_foto"": ""https://www.camara.leg.br/internet/deputado/bandep/pagina_do_deputado/178860.jpg""}"
Deputado Paulo Folletto,PSB,ES,Camara dos Deputados,CD,https://www.camara.leg.br/deputados/160517,Deputado Federal Paulo Folletto - Portal da Câmara dos Deputados,Página do(a) Deputado(a) Paulo Folletto na Câmara dos Deputados,https://www.camara.leg.br/internet/deputado/bandep/pagina_do_deputado/160517.jpg,camara,,"{""perfil_titulo"": ""Deputado Federal Paulo Folletto - Portal da Câmara dos Deputados"", ""perfil_descricao"": ""Página do(a) Deputado(a) Paulo Folletto na Câmara dos Deputados"", ""perfil_foto"": ""https://www.camara.leg.br/internet/deputado/bandep/pagina_do_deputado/160517.jpg""}"
Deputado Paulo Freire Costa,PL,SP,Camara dos Deputados,CD,https://www.camara.leg.br/deputados/160558,Deputado Federal Paulo Freire Costa - Portal da Câmara dos Deputados,Página do(a) Deputado(a) Paulo Freire Costa na Câmara dos Deputados,https://www.camara.leg.br/internet/deputado/bandep/pagina_do_deputado/160558.jpg,camara,,"{""perfil_titulo"": ""Deputado Federal Paulo Freire Costa - Portal da Câmara dos Deputados"", ""perfil_descricao"": ""Página do(a) Deputado(a) Paulo Freire Costa na Câmara dos Deputados"", ""perfil_foto"": ""https://www.camara.leg.br/internet/deputado/bandep/pagina_do_deputado/160558.jpg""}"
Deputado Paulo Guedes,PT,MG,Camara dos Deputados,CD,https://www.camara.leg.br/deputados/204492,Deputado Federal Paulo Guedes - Portal da Câmara dos Deputados,Página do(a) Deputado(a) Paulo Guedes na Câmara dos Deputados,https://www.camara.leg.br/internet/deputado/bandep/pagina_do_deputado/204492.jpg,camara,,"{""perfil_titulo"": ""Deputado Federal Paulo Guedes - Portal da Câmara dos Deputados"", ""perfil_descricao"": ""Página do(a) Deputado(a) Paulo Guedes na Câmara dos Deputados"", ""perfil_foto"": ""https://www.camara.leg.br/internet/deputado/bandep/pagina_do_deputado/204492.jpg""}"
Deputado Paulo Lemos,PT,AP,Camara dos Deputados,CD,https://www.camara.leg.br/deputados/233592,Deputado Federal Paulo Lemos - Portal da Câmara dos Deputados,Página do(a) Deputado(a) Paulo Lemos na Câmara dos Deputados,https://www.camara.leg.br/internet/deputado/bandep/pagina_do_deputado/233592.jpg,camara,,"{""perfil_titulo"": ""Deputado Federal Paulo Lemos - Portal da Câmara dos Deputados"", ""perfil_descricao"": ""Página do(a) Deputado(a) Paulo Lemos na Câmara dos Deputados"", ""perfil_foto"": ""https://www.camara.leg.br/internet/deputado/bandep/pagina_do_deputado/233592.jpg""}"
Deputado Paulo Litro,UNIÃO,PR,Camara dos Deputados,CD,https://www.camara.leg.br/deputados/220685,Deputado Federal Paulo Litro - Portal da Câmara dos Deputados,Página do(a) Deputado(a) Paulo Litro na Câmara dos Deputados,https://www.camara.leg.br/internet/deputado/bandep/pagina_do_deputado/220685.jpg,camara,,"{""perfil_titulo"": ""Deputado Federal Paulo Litro - Portal da Câmara dos Deputados"", ""perfil_descricao"": ""Página do(a) Deputado(a) Paulo Litro na Câmara dos Deputados"", ""perfil_foto"": ""https://www.camara.leg.br/internet/deputado/bandep/pagina_do_deputado/220685.jpg""}"
Deputado Paulo Magalhães,PSD,BA,Camara dos Deputados,CD,https://www.camara.leg.br/deputados/74574,Deputado Federal Paulo Magalhães - Portal da Câmara dos Deputados,Página do(a) Deputado(a) Paulo Magalhães na Câmara dos Deputados,https://www.camara.leg.br/internet/deputado/bandep/pagina_do_deputado/74574.jpg,camara,,"{""perfil_titulo"": ""Deputado Federal Paulo Magalhães - Portal da Câmara dos Deputados"", ""perfil_descricao"": ""Página do(a) Deputado(a) Paulo Magalhães na Câmara dos Deputados"", ""perfil_foto"": ""https://www.camara.leg.br/internet/deputado/bandep/pagina_do_deputado/74574.jpg""}"
Senador Paulo Paim,PT,RS,Senado Federal,SF,https://www25.senado.leg.br/web/senadores/senador/-/perfil/825,Senador Paulo Paim - Senado Federal,Página da atuação parlamentar do(a) Senador Paulo Paim,,senado,,"{""perfil_titulo"": ""Senador Paulo Paim - Senado Federal"", ""perfil_descricao"": ""Página da atuação parlamentar do(a) Senador Paulo Paim"", ""perfil_foto"": """", ""sf_legislatura"": ""54ª Legislatura,55ª Legislatura,56ª Legislatura,53ª Legislatura,57ª Legislatura,52ª Legislatura"", ""sf_uf"": ""RS"", ""sf_ano"": ""2003,2004,2005,2006,2007,2008,2009,2010,2011,2012,2013,2014,2015,2016,2017,2018,2019,2020,2021,2022,2023,2024,2025,2026,2027"", ""sf_senador"": ""Paulo Paim"", ""sf_comissao"": ""CAE,CASRARAS,CAS,CCT,CDH,CE,CSAN,FPAMM,FPBSJA,FPC,FPELETROMOBILIDADE,FPEpTec,FPINVESTEBRASIL,FPJOVEM,FPMA,FPMDPI,FPPAZ,FPRNE,GPAZERBAIJÃO,GPBOLIVIA,GPCAZAQUISTÃO,GPCHINA,GPGUIANA,GPINDIA,GPISRAEL,GPJAPÃO,GPMARROCOS,GPOTCAM,GPRCOREIA,GPSUIÇA,GPVENEZUELA,PJS"", ""sf_partido"": ""PT"", ""nome_civil"": ""Paulo Renato Paim"", ""data_de_nascimento"": ""15/03/1950"", ""naturalidade"": ""Caxias do Sul (RS)"", ""gabinete"": ""Senado Federal Anexo 1 22º Pavimento"", ""telefones"": ""(61) 3303-5232 / 5231 / 5230 / 5235"", ""e_mail"": ""sen.paulopaim@senado.leg.br"", ""site_pessoal"": ""Site pessoal (página de responsabilidade do gabinete do senador)"", ""escritorio_de_apoio"": ""AVENIDA GUILHERME SCHELL, 6922. MATHIAS VELHO, CANOAS, RS. CEP:92310-001""}"
Deputado Paulo Pimenta,PT,RS,Camara dos Deputados,CD,https://www.camara.leg.br/deputados/74400,Deputado Federal Paulo Pimenta - Portal da Câmara dos Deputados,Página do(a) Deputado(a) Paulo Pimenta na Câmara dos Deputados,https://www.camara.leg.br/internet/deputado/bandep/pagina_do_deputado/74400.jpg,camara,,"{""perfil_titulo"": ""Deputado Federal Paulo Pimenta - Portal da Câmara dos Deputados"", ""perfil_descricao"": ""Página do(a) Deputado(a) Paulo Pimenta na Câmara dos Deputados"", ""perfil_foto"": ""https://www.camara.leg.br/internet/deputado/bandep/pagina_do_deputado/74400.jpg""}"
Deputado Paulo Soares,PODE,SP,Camara dos Deputados,CD,https://www.camara.leg.br/deputados/154700,Deputado Federal Paulo Soares - Portal da Câmara dos Deputados,Página do(a) Deputado(a) Paulo Soares  na Câmara dos Deputados,https://www.camara.leg.br/internet/deputado/bandep/pagina_do_deputado/154700.jpg,camara,,"{""perfil_titulo"": ""Deputado Federal Paulo Soares - Portal da Câmara dos Deputados"", ""perfil_descricao"": ""Página do(a) Deputado(a) Paulo Soares  na Câmara dos Deputados"", ""perfil_foto"": ""https://www.camara.leg.br/internet/deputado/bandep/pagina_do_deputado/154700.jpg""}"
Deputado Paulo Teixeira,PT,SP,Camara dos Deputados,CD,https://www.camara.leg.br/deputados/141488,Deputado Federal Paulo Teixeira - Portal da Câmara dos Deputados,Página do(a) Deputado(a) Paulo Teixeira na Câmara dos Deputados,https://www.camara.leg.br/internet/deputado/bandep/pagina_do_deputado/141488.jpg,camara,,"{""perfil_titulo"": ""Deputado Federal Paulo Teixeira - Portal da Câmara dos Deputados"", ""perfil_descricao"": ""Página do(a) Deputado(a) Paulo Teixeira na Câmara dos Deputados"", ""perfil_foto"": ""https://www.camara.leg.br/internet/deputado/bandep/pagina_do_deputado/141488.jpg""}"
Deputado Pedro Aihara,PP,MG,Camara dos Deputados,CD,https://www.camara.leg.br/deputados/220630,Deputado Federal Pedro Aihara - Portal da Câmara dos Deputados,Página do(a) Deputado(a) Pedro Aihara na Câmara dos Deputados,https://www.camara.leg.br/internet/deputado/bandep/pagina_do_deputado/220630.jpg,camara,,"{""perfil_titulo"": ""Deputado Federal Pedro Aihara - Portal da Câmara dos Deputados"", ""perfil_descricao"": ""Página do(a) Deputado(a) Pedro Aihara na Câmara dos Deputados"", ""perfil_foto"": ""https://www.camara.leg.br/internet/deputado/bandep/pagina_do_deputado/220630.jpg""}"
Deputado Pedro Campos,PSB,PE,Camara dos Deputados,CD,https://www.camara.leg.br/deputados/220667,Deputado Federal Pedro Campos - Portal da Câmara dos Deputados,Página do(a) Deputado(a) Pedro Campos na Câmara dos Deputados,https://www.camara.leg.br/internet/deputado/bandep/pagina_do_deputado/220667.jpg,camara,,"{""perfil_titulo"": ""Deputado Federal Pedro Campos - Portal da Câmara dos Deputados"", ""perfil_descricao"": ""Página do(a) Deputado(a) Pedro Campos na Câmara dos Deputados"", ""perfil_foto"": ""https://www.camara.leg.br/internet/deputado/bandep/pagina_do_deputado/220667.jpg""}"
Deputado Pedro Lucas Fernandes,UNIÃO,MA,Camara dos Deputados,CD,https://www.camara.leg.br/deputados/122974,Deputado Federal Pedro Lucas Fernandes - Portal da Câmara dos Deputados,Página do(a) Deputado(a) Pedro Lucas Fernandes na Câmara dos Deputados,https://www.camara.leg.br/internet/deputado/bandep/pagina_do_deputado/122974.jpg,camara,,"{""perfil_titulo"": ""Deputado Federal Pedro Lucas Fernandes - Portal da Câmara dos Deputados"", ""perfil_descricao"": ""Página do(a) Deputado(a) Pedro Lucas Fernandes na Câmara dos Deputados"", ""perfil_foto"": ""https://www.camara.leg.br/internet/deputado/bandep/pagina_do_deputado/122974.jpg""}"
Deputado Pedro Lupion,REPUBLICANOS,PR,Camara dos Deputados,CD,https://www.camara.leg.br/deputados/204395,Deputado Federal Pedro Lupion - Portal da Câmara dos Deputados,Página do(a) Deputado(a) Pedro Lupion na Câmara dos Deputados,https://www.camara.leg.br/internet/deputado/bandep/pagina_do_deputado/204395.jpg,camara,,"{""perfil_titulo"": ""Deputado Federal Pedro Lupion - Portal da Câmara dos Deputados"", ""perfil_descricao"": ""Página do(a) Deputado(a) Pedro Lupion na Câmara dos Deputados"", ""perfil_foto"": ""https://www.camara.leg.br/internet/deputado/bandep/pagina_do_deputado/204395.jpg""}"
Deputado Pedro Paulo,PSD,RJ,Camara dos Deputados,CD,https://www.camara.leg.br/deputados/122158,Deputado Federal Pedro Paulo - Portal da Câmara dos Deputados,Página do(a) Deputado(a) Pedro Paulo na Câmara dos Deputados,https://www.camara.leg.br/internet/deputado/bandep/pagina_do_deputado/122158.jpg,camara,,"{""perfil_titulo"": ""Deputado Federal Pedro Paulo - Portal da Câmara dos Deputados"", ""perfil_descricao"": ""Página do(a) Deputado(a) Pedro Paulo na Câmara dos Deputados"", ""perfil_foto"": ""https://www.camara.leg.br/internet/deputado/bandep/pagina_do_deputado/122158.jpg""}"
Deputado Pedro Uczai,PT,SC,Camara dos Deputados,CD,https://www.camara.leg.br/deputados/160604,Deputado Federal Pedro Uczai - Portal da Câmara dos Deputados,Página do(a) Deputado(a) Pedro Uczai na Câmara dos Deputados,https://www.camara.leg.br/internet/deputado/bandep/pagina_do_deputado/160604.jpg,camara,,"{""perfil_titulo"": ""Deputado Federal Pedro Uczai - Portal da Câmara dos Deputados"", ""perfil_descricao"": ""Página do(a) Deputado(a) Pedro Uczai na Câmara dos Deputados"", ""perfil_foto"": ""https://www.camara.leg.br/internet/deputado/bandep/pagina_do_deputado/160604.jpg""}"
Deputado Pedro Westphalen,PP,RS,Camara dos Deputados,CD,https://www.camara.leg.br/deputados/204406,Deputado Federal Pedro Westphalen - Portal da Câmara dos Deputados,Página do(a) Deputado(a) Pedro Westphalen na Câmara dos Deputados,https://www.camara.leg.br/internet/deputado/bandep/pagina_do_deputado/204406.jpg,camara,,"{""perfil_titulo"": ""Deputado Federal Pedro Westphalen - Portal da Câmara dos Deputados"", ""perfil_descricao"": ""Página do(a) Deputado(a) Pedro Westphalen na Câmara dos Deputados"", ""perfil_foto"": ""https://www.camara.leg.br/internet/deputado/bandep/pagina_do_deputado/204406.jpg""}"
Deputado Pezenti,MDB,SC,Camara dos Deputados,CD,https://www.camara.leg.br/deputados/161440,Deputado Federal Pezenti - Portal da Câmara dos Deputados,Página do(a) Deputado(a) Pezenti na Câmara dos Deputados,https://www.camara.leg.br/internet/deputado/bandep/pagina_do_deputado/161440.jpg,camara,,"{""perfil_titulo"": ""Deputado Federal Pezenti - Portal da Câmara dos Deputados"", ""perfil_descricao"": ""Página do(a) Deputado(a) Pezenti na Câmara dos Deputados"", ""perfil_foto"": ""https://www.camara.leg.br/internet/deputado/bandep/pagina_do_deputado/161440.jpg""}"
Deputado Pinheirinho,PP,MG,Camara dos Deputados,CD,https://www.camara.leg.br/deputados/204524,Deputado Federal Pinheirinho - Portal da Câmara dos Deputados,Página do(a) Deputado(a) Pinheirinho na Câmara dos Deputados,https://www.camara.leg.br/internet/deputado/bandep/pagina_do_deputado/204524.jpg,camara,,"{""perfil_titulo"": ""Deputado Federal Pinheirinho - Portal da Câmara dos Deputados"", ""perfil_descricao"": ""Página do(a) Deputado(a) Pinheirinho na Câmara dos Deputados"", ""perfil_foto"": ""https://www.camara.leg.br/internet/deputado/bandep/pagina_do_deputado/204524.jpg""}"
Senador Plínio Valério,PSDB,AM,Senado Federal,SF,https://www25.senado.leg.br/web/senadores/senador/-/perfil/5502,Senador Plínio Valério - Senado Federal,Página da atuação parlamentar do(a) Senador Plínio Valério,,senado,,"{""perfil_titulo"": ""Senador Plínio Valério - Senado Federal"", ""perfil_descricao"": ""Página da atuação parlamentar do(a) Senador Plínio Valério"", ""perfil_foto"": """", ""sf_legislatura"": ""56ª Legislatura,57ª Legislatura"", ""sf_uf"": ""AM"", ""sf_ano"": ""2019,2020,2021,2022,2023,2024,2025,2026,2027"", ""sf_senador"": ""Plínio Valério"", ""sf_comissao"": ""CAE,CAS,CCC,CCDD,CCJ,CDBL,CDH,CDR,CE,CEsp,CI,CICCX,CMA,CMDG,CNMS,CSDP,CSP,DJEM,FPAMM,FPBSJA,FPC,FPCIBERSEG,FPDNB,FPEMSN,FPEpTec,FPINVESTEBRASIL,FPJOVEM,FPMA,FPMDFAV,GPAZERBAIJÃO,GPGUIANA,GPINDIA,GPISRAEL,GPMARROCOS,GPOTCAM,GPVENEZUELA,GTMTI,OUVIDSF,PAT,PTS"", ""sf_partido"": ""PSDB"", ""nome_civil"": ""Francisco Plínio Valério Tomaz"", ""data_de_nascimento"": ""31/01/1955"", ""naturalidade"": ""Eirunepé (AM)"", ""gabinete"": ""Senado Federal Anexo 1 25º Pavimento"", ""telefones"": ""(61) 3303-2898 / 2800"", ""e_mail"": ""sen.pliniovalerio@senado.leg.br"", ""escritorio_de_apoio"": ""AVENIDA DR. THEOMÁRIO PINTO DA COSTA, 811. EDIFÍCIO SKYE PLATINUM OFFICES - SALA 1805. CHAPADA, MANAUS, AM. CEP:69050-055""}"
Deputado Pompeo De Mattos,PDT,RS,Camara dos Deputados,CD,https://www.camara.leg.br/deputados/73486,Deputado Federal Pompeo de Mattos - Portal da Câmara dos Deputados,Página do(a) Deputado(a) Pompeo de Mattos na Câmara dos Deputados,https://www.camara.leg.br/internet/deputado/bandep/pagina_do_deputado/73486.jpg,camara,,"{""perfil_titulo"": ""Deputado Federal Pompeo de Mattos - Portal da Câmara dos Deputados"", ""perfil_descricao"": ""Página do(a) Deputado(a) Pompeo de Mattos na Câmara dos Deputados"", ""perfil_foto"": ""https://www.camara.leg.br/internet/deputado/bandep/pagina_do_deputado/73486.jpg""}"
Deputado Pr. Marco Feliciano,PL,SP,Camara dos Deputados,CD,https://www.camara.leg.br/deputados/160601,Deputado Federal Pr. Marco Feliciano - Portal da Câmara dos Deputados,Página do(a) Deputado(a) Pr. Marco Feliciano na Câmara dos Deputados,https://www.camara.leg.br/internet/deputado/bandep/pagina_do_deputado/160601.jpg,camara,,"{""perfil_titulo"": ""Deputado Federal Pr. Marco Feliciano - Portal da Câmara dos Deputados"", ""perfil_descricao"": ""Página do(a) Deputado(a) Pr. Marco Feliciano na Câmara dos Deputados"", ""perfil_foto"": ""https://www.camara.leg.br/internet/deputado/bandep/pagina_do_deputado/160601.jpg""}"
Deputada Priscila Costa,PL,CE,Camara dos Deputados,CD,https://www.camara.leg.br/deputados/226075,Deputada Federal Priscila Costa - Portal da Câmara dos Deputados,Página do(a) Deputado(a) Priscila Costa na Câmara dos Deputados,https://www.camara.leg.br/internet/deputado/bandep/pagina_do_deputado/226075.jpg,camara,,"{""perfil_titulo"": ""Deputada Federal Priscila Costa - Portal da Câmara dos Deputados"", ""perfil_descricao"": ""Página do(a) Deputado(a) Priscila Costa na Câmara dos Deputados"", ""perfil_foto"": ""https://www.camara.leg.br/internet/deputado/bandep/pagina_do_deputado/226075.jpg""}"
Deputado Prof. Reginaldo Veras,PV,DF,Camara dos Deputados,CD,https://www.camara.leg.br/deputados/220533,Deputado Federal Prof. Reginaldo Veras - Portal da Câmara dos Deputados,Página do(a) Deputado(a) Prof. Reginaldo Veras na Câmara dos Deputados,https://www.camara.leg.br/internet/deputado/bandep/pagina_do_deputado/220533.jpg,camara,,"{""perfil_titulo"": ""Deputado Federal Prof. Reginaldo Veras - Portal da Câmara dos Deputados"", ""perfil_descricao"": ""Página do(a) Deputado(a) Prof. Reginaldo Veras na Câmara dos Deputados"", ""perfil_foto"": ""https://www.camara.leg.br/internet/deputado/bandep/pagina_do_deputado/220533.jpg""}"
Senadora Professora Dorinha Seabra,UNIÃO,TO,Senado Federal,SF,https://www25.senado.leg.br/web/senadores/senador/-/perfil/5386,Senadora Professora Dorinha Seabra - Senado Federal,Página da atuação parlamentar do(a) Senadora Professora Dorinha Seabra,,senado,,"{""perfil_titulo"": ""Senadora Professora Dorinha Seabra - Senado Federal"", ""perfil_descricao"": ""Página da atuação parlamentar do(a) Senadora Professora Dorinha Seabra"", ""perfil_foto"": """", ""sf_legislatura"": ""58ª Legislatura,57ª Legislatura"", ""sf_uf"": ""TO"", ""sf_ano"": ""2023,2024,2025,2026,2027,2028,2029,2030,2031"", ""sf_senador"": ""Professora Dorinha Seabra"", ""sf_comissao"": ""CAE,CAS,CCC,CCDD,CCJ,CDBL,CDH,CDR,CE,CEDP,CI,CICCX,CMCVM,CMDG,CNMS,CRA,CRE,CSAN,CSDP,CSP,DJEM,FPAMM,FPELETROMOBILIDADE,FPEpTec,FPMA,FPMATOPIBA,GPARABIASAUDITA,GPISRAEL,GPRCOREIA,GPUCRANIA,PAT,PTS"", ""sf_partido"": ""UNIÃO"", ""nome_civil"": ""Maria Auxiliadora Seabra Rezende"", ""data_de_nascimento"": ""01/10/1964"", ""naturalidade"": ""Goiânia (GO)"", ""gabinete"": ""Senado Federal Anexo 1 26º Pavimento"", ""telefones"": ""(61) 3303-5990 / 5995 / 5900"", ""e_mail"": ""sen.professoradorinhaseabra@senado.leg.br"", ""escritorio_de_apoio"": ""QUADRA ACSU SO 50 (501 SUL) AV. TEOTÔNIO SEGURADO CONJ.1, 3. ED. EXECUTIVE CENTER SALA 309. PALMAS, TO. CEP:77016-002""}"
Deputado Professor Alcides,PSDB,GO,Camara dos Deputados,CD,https://www.camara.leg.br/deputados/204390,Deputado Federal Professor Alcides - Portal da Câmara dos Deputados,Página do(a) Deputado(a) Professor Alcides na Câmara dos Deputados,https://www.camara.leg.br/internet/deputado/bandep/pagina_do_deputado/204390.jpg,camara,,"{""perfil_titulo"": ""Deputado Federal Professor Alcides - Portal da Câmara dos Deputados"", ""perfil_descricao"": ""Página do(a) Deputado(a) Professor Alcides na Câmara dos Deputados"", ""perfil_foto"": ""https://www.camara.leg.br/internet/deputado/bandep/pagina_do_deputado/204390.jpg""}"
Deputada Professora Luciene Cavalcante,PSOL,SP,Camara dos Deputados,CD,https://www.camara.leg.br/deputados/221338,Deputada Federal Professora Luciene Cavalcante - Portal da Câmara dos Deputados,Página do(a) Deputado(a) Professora Luciene Cavalcante na Câmara dos Deputados,https://www.camara.leg.br/internet/deputado/bandep/pagina_do_deputado/221338.jpg,camara,,"{""perfil_titulo"": ""Deputada Federal Professora Luciene Cavalcante - Portal da Câmara dos Deputados"", ""perfil_descricao"": ""Página do(a) Deputado(a) Professora Luciene Cavalcante na Câmara dos Deputados"", ""perfil_foto"": ""https://www.camara.leg.br/internet/deputado/bandep/pagina_do_deputado/221338.jpg""}"
Deputada Professora Marcivania,PCdoB,AP,Camara dos Deputados,CD,https://www.camara.leg.br/deputados/160641,Deputada Federal Professora Marcivania - Portal da Câmara dos Deputados,Página do(a) Deputado(a) Professora Marcivania na Câmara dos Deputados,https://www.camara.leg.br/internet/deputado/bandep/pagina_do_deputado/160641.jpg,camara,,"{""perfil_titulo"": ""Deputada Federal Professora Marcivania - Portal da Câmara dos Deputados"", ""perfil_descricao"": ""Página do(a) Deputado(a) Professora Marcivania na Câmara dos Deputados"", ""perfil_foto"": ""https://www.camara.leg.br/internet/deputado/bandep/pagina_do_deputado/160641.jpg""}"
Deputado Rafael Brito,MDB,AL,Camara dos Deputados,CD,https://www.camara.leg.br/deputados/220586,Deputado Federal Rafael Brito - Portal da Câmara dos Deputados,Página do(a) Deputado(a) Rafael Brito na Câmara dos Deputados,https://www.camara.leg.br/internet/deputado/bandep/pagina_do_deputado/220586.jpg,camara,,"{""perfil_titulo"": ""Deputado Federal Rafael Brito - Portal da Câmara dos Deputados"", ""perfil_descricao"": ""Página do(a) Deputado(a) Rafael Brito na Câmara dos Deputados"", ""perfil_foto"": ""https://www.camara.leg.br/internet/deputado/bandep/pagina_do_deputado/220586.jpg""}"
Deputado Rafael Fera,PODE,RO,Camara dos Deputados,CD,https://www.camara.leg.br/deputados/233594,Deputado Federal Rafael Fera - Portal da Câmara dos Deputados,Página do(a) Deputado(a) Rafael Fera na Câmara dos Deputados,https://www.camara.leg.br/internet/deputado/bandep/pagina_do_deputado/233594.jpg,camara,,"{""perfil_titulo"": ""Deputado Federal Rafael Fera - Portal da Câmara dos Deputados"", ""perfil_descricao"": ""Página do(a) Deputado(a) Rafael Fera na Câmara dos Deputados"", ""perfil_foto"": ""https://www.camara.leg.br/internet/deputado/bandep/pagina_do_deputado/233594.jpg""}"
Deputado Rafael Prudente,MDB,DF,Camara dos Deputados,CD,https://www.camara.leg.br/deputados/220532,Deputado Federal Rafael Prudente - Portal da Câmara dos Deputados,Página do(a) Deputado(a) Rafael Prudente na Câmara dos Deputados,https://www.camara.leg.br/internet/deputado/bandep/pagina_do_deputado/220532.jpg,camara,,"{""perfil_titulo"": ""Deputado Federal Rafael Prudente - Portal da Câmara dos Deputados"", ""perfil_descricao"": ""Página do(a) Deputado(a) Rafael Prudente na Câmara dos Deputados"", ""perfil_foto"": ""https://www.camara.leg.br/internet/deputado/bandep/pagina_do_deputado/220532.jpg""}"
Deputado Rafael Simoes,UNIÃO,MG,Camara dos Deputados,CD,https://www.camara.leg.br/deputados/220626,Deputado Federal Rafael Simoes - Portal da Câmara dos Deputados,Página do(a) Deputado(a) Rafael Simoes na Câmara dos Deputados,https://www.camara.leg.br/internet/deputado/bandep/pagina_do_deputado/220626.jpg,camara,,"{""perfil_titulo"": ""Deputado Federal Rafael Simoes - Portal da Câmara dos Deputados"", ""perfil_descricao"": ""Página do(a) Deputado(a) Rafael Simoes na Câmara dos Deputados"", ""perfil_foto"": ""https://www.camara.leg.br/internet/deputado/bandep/pagina_do_deputado/220626.jpg""}"
Deputado Raimundo Costa,PSD,BA,Camara dos Deputados,CD,https://www.camara.leg.br/deputados/204567,Deputado Federal Raimundo Costa - Portal da Câmara dos Deputados,Página do(a) Deputado(a) Raimundo Costa na Câmara dos Deputados,https://www.camara.leg.br/internet/deputado/bandep/pagina_do_deputado/204567.jpg,camara,,"{""perfil_titulo"": ""Deputado Federal Raimundo Costa - Portal da Câmara dos Deputados"", ""perfil_descricao"": ""Página do(a) Deputado(a) Raimundo Costa na Câmara dos Deputados"", ""perfil_foto"": ""https://www.camara.leg.br/internet/deputado/bandep/pagina_do_deputado/204567.jpg""}"
Deputado Raimundo Santos,PSD,PA,Camara dos Deputados,CD,https://www.camara.leg.br/deputados/74084,Deputado Federal Raimundo Santos - Portal da Câmara dos Deputados,Página do(a) Deputado(a) Raimundo Santos na Câmara dos Deputados,https://www.camara.leg.br/internet/deputado/bandep/pagina_do_deputado/74084.jpg,camara,,"{""perfil_titulo"": ""Deputado Federal Raimundo Santos - Portal da Câmara dos Deputados"", ""perfil_descricao"": ""Página do(a) Deputado(a) Raimundo Santos na Câmara dos Deputados"", ""perfil_foto"": ""https://www.camara.leg.br/internet/deputado/bandep/pagina_do_deputado/74084.jpg""}"
Senador Randolfe Rodrigues,PT,AP,Senado Federal,SF,https://www25.senado.leg.br/web/senadores/senador/-/perfil/5012,Senador Randolfe Rodrigues - Senado Federal,Página da atuação parlamentar do(a) Senador Randolfe Rodrigues,,senado,,"{""perfil_titulo"": ""Senador Randolfe Rodrigues - Senado Federal"", ""perfil_descricao"": ""Página da atuação parlamentar do(a) Senador Randolfe Rodrigues"", ""perfil_foto"": """", ""sf_legislatura"": ""54ª Legislatura,55ª Legislatura,56ª Legislatura,57ª Legislatura"", ""sf_uf"": ""AP"", ""sf_ano"": ""2016,2017,2018,2019,2020,2021,2022,2023,2024,2025,2026,2027,2011,2012,2013,2014,2015"", ""sf_senador"": ""Randolfe Rodrigues"", ""sf_comissao"": ""CAE,CCJ,CCT,CEDP,CI,CRE,CTCIVIL,CTFC,FPC,FPDEPMEB,FPEpTec,FPJOVEM,FPMA,FPRNE,GPAZERBAIJÃO,GPCAZAQUISTÃO,GPCHINA,GPEUA,GPGUIANA,GPVENEZUELA"", ""sf_partido"": ""PT"", ""nome_civil"": ""Randolph Frederich Rodrigues Alves"", ""data_de_nascimento"": ""06/11/1972"", ""naturalidade"": ""Garanhuns (PE)"", ""gabinete"": ""Senado Federal Anexo 1 9º Pavimento"", ""telefones"": ""(61) 3303-6777 / 6568"", ""e_mail"": ""sen.randolferodrigues@senado.leg.br"", ""site_pessoal"": ""Site pessoal (página de responsabilidade do gabinete do senador)"", ""escritorio_de_apoio"": ""AVENIDA PEDRO BAIÃO, 257. TREM, MACAPA, AP. CEP:68900-250""}"
Deputado Raniery Paulino,REPUBLICANOS,PB,Camara dos Deputados,CD,https://www.camara.leg.br/deputados/115200,Deputado Federal Raniery Paulino - Portal da Câmara dos Deputados,Página do(a) Deputado(a) Raniery Paulino na Câmara dos Deputados,https://www.camara.leg.br/internet/deputado/bandep/pagina_do_deputado/115200.jpg,camara,,"{""perfil_titulo"": ""Deputado Federal Raniery Paulino - Portal da Câmara dos Deputados"", ""perfil_descricao"": ""Página do(a) Deputado(a) Raniery Paulino na Câmara dos Deputados"", ""perfil_foto"": ""https://www.camara.leg.br/internet/deputado/bandep/pagina_do_deputado/115200.jpg""}"
Deputado Reginaldo Lopes,PT,MG,Camara dos Deputados,CD,https://www.camara.leg.br/deputados/74161,Deputado Federal Reginaldo Lopes - Portal da Câmara dos Deputados,Página do(a) Deputado(a) Reginaldo Lopes na Câmara dos Deputados,https://www.camara.leg.br/internet/deputado/bandep/pagina_do_deputado/74161.jpg,camara,,"{""perfil_titulo"": ""Deputado Federal Reginaldo Lopes - Portal da Câmara dos Deputados"", ""perfil_descricao"": ""Página do(a) Deputado(a) Reginaldo Lopes na Câmara dos Deputados"", ""perfil_foto"": ""https://www.camara.leg.br/internet/deputado/bandep/pagina_do_deputado/74161.jpg""}"
Deputado Reimont,PT,RJ,Camara dos Deputados,CD,https://www.camara.leg.br/deputados/220606,Deputado Federal Reimont - Portal da Câmara dos Deputados,Página do(a) Deputado(a) Reimont na Câmara dos Deputados,https://www.camara.leg.br/internet/deputado/bandep/pagina_do_deputado/220606.jpg,camara,,"{""perfil_titulo"": ""Deputado Federal Reimont - Portal da Câmara dos Deputados"", ""perfil_descricao"": ""Página do(a) Deputado(a) Reimont na Câmara dos Deputados"", ""perfil_foto"": ""https://www.camara.leg.br/internet/deputado/bandep/pagina_do_deputado/220606.jpg""}"
Senador Renan Calheiros,MDB,AL,Senado Federal,SF,https://www25.senado.leg.br/web/senadores/senador/-/perfil/70,Senador Renan Calheiros - Senado Federal,Página da atuação parlamentar do(a) Senador Renan Calheiros,,senado,,"{""perfil_titulo"": ""Senador Renan Calheiros - Senado Federal"", ""perfil_descricao"": ""Página da atuação parlamentar do(a) Senador Renan Calheiros"", ""perfil_foto"": """", ""sf_legislatura"": ""54ª Legislatura,55ª Legislatura,56ª Legislatura,53ª Legislatura,51ª Legislatura,57ª Legislatura,52ª Legislatura,50ª Legislatura"", ""sf_uf"": ""AL"", ""sf_ano"": ""1995,1996,1997,1998,1999,2000,2001,2002,2003,2004,2005,2006,2007,2008,2009,2010,2011,2012,2013,2014,2015,2016,2017,2018,2019,2020,2021,2022,2023,2024,2025,2026,2027"", ""sf_senador"": ""Renan Calheiros"", ""sf_comissao"": ""CAE,CAS,CCJ,CDD,CEDP,CI,CPCMS,CRE,CSP,CTFC,FPMPBAS,GPBOLIVIA,GPGUIANA"", ""sf_partido"": ""MDB"", ""nome_civil"": ""José Renan Vasconcelos Calheiros"", ""data_de_nascimento"": ""16/09/1955"", ""naturalidade"": ""Murici (AL)"", ""gabinete"": ""Senado Federal Anexo 1 15º Pavimento"", ""telefones"": ""(61) 3303-2261 / 2262 / 2265 / 2268"", ""e_mail"": ""sen.renancalheiros@senado.leg.br"", ""site_pessoal"": ""Site pessoal (página de responsabilidade do gabinete do senador)"", ""escritorio_de_apoio"": ""RUA PAULINA DE MENDONÇA, 816. MANGABEIRAS, MACEIO, AL. CEP:57037-600""}"
Senador Renan Filho,MDB,AL,Senado Federal,SF,https://www25.senado.leg.br/web/senadores/senador/-/perfil/5207,Senador Renan Filho - Senado Federal,Página da atuação parlamentar do(a) Senador Renan Filho,,senado,,"{""perfil_titulo"": ""Senador Renan Filho - Senado Federal"", ""perfil_descricao"": ""Página da atuação parlamentar do(a) Senador Renan Filho"", ""perfil_foto"": """", ""sf_legislatura"": ""58ª Legislatura,57ª Legislatura"", ""sf_uf"": ""AL"", ""sf_ano"": ""2023,2024,2025,2026,2027,2028,2029,2030,2031"", ""sf_senador"": ""Renan Filho"", ""sf_comissao"": ""CAE,CCJ"", ""sf_partido"": ""MDB"", ""nome_civil"": ""José Renan Vasconcelos Calheiros Filho"", ""data_de_nascimento"": ""08/10/1979"", ""gabinete"": ""Senado Federal Anexo 1 6º Pavimento"", ""telefones"": ""(61) 3303-6266 / 6273"", ""e_mail"": ""sen.renanfilho@senado.leg.br"", ""escritorio_de_apoio"": ""RUA SAMPAIO MARQUÊS, 25. DELMAN EMPRESARIAL, SALA 611. PAJUÇARA, MACEIO, AL. CEP:57030107""}"
Deputada Renilce Nicodemos,MDB,PA,Camara dos Deputados,CD,https://www.camara.leg.br/deputados/153423,Deputada Federal Renilce Nicodemos - Portal da Câmara dos Deputados,Página do(a) Deputado(a) Renilce Nicodemos na Câmara dos Deputados,https://www.camara.leg.br/internet/deputado/bandep/pagina_do_deputado/153423.jpg,camara,,"{""perfil_titulo"": ""Deputada Federal Renilce Nicodemos - Portal da Câmara dos Deputados"", ""perfil_descricao"": ""Página do(a) Deputado(a) Renilce Nicodemos na Câmara dos Deputados"", ""perfil_foto"": ""https://www.camara.leg.br/internet/deputado/bandep/pagina_do_deputado/153423.jpg""}"
Deputado Renildo Calheiros,PCdoB,PE,Camara dos Deputados,CD,https://www.camara.leg.br/deputados/73801,Deputado Federal Renildo Calheiros - Portal da Câmara dos Deputados,Página do(a) Deputado(a) Renildo Calheiros na Câmara dos Deputados,https://www.camara.leg.br/internet/deputado/bandep/pagina_do_deputado/73801.jpg,camara,,"{""perfil_titulo"": ""Deputado Federal Renildo Calheiros - Portal da Câmara dos Deputados"", ""perfil_descricao"": ""Página do(a) Deputado(a) Renildo Calheiros na Câmara dos Deputados"", ""perfil_foto"": ""https://www.camara.leg.br/internet/deputado/bandep/pagina_do_deputado/73801.jpg""}"
Deputado Ribamar Silva,PODE,SP,Camara dos Deputados,CD,https://www.camara.leg.br/deputados/175765,Deputado Federal Ribamar Silva - Portal da Câmara dos Deputados,Página do(a) Deputado(a) Ribamar Silva na Câmara dos Deputados,https://www.camara.leg.br/internet/deputado/bandep/pagina_do_deputado/175765.jpg,camara,,"{""perfil_titulo"": ""Deputado Federal Ribamar Silva - Portal da Câmara dos Deputados"", ""perfil_descricao"": ""Página do(a) Deputado(a) Ribamar Silva na Câmara dos Deputados"", ""perfil_foto"": ""https://www.camara.leg.br/internet/deputado/bandep/pagina_do_deputado/175765.jpg""}"
Deputado Ricardo Abrão,PSDB,RJ,Camara dos Deputados,CD,https://www.camara.leg.br/deputados/221329,Deputado Federal Ricardo Abrão - Portal da Câmara dos Deputados,Página do(a) Deputado(a) Ricardo Abrão na Câmara dos Deputados,https://www.camara.leg.br/internet/deputado/bandep/pagina_do_deputado/221329.jpg,camara,,"{""perfil_titulo"": ""Deputado Federal Ricardo Abrão - Portal da Câmara dos Deputados"", ""perfil_descricao"": ""Página do(a) Deputado(a) Ricardo Abrão na Câmara dos Deputados"", ""perfil_foto"": ""https://www.camara.leg.br/internet/deputado/bandep/pagina_do_deputado/221329.jpg""}"
Deputado Ricardo Ayres,REPUBLICANOS,TO,Camara dos Deputados,CD,https://www.camara.leg.br/deputados/220543,Deputado Federal Ricardo Ayres - Portal da Câmara dos Deputados,Página do(a) Deputado(a) Ricardo Ayres na Câmara dos Deputados,https://www.camara.leg.br/internet/deputado/bandep/pagina_do_deputado/220543.jpg,camara,,"{""perfil_titulo"": ""Deputado Federal Ricardo Ayres - Portal da Câmara dos Deputados"", ""perfil_descricao"": ""Página do(a) Deputado(a) Ricardo Ayres na Câmara dos Deputados"", ""perfil_foto"": ""https://www.camara.leg.br/internet/deputado/bandep/pagina_do_deputado/220543.jpg""}"
Deputado Ricardo Barros,PP,PR,Camara dos Deputados,CD,https://www.camara.leg.br/deputados/73788,Deputado Federal Ricardo Barros - Portal da Câmara dos Deputados,Página do(a) Deputado(a) Ricardo Barros na Câmara dos Deputados,https://www.camara.leg.br/internet/deputado/bandep/pagina_do_deputado/73788.jpg,camara,,"{""perfil_titulo"": ""Deputado Federal Ricardo Barros - Portal da Câmara dos Deputados"", ""perfil_descricao"": ""Página do(a) Deputado(a) Ricardo Barros na Câmara dos Deputados"", ""perfil_foto"": ""https://www.camara.leg.br/internet/deputado/bandep/pagina_do_deputado/73788.jpg""}"
Deputado Ricardo Guidi,PL,SC,Camara dos Deputados,CD,https://www.camara.leg.br/deputados/204362,Deputado Federal Ricardo Guidi - Portal da Câmara dos Deputados,Página do(a) Deputado(a) Ricardo Guidi na Câmara dos Deputados,https://www.camara.leg.br/internet/deputado/bandep/pagina_do_deputado/204362.jpg,camara,,"{""perfil_titulo"": ""Deputado Federal Ricardo Guidi - Portal da Câmara dos Deputados"", ""perfil_descricao"": ""Página do(a) Deputado(a) Ricardo Guidi na Câmara dos Deputados"", ""perfil_foto"": ""https://www.camara.leg.br/internet/deputado/bandep/pagina_do_deputado/204362.jpg""}"
Deputado Ricardo Maia,MDB,BA,Camara dos Deputados,CD,https://www.camara.leg.br/deputados/220694,Deputado Federal Ricardo Maia - Portal da Câmara dos Deputados,Página do(a) Deputado(a) Ricardo Maia na Câmara dos Deputados,https://www.camara.leg.br/internet/deputado/bandep/pagina_do_deputado/220694.jpg,camara,,"{""perfil_titulo"": ""Deputado Federal Ricardo Maia - Portal da Câmara dos Deputados"", ""perfil_descricao"": ""Página do(a) Deputado(a) Ricardo Maia na Câmara dos Deputados"", ""perfil_foto"": ""https://www.camara.leg.br/internet/deputado/bandep/pagina_do_deputado/220694.jpg""}"
Deputado Ricardo Salles,NOVO,SP,Camara dos Deputados,CD,https://www.camara.leg.br/deputados/220633,Deputado Federal Ricardo Salles - Portal da Câmara dos Deputados,Página do(a) Deputado(a) Ricardo Salles na Câmara dos Deputados,https://www.camara.leg.br/internet/deputado/bandep/pagina_do_deputado/220633.jpg,camara,,"{""perfil_titulo"": ""Deputado Federal Ricardo Salles - Portal da Câmara dos Deputados"", ""perfil_descricao"": ""Página do(a) Deputado(a) Ricardo Salles na Câmara dos Deputados"", ""perfil_foto"": ""https://www.camara.leg.br/internet/deputado/bandep/pagina_do_deputado/220633.jpg""}"
Deputado Robério Monteiro,PSB,CE,Camara dos Deputados,CD,https://www.camara.leg.br/deputados/204489,Deputado Federal Robério Monteiro - Portal da Câmara dos Deputados,Página do(a) Deputado(a) Robério Monteiro na Câmara dos Deputados,https://www.camara.leg.br/internet/deputado/bandep/pagina_do_deputado/204489.jpg,camara,,"{""perfil_titulo"": ""Deputado Federal Robério Monteiro - Portal da Câmara dos Deputados"", ""perfil_descricao"": ""Página do(a) Deputado(a) Robério Monteiro na Câmara dos Deputados"", ""perfil_foto"": ""https://www.camara.leg.br/internet/deputado/bandep/pagina_do_deputado/204489.jpg""}"
Senadora Roberta Acioly,REPUBLICANOS,RR,Senado Federal,SF,https://www25.senado.leg.br/web/senadores/senador/-/perfil/6025,Senadora Roberta Acioly - Senado Federal,Página da atuação parlamentar do(a) Senadora Roberta Acioly,,senado,,"{""perfil_titulo"": ""Senadora Roberta Acioly - Senado Federal"", ""perfil_descricao"": ""Página da atuação parlamentar do(a) Senadora Roberta Acioly"", ""perfil_foto"": """", ""sf_legislatura"": ""56ª Legislatura,57ª Legislatura"", ""sf_uf"": ""RR"", ""sf_ano"": ""2019,2020,2021,2022,2023,2024,2025,2026,2027"", ""sf_senador"": ""Roberta Acioly"", ""sf_comissao"": ""CAS,CCJ,CDH,CDHYANOM,CE,CEsp,CMA,FPMF"", ""sf_partido"": ""REPUBLICANOS"", ""nome_civil"": ""Roberta Leontina Xisto Acioly"", ""data_de_nascimento"": ""19/10/1978"", ""naturalidade"": ""Santo André (SP)"", ""gabinete"": ""Senado Federal Anexo 2 Ala Ruy Carneiro Gabinete 02"", ""telefones"": ""(61) 3303-5291 / 5292"", ""e_mail"": ""sen.robertaacioly@senado.leg.br"", ""escritorio_de_apoio"": ""RUA EMANUELA JEIZA, 84. SALA 04, EDIFÍCIO PRIME LIVE CENTER. CAÇARI, BOA VISTA, RR. CEP:69307500""}"
Deputada Roberta Roma,PL,BA,Camara dos Deputados,CD,https://www.camara.leg.br/deputados/220693,Deputada Federal Roberta Roma - Portal da Câmara dos Deputados,Página do(a) Deputado(a) Roberta Roma na Câmara dos Deputados,https://www.camara.leg.br/internet/deputado/bandep/pagina_do_deputado/220693.jpg,camara,,"{""perfil_titulo"": ""Deputada Federal Roberta Roma - Portal da Câmara dos Deputados"", ""perfil_descricao"": ""Página do(a) Deputado(a) Roberta Roma na Câmara dos Deputados"", ""perfil_foto"": ""https://www.camara.leg.br/internet/deputado/bandep/pagina_do_deputado/220693.jpg""}"
Deputado Roberto Duarte,REPUBLICANOS,AC,Camara dos Deputados,CD,https://www.camara.leg.br/deputados/220588,Deputado Federal Roberto Duarte - Portal da Câmara dos Deputados,Página do(a) Deputado(a) Roberto Duarte na Câmara dos Deputados,https://www.camara.leg.br/internet/deputado/bandep/pagina_do_deputado/220588.jpg,camara,,"{""perfil_titulo"": ""Deputado Federal Roberto Duarte - Portal da Câmara dos Deputados"", ""perfil_descricao"": ""Página do(a) Deputado(a) Roberto Duarte na Câmara dos Deputados"", ""perfil_foto"": ""https://www.camara.leg.br/internet/deputado/bandep/pagina_do_deputado/220588.jpg""}"
Deputado Roberto Monteiro Pai,PL,RJ,Camara dos Deputados,CD,https://www.camara.leg.br/deputados/220613,Deputado Federal Roberto Monteiro Pai - Portal da Câmara dos Deputados,Página do(a) Deputado(a) Roberto Monteiro Pai na Câmara dos Deputados,https://www.camara.leg.br/internet/deputado/bandep/pagina_do_deputado/220613.jpg,camara,,"{""perfil_titulo"": ""Deputado Federal Roberto Monteiro Pai - Portal da Câmara dos Deputados"", ""perfil_descricao"": ""Página do(a) Deputado(a) Roberto Monteiro Pai na Câmara dos Deputados"", ""perfil_foto"": ""https://www.camara.leg.br/internet/deputado/bandep/pagina_do_deputado/220613.jpg""}"
Deputado Robinson Faria,PP,RN,Camara dos Deputados,CD,https://www.camara.leg.br/deputados/220624,Deputado Federal Robinson Faria - Portal da Câmara dos Deputados,Página do(a) Deputado(a) Robinson Faria na Câmara dos Deputados,https://www.camara.leg.br/internet/deputado/bandep/pagina_do_deputado/220624.jpg,camara,,"{""perfil_titulo"": ""Deputado Federal Robinson Faria - Portal da Câmara dos Deputados"", ""perfil_descricao"": ""Página do(a) Deputado(a) Robinson Faria na Câmara dos Deputados"", ""perfil_foto"": ""https://www.camara.leg.br/internet/deputado/bandep/pagina_do_deputado/220624.jpg""}"
Deputado Rodolfo Nogueira,PL,MS,Camara dos Deputados,CD,https://www.camara.leg.br/deputados/220546,Deputado Federal Rodolfo Nogueira - Portal da Câmara dos Deputados,Página do(a) Deputado(a) Rodolfo Nogueira na Câmara dos Deputados,https://www.camara.leg.br/internet/deputado/bandep/pagina_do_deputado/220546.jpg,camara,,"{""perfil_titulo"": ""Deputado Federal Rodolfo Nogueira - Portal da Câmara dos Deputados"", ""perfil_descricao"": ""Página do(a) Deputado(a) Rodolfo Nogueira na Câmara dos Deputados"", ""perfil_foto"": ""https://www.camara.leg.br/internet/deputado/bandep/pagina_do_deputado/220546.jpg""}"
Deputado Rodrigo Da Zaeli,PL,MT,Camara dos Deputados,CD,https://www.camara.leg.br/deputados/230767,Deputado Federal Rodrigo da Zaeli - Portal da Câmara dos Deputados,Página do(a) Deputado(a) Rodrigo da Zaeli na Câmara dos Deputados,https://www.camara.leg.br/internet/deputado/bandep/pagina_do_deputado/230767.jpg,camara,,"{""perfil_titulo"": ""Deputado Federal Rodrigo da Zaeli - Portal da Câmara dos Deputados"", ""perfil_descricao"": ""Página do(a) Deputado(a) Rodrigo da Zaeli na Câmara dos Deputados"", ""perfil_foto"": ""https://www.camara.leg.br/internet/deputado/bandep/pagina_do_deputado/230767.jpg""}"
Deputado Rodrigo De Castro,UNIÃO,MG,Camara dos Deputados,CD,https://www.camara.leg.br/deputados/141531,Deputado Federal Rodrigo de Castro - Portal da Câmara dos Deputados,Página do(a) Deputado(a) Rodrigo de Castro na Câmara dos Deputados,https://www.camara.leg.br/internet/deputado/bandep/pagina_do_deputado/141531.jpg,camara,,"{""perfil_titulo"": ""Deputado Federal Rodrigo de Castro - Portal da Câmara dos Deputados"", ""perfil_descricao"": ""Página do(a) Deputado(a) Rodrigo de Castro na Câmara dos Deputados"", ""perfil_foto"": ""https://www.camara.leg.br/internet/deputado/bandep/pagina_do_deputado/141531.jpg""}"
Deputado Rodrigo Gambale,PODE,SP,Camara dos Deputados,CD,https://www.camara.leg.br/deputados/220641,Deputado Federal Rodrigo Gambale - Portal da Câmara dos Deputados,Página do(a) Deputado(a) Rodrigo Gambale na Câmara dos Deputados,https://www.camara.leg.br/internet/deputado/bandep/pagina_do_deputado/220641.jpg,camara,,"{""perfil_titulo"": ""Deputado Federal Rodrigo Gambale - Portal da Câmara dos Deputados"", ""perfil_descricao"": ""Página do(a) Deputado(a) Rodrigo Gambale na Câmara dos Deputados"", ""perfil_foto"": ""https://www.camara.leg.br/internet/deputado/bandep/pagina_do_deputado/220641.jpg""}"
Senador Rodrigo Pacheco,PSB,MG,Senado Federal,SF,https://www25.senado.leg.br/web/senadores/senador/-/perfil/5732,Senador Rodrigo Pacheco - Senado Federal,Página da atuação parlamentar do(a) Senador Rodrigo Pacheco,,senado,,"{""perfil_titulo"": ""Senador Rodrigo Pacheco - Senado Federal"", ""perfil_descricao"": ""Página da atuação parlamentar do(a) Senador Rodrigo Pacheco"", ""perfil_foto"": """", ""sf_legislatura"": ""56ª Legislatura,57ª Legislatura"", ""sf_uf"": ""MG"", ""sf_ano"": ""2019,2020,2021,2022,2023,2024,2025,2026,2027"", ""sf_senador"": ""Rodrigo Pacheco"", ""sf_comissao"": ""CCJ,CDD,CRE,CTCIVIL,FPC,FPJOVEM,FPMA,FPRNE,GPARABIASAUDITA,GP-BRICS-SF,GPFRANCA,GTMTI"", ""sf_partido"": ""PSB"", ""nome_civil"": ""Rodrigo Otavio Soares Pacheco"", ""data_de_nascimento"": ""03/11/1976"", ""naturalidade"": ""Porto Velho (RO)"", ""gabinete"": ""Senado Federal Anexo 2 Ala Teotônio Vilela Gabinete 24"", ""telefones"": ""(61) 3303-2794"", ""e_mail"": ""sen.rodrigopacheco@senado.leg.br"", ""escritorio_de_apoio"": ""RUA MINISTRO OROZIMBO NONATO, 442. SALAS 1209 A 1212 - COND. E-OFFICE. VILA DA SERRA, NOVA LIMA, MG. CEP:34006-053""}"
Deputado Rodrigo Rollemberg,PSB,DF,Camara dos Deputados,CD,https://www.camara.leg.br/deputados/141533,Deputado Federal Rodrigo Rollemberg - Portal da Câmara dos Deputados,Página do(a) Deputado(a) Rodrigo Rollemberg na Câmara dos Deputados,https://www.camara.leg.br/internet/deputado/bandep/pagina_do_deputado/141533.jpg,camara,,"{""perfil_titulo"": ""Deputado Federal Rodrigo Rollemberg - Portal da Câmara dos Deputados"", ""perfil_descricao"": ""Página do(a) Deputado(a) Rodrigo Rollemberg na Câmara dos Deputados"", ""perfil_foto"": ""https://www.camara.leg.br/internet/deputado/bandep/pagina_do_deputado/141533.jpg""}"
Deputado Rodrigo Valadares,PL,SE,Camara dos Deputados,CD,https://www.camara.leg.br/deputados/165470,Deputado Federal Rodrigo Valadares - Portal da Câmara dos Deputados,Página do(a) Deputado(a) Rodrigo Valadares na Câmara dos Deputados,https://www.camara.leg.br/internet/deputado/bandep/pagina_do_deputado/165470.jpg,camara,,"{""perfil_titulo"": ""Deputado Federal Rodrigo Valadares - Portal da Câmara dos Deputados"", ""perfil_descricao"": ""Página do(a) Deputado(a) Rodrigo Valadares na Câmara dos Deputados"", ""perfil_foto"": ""https://www.camara.leg.br/internet/deputado/bandep/pagina_do_deputado/165470.jpg""}"
Deputada Rogéria Santos,REPUBLICANOS,BA,Camara dos Deputados,CD,https://www.camara.leg.br/deputados/220695,Deputada Federal Rogéria Santos - Portal da Câmara dos Deputados,Página do(a) Deputado(a) Rogéria Santos na Câmara dos Deputados,https://www.camara.leg.br/internet/deputado/bandep/pagina_do_deputado/220695.jpg,camara,,"{""perfil_titulo"": ""Deputada Federal Rogéria Santos - Portal da Câmara dos Deputados"", ""perfil_descricao"": ""Página do(a) Deputado(a) Rogéria Santos na Câmara dos Deputados"", ""perfil_foto"": ""https://www.camara.leg.br/internet/deputado/bandep/pagina_do_deputado/220695.jpg""}"
Senador Rogério Carvalho,PT,SE,Senado Federal,SF,https://www25.senado.leg.br/web/senadores/senador/-/perfil/5352,Senador Rogério Carvalho - Senado Federal,Página da atuação parlamentar do(a) Senador Rogério Carvalho,,senado,,"{""perfil_titulo"": ""Senador Rogério Carvalho - Senado Federal"", ""perfil_descricao"": ""Página da atuação parlamentar do(a) Senador Rogério Carvalho"", ""perfil_foto"": """", ""sf_legislatura"": ""56ª Legislatura,57ª Legislatura"", ""sf_uf"": ""SE"", ""sf_ano"": ""2019,2020,2021,2022,2023,2024,2025,2026,2027"", ""sf_senador"": ""Rogério Carvalho"", ""sf_comissao"": ""CAE,CCC,CCDD,CCJ,CCT,CDH,CDR,CEDP,CI,CMA,CMO,CNMS,CRE,CSP,CTFC,FPAMM,FPELETROMOBILIDADE,FPINVESTEBRASIL,FPMA,FPMDM,FPRNE,FPTRB,GPARABIASAUDITA,GPBOLIVIA,GP-BRICS-SF,GPCHIPRE,GPMARROCOS,GTMTI"", ""sf_partido"": ""PT"", ""nome_civil"": ""Rogério Carvalho Santos"", ""data_de_nascimento"": ""02/08/1968"", ""naturalidade"": ""Aracaju (SE)"", ""gabinete"": ""Senado Federal Anexo 2 Ala Teotônio Vilela Gabinete 12"", ""telefones"": ""(61) 3303-2201 / 2203"", ""e_mail"": ""sen.rogeriocarvalho@senado.leg.br"", ""escritorio_de_apoio"": ""RUA JOSÉ FREITAS DE ANDRADE, 2883. BAIRRO COROA DO MEIO. ARACAJU, SE. CEP:49035680""}"
Deputado Rogério Correia,PT,MG,Camara dos Deputados,CD,https://www.camara.leg.br/deputados/204480,Deputado Federal Rogério Correia - Portal da Câmara dos Deputados,Página do(a) Deputado(a) Rogério Correia na Câmara dos Deputados,https://www.camara.leg.br/internet/deputado/bandep/pagina_do_deputado/204480.jpg,camara,,"{""perfil_titulo"": ""Deputado Federal Rogério Correia - Portal da Câmara dos Deputados"", ""perfil_descricao"": ""Página do(a) Deputado(a) Rogério Correia na Câmara dos Deputados"", ""perfil_foto"": ""https://www.camara.leg.br/internet/deputado/bandep/pagina_do_deputado/204480.jpg""}"
Senador Rogerio Marinho,PL,RN,Senado Federal,SF,https://www25.senado.leg.br/web/senadores/senador/-/perfil/4694,Senador Rogerio Marinho - Senado Federal,Página da atuação parlamentar do(a) Senador Rogerio Marinho,,senado,,"{""perfil_titulo"": ""Senador Rogerio Marinho - Senado Federal"", ""perfil_descricao"": ""Página da atuação parlamentar do(a) Senador Rogerio Marinho"", ""perfil_foto"": """", ""sf_legislatura"": ""58ª Legislatura,57ª Legislatura"", ""sf_uf"": ""RN"", ""sf_ano"": ""2023,2024,2025,2026,2027,2028,2029,2030,2031"", ""sf_senador"": ""Rogerio Marinho"", ""sf_comissao"": ""CAE,CAS,CCDD,CCJ,CDR,CE,CI,CMA,CRA,CSP,CTFC,FPAMM,FPDNB,FPE,FPEMSN,FPEpTec,FPMDFAV,Frenfer,GPBOLIVIA,GP-BRICS-SF,GPISRAEL"", ""sf_partido"": ""PL"", ""nome_civil"": ""Rogério Simonetti Marinho"", ""data_de_nascimento"": ""26/11/1963"", ""naturalidade"": ""Natal (RN)"", ""gabinete"": ""Senado Federal Anexo 2 Ala Teotônio Vilela Gabinete 10"", ""telefones"": ""(61) 3303-1826"", ""e_mail"": ""sen.rogeriomarinho@senado.leg.br"", ""escritorio_de_apoio"": ""AVENIDA XAVIER DA SILVEIRA, 377. TIROL OFFICE. TIROL, NATAL, RN. CEP:59015430""}"
Senador Romário,PL,RJ,Senado Federal,SF,https://www25.senado.leg.br/web/senadores/senador/-/perfil/5322,Senador Romário - Senado Federal,Página da atuação parlamentar do(a) Senador Romário,,senado,,"{""perfil_titulo"": ""Senador Romário - Senado Federal"", ""perfil_descricao"": ""Página da atuação parlamentar do(a) Senador Romário"", ""perfil_foto"": """", ""sf_legislatura"": ""55ª Legislatura,56ª Legislatura,58ª Legislatura,57ª Legislatura"", ""sf_uf"": ""RJ"", ""sf_ano"": ""2016,2017,2018,2019,2020,2021,2022,2023,2024,2025,2026,2027,2028,2029,2030,2031,2015"", ""sf_senador"": ""Romário"", ""sf_comissao"": ""CAS,CDH,CE,CEsp,FPAMM,FPEMSN,FPJOVEM,FPMA,GPARABIASAUDITA,GPCHINA,GPRCOREIA"", ""sf_partido"": ""PL"", ""nome_civil"": ""Romario de Souza Faria"", ""data_de_nascimento"": ""29/01/1966"", ""naturalidade"": ""Rio de Janeiro (RJ)"", ""gabinete"": ""Senado Federal Anexo 2 Ala Nilo Coelho Pavimento Térreo Gabinete 11"", ""telefones"": ""(61) 3303-6519 / 6517 / 6520"", ""e_mail"": ""sen.romario@senado.leg.br"", ""site_pessoal"": ""Site pessoal (página de responsabilidade do gabinete do senador)"", ""escritorio_de_apoio"": ""AVENIDA DAS AMÉRICAS, 3500. SALA 130, ED. HONG KONG 3000. BARRA DA TIJUCA, RIO DE JANEIRO, RJ. CEP:22640102""}"
Deputada Rosana Valle,PL,SP,Camara dos Deputados,CD,https://www.camara.leg.br/deputados/204525,Deputada Federal Rosana Valle - Portal da Câmara dos Deputados,Página do(a) Deputado(a) Rosana Valle na Câmara dos Deputados,https://www.camara.leg.br/internet/deputado/bandep/pagina_do_deputado/204525.jpg,camara,,"{""perfil_titulo"": ""Deputada Federal Rosana Valle - Portal da Câmara dos Deputados"", ""perfil_descricao"": ""Página do(a) Deputado(a) Rosana Valle na Câmara dos Deputados"", ""perfil_foto"": ""https://www.camara.leg.br/internet/deputado/bandep/pagina_do_deputado/204525.jpg""}"
Deputada Rosangela Gomes,REPUBLICANOS,RJ,Camara dos Deputados,CD,https://www.camara.leg.br/deputados/178945,Deputada Federal Rosangela Gomes - Portal da Câmara dos Deputados,Página do(a) Deputado(a) Rosangela Gomes na Câmara dos Deputados,https://www.camara.leg.br/internet/deputado/bandep/pagina_do_deputado/178945.jpg,camara,,"{""perfil_titulo"": ""Deputada Federal Rosangela Gomes - Portal da Câmara dos Deputados"", ""perfil_descricao"": ""Página do(a) Deputado(a) Rosangela Gomes na Câmara dos Deputados"", ""perfil_foto"": ""https://www.camara.leg.br/internet/deputado/bandep/pagina_do_deputado/178945.jpg""}"
Deputada Rosangela Moro,PL,SP,Camara dos Deputados,CD,https://www.camara.leg.br/deputados/220644,Deputada Federal Rosangela Moro - Portal da Câmara dos Deputados,Página do(a) Deputado(a) Rosangela Moro na Câmara dos Deputados,https://www.camara.leg.br/internet/deputado/bandep/pagina_do_deputado/220644.jpg,camara,,"{""perfil_titulo"": ""Deputada Federal Rosangela Moro - Portal da Câmara dos Deputados"", ""perfil_descricao"": ""Página do(a) Deputado(a) Rosangela Moro na Câmara dos Deputados"", ""perfil_foto"": ""https://www.camara.leg.br/internet/deputado/bandep/pagina_do_deputado/220644.jpg""}"
Deputada Rosângela Reis,PL,MG,Camara dos Deputados,CD,https://www.camara.leg.br/deputados/220620,Deputada Federal Rosângela Reis - Portal da Câmara dos Deputados,Página do(a) Deputado(a) Rosângela Reis na Câmara dos Deputados,https://www.camara.leg.br/internet/deputado/bandep/pagina_do_deputado/220620.jpg,camara,,"{""perfil_titulo"": ""Deputada Federal Rosângela Reis - Portal da Câmara dos Deputados"", ""perfil_descricao"": ""Página do(a) Deputado(a) Rosângela Reis na Câmara dos Deputados"", ""perfil_foto"": ""https://www.camara.leg.br/internet/deputado/bandep/pagina_do_deputado/220620.jpg""}"
Deputada Roseana Sarney,MDB,MA,Camara dos Deputados,CD,https://www.camara.leg.br/deputados/73806,Deputada Federal Roseana Sarney - Portal da Câmara dos Deputados,Página do(a) Deputado(a) Roseana Sarney na Câmara dos Deputados,https://www.camara.leg.br/internet/deputado/bandep/pagina_do_deputado/73806.jpg,camara,,"{""perfil_titulo"": ""Deputada Federal Roseana Sarney - Portal da Câmara dos Deputados"", ""perfil_descricao"": ""Página do(a) Deputado(a) Roseana Sarney na Câmara dos Deputados"", ""perfil_foto"": ""https://www.camara.leg.br/internet/deputado/bandep/pagina_do_deputado/73806.jpg""}"
Deputado Rubens Otoni,PT,GO,Camara dos Deputados,CD,https://www.camara.leg.br/deputados/74371,Deputado Federal Rubens Otoni - Portal da Câmara dos Deputados,Página do(a) Deputado(a) Rubens Otoni na Câmara dos Deputados,https://www.camara.leg.br/internet/deputado/bandep/pagina_do_deputado/74371.jpg,camara,,"{""perfil_titulo"": ""Deputado Federal Rubens Otoni - Portal da Câmara dos Deputados"", ""perfil_descricao"": ""Página do(a) Deputado(a) Rubens Otoni na Câmara dos Deputados"", ""perfil_foto"": ""https://www.camara.leg.br/internet/deputado/bandep/pagina_do_deputado/74371.jpg""}"
Deputado Rubens Pereira Júnior,PT,MA,Camara dos Deputados,CD,https://www.camara.leg.br/deputados/178887,Deputado Federal Rubens Pereira Júnior - Portal da Câmara dos Deputados,Página do(a) Deputado(a) Rubens Pereira Júnior na Câmara dos Deputados,https://www.camara.leg.br/internet/deputado/bandep/pagina_do_deputado/178887.jpg,camara,,"{""perfil_titulo"": ""Deputado Federal Rubens Pereira Júnior - Portal da Câmara dos Deputados"", ""perfil_descricao"": ""Página do(a) Deputado(a) Rubens Pereira Júnior na Câmara dos Deputados"", ""perfil_foto"": ""https://www.camara.leg.br/internet/deputado/bandep/pagina_do_deputado/178887.jpg""}"
Deputado Rui Falcão,PT,SP,Camara dos Deputados,CD,https://www.camara.leg.br/deputados/73604,Deputado Federal Rui Falcão - Portal da Câmara dos Deputados,Página do(a) Deputado(a) Rui Falcão na Câmara dos Deputados,https://www.camara.leg.br/internet/deputado/bandep/pagina_do_deputado/73604.jpg,camara,,"{""perfil_titulo"": ""Deputado Federal Rui Falcão - Portal da Câmara dos Deputados"", ""perfil_descricao"": ""Página do(a) Deputado(a) Rui Falcão na Câmara dos Deputados"", ""perfil_foto"": ""https://www.camara.leg.br/internet/deputado/bandep/pagina_do_deputado/73604.jpg""}"
Deputado Ruy Carneiro,PODE,PB,Camara dos Deputados,CD,https://www.camara.leg.br/deputados/160635,Deputado Federal Ruy Carneiro - Portal da Câmara dos Deputados,Página do(a) Deputado(a) Ruy Carneiro na Câmara dos Deputados,https://www.camara.leg.br/internet/deputado/bandep/pagina_do_deputado/160635.jpg,camara,,"{""perfil_titulo"": ""Deputado Federal Ruy Carneiro - Portal da Câmara dos Deputados"", ""perfil_descricao"": ""Página do(a) Deputado(a) Ruy Carneiro na Câmara dos Deputados"", ""perfil_foto"": ""https://www.camara.leg.br/internet/deputado/bandep/pagina_do_deputado/160635.jpg""}"
Deputada Sâmia Bomfim,PSOL,SP,Camara dos Deputados,CD,https://www.camara.leg.br/deputados/204535,Deputada Federal Sâmia Bomfim - Portal da Câmara dos Deputados,Página do(a) Deputado(a) Sâmia Bomfim na Câmara dos Deputados,https://www.camara.leg.br/internet/deputado/bandep/pagina_do_deputado/204535.jpg,camara,,"{""perfil_titulo"": ""Deputada Federal Sâmia Bomfim - Portal da Câmara dos Deputados"", ""perfil_descricao"": ""Página do(a) Deputado(a) Sâmia Bomfim na Câmara dos Deputados"", ""perfil_foto"": ""https://www.camara.leg.br/internet/deputado/bandep/pagina_do_deputado/204535.jpg""}"
Deputado Samuel Viana,UNIÃO,MG,Camara dos Deputados,CD,https://www.camara.leg.br/deputados/220631,Deputado Federal Samuel Viana - Portal da Câmara dos Deputados,Página do(a) Deputado(a) Samuel Viana na Câmara dos Deputados,https://www.camara.leg.br/internet/deputado/bandep/pagina_do_deputado/220631.jpg,camara,,"{""perfil_titulo"": ""Deputado Federal Samuel Viana - Portal da Câmara dos Deputados"", ""perfil_descricao"": ""Página do(a) Deputado(a) Samuel Viana na Câmara dos Deputados"", ""perfil_foto"": ""https://www.camara.leg.br/internet/deputado/bandep/pagina_do_deputado/220631.jpg""}"
Deputado Sanderson,PL,RS,Camara dos Deputados,CD,https://www.camara.leg.br/deputados/204416,Deputado Federal Sanderson - Portal da Câmara dos Deputados,Página do(a) Deputado(a) Sanderson na Câmara dos Deputados,https://www.camara.leg.br/internet/deputado/bandep/pagina_do_deputado/204416.jpg,camara,,"{""perfil_titulo"": ""Deputado Federal Sanderson - Portal da Câmara dos Deputados"", ""perfil_descricao"": ""Página do(a) Deputado(a) Sanderson na Câmara dos Deputados"", ""perfil_foto"": ""https://www.camara.leg.br/internet/deputado/bandep/pagina_do_deputado/204416.jpg""}"
Deputado Sandro Alex,PSD,PR,Camara dos Deputados,CD,https://www.camara.leg.br/deputados/160621,Deputado Federal Sandro Alex - Portal da Câmara dos Deputados,Página do(a) Deputado(a) Sandro Alex na Câmara dos Deputados,https://www.camara.leg.br/internet/deputado/bandep/pagina_do_deputado/160621.jpg,camara,,"{""perfil_titulo"": ""Deputado Federal Sandro Alex - Portal da Câmara dos Deputados"", ""perfil_descricao"": ""Página do(a) Deputado(a) Sandro Alex na Câmara dos Deputados"", ""perfil_foto"": ""https://www.camara.leg.br/internet/deputado/bandep/pagina_do_deputado/160621.jpg""}"
Deputado Santin Roveda,UNIÃO,PR,Camara dos Deputados,CD,https://www.camara.leg.br/deputados/236518,Deputado Federal Santin Roveda - Portal da Câmara dos Deputados,Página do(a) Deputado(a) Santin Roveda na Câmara dos Deputados,https://www.camara.leg.br/internet/deputado/bandep/pagina_do_deputado/236518.jpg,camara,,"{""perfil_titulo"": ""Deputado Federal Santin Roveda - Portal da Câmara dos Deputados"", ""perfil_descricao"": ""Página do(a) Deputado(a) Santin Roveda na Câmara dos Deputados"", ""perfil_foto"": ""https://www.camara.leg.br/internet/deputado/bandep/pagina_do_deputado/236518.jpg""}"
Deputado Sargento Fahur,PL,PR,Camara dos Deputados,CD,https://www.camara.leg.br/deputados/204387,Deputado Federal Sargento Fahur - Portal da Câmara dos Deputados,Página do(a) Deputado(a) Sargento Fahur na Câmara dos Deputados,https://www.camara.leg.br/internet/deputado/bandep/pagina_do_deputado/204387.jpg,camara,,"{""perfil_titulo"": ""Deputado Federal Sargento Fahur - Portal da Câmara dos Deputados"", ""perfil_descricao"": ""Página do(a) Deputado(a) Sargento Fahur na Câmara dos Deputados"", ""perfil_foto"": ""https://www.camara.leg.br/internet/deputado/bandep/pagina_do_deputado/204387.jpg""}"
Deputado Sargento Gonçalves,PL,RN,Camara dos Deputados,CD,https://www.camara.leg.br/deputados/220621,Deputado Federal Sargento Gonçalves - Portal da Câmara dos Deputados,Página do(a) Deputado(a) Sargento Gonçalves na Câmara dos Deputados,https://www.camara.leg.br/internet/deputado/bandep/pagina_do_deputado/220621.jpg,camara,,"{""perfil_titulo"": ""Deputado Federal Sargento Gonçalves - Portal da Câmara dos Deputados"", ""perfil_descricao"": ""Página do(a) Deputado(a) Sargento Gonçalves na Câmara dos Deputados"", ""perfil_foto"": ""https://www.camara.leg.br/internet/deputado/bandep/pagina_do_deputado/220621.jpg""}"
Deputado Sargento Portugal,PODE,RJ,Camara dos Deputados,CD,https://www.camara.leg.br/deputados/220618,Deputado Federal Sargento Portugal - Portal da Câmara dos Deputados,Página do(a) Deputado(a) Sargento Portugal na Câmara dos Deputados,https://www.camara.leg.br/internet/deputado/bandep/pagina_do_deputado/220618.jpg,camara,,"{""perfil_titulo"": ""Deputado Federal Sargento Portugal - Portal da Câmara dos Deputados"", ""perfil_descricao"": ""Página do(a) Deputado(a) Sargento Portugal na Câmara dos Deputados"", ""perfil_foto"": ""https://www.camara.leg.br/internet/deputado/bandep/pagina_do_deputado/220618.jpg""}"
Deputado Saullo Vianna,MDB,AM,Camara dos Deputados,CD,https://www.camara.leg.br/deputados/220713,Deputado Federal Saullo Vianna - Portal da Câmara dos Deputados,Página do(a) Deputado(a) Saullo Vianna na Câmara dos Deputados,https://www.camara.leg.br/internet/deputado/bandep/pagina_do_deputado/220713.jpg,camara,,"{""perfil_titulo"": ""Deputado Federal Saullo Vianna - Portal da Câmara dos Deputados"", ""perfil_descricao"": ""Página do(a) Deputado(a) Saullo Vianna na Câmara dos Deputados"", ""perfil_foto"": ""https://www.camara.leg.br/internet/deputado/bandep/pagina_do_deputado/220713.jpg""}"
Deputado Saulo Pedroso,PSD,SP,Camara dos Deputados,CD,https://www.camara.leg.br/deputados/226837,Deputado Federal Saulo Pedroso - Portal da Câmara dos Deputados,Página do(a) Deputado(a) Saulo Pedroso na Câmara dos Deputados,https://www.camara.leg.br/internet/deputado/bandep/pagina_do_deputado/226837.jpg,camara,,"{""perfil_titulo"": ""Deputado Federal Saulo Pedroso - Portal da Câmara dos Deputados"", ""perfil_descricao"": ""Página do(a) Deputado(a) Saulo Pedroso na Câmara dos Deputados"", ""perfil_foto"": ""https://www.camara.leg.br/internet/deputado/bandep/pagina_do_deputado/226837.jpg""}"
Deputado Sérgio Brito,PSD,BA,Camara dos Deputados,CD,https://www.camara.leg.br/deputados/73808,Deputado Federal Sérgio Brito - Portal da Câmara dos Deputados,Página do(a) Deputado(a) Sérgio Brito na Câmara dos Deputados,https://www.camara.leg.br/internet/deputado/bandep/pagina_do_deputado/73808.jpg,camara,,"{""perfil_titulo"": ""Deputado Federal Sérgio Brito - Portal da Câmara dos Deputados"", ""perfil_descricao"": ""Página do(a) Deputado(a) Sérgio Brito na Câmara dos Deputados"", ""perfil_foto"": ""https://www.camara.leg.br/internet/deputado/bandep/pagina_do_deputado/73808.jpg""}"
Senador Sergio Moro,PL,PR,Senado Federal,SF,https://www25.senado.leg.br/web/senadores/senador/-/perfil/6331,Senador Sergio Moro - Senado Federal,Página da atuação parlamentar do(a) Senador Sergio Moro,,senado,,"{""perfil_titulo"": ""Senador Sergio Moro - Senado Federal"", ""perfil_descricao"": ""Página da atuação parlamentar do(a) Senador Sergio Moro"", ""perfil_foto"": """", ""sf_legislatura"": ""58ª Legislatura,57ª Legislatura"", ""sf_uf"": ""PR"", ""sf_ano"": ""2023,2024,2025,2026,2027,2028,2029,2030,2031"", ""sf_senador"": ""Sergio Moro"", ""sf_comissao"": ""CDH,CI,CRE,CREDC,CSP,CTCIVIL,CTEBOLÍVIA,CTFC,FPBSJA,FPCIBERSEG,FPMPBAS,GPJAPÃO,GPRCOREIA,GPUCRANIA"", ""sf_partido"": ""PL"", ""nome_civil"": ""Sergio Fernando Moro"", ""data_de_nascimento"": ""01/08/1972"", ""naturalidade"": ""Maringá (PR)"", ""gabinete"": ""Senado Federal Anexo 2 Ala Affonso Arinos Gabinete 04"", ""telefones"": ""(61) 3303-6202"", ""e_mail"": ""sen.sergiomoro@senado.leg.br"", ""escritorio_de_apoio"": ""ALAMEDA DR. CARLOS DE CARVALHO, 555. CENTRO EMPRESARIAL ENG. JOSÉ JOAQUIM.. CENTRO, CURITIBA, PR. CEP:80430-180""}"
Senador Sérgio Petecão,PSD,AC,Senado Federal,SF,https://www25.senado.leg.br/web/senadores/senador/-/perfil/4560,Senador Sérgio Petecão - Senado Federal,Página da atuação parlamentar do(a) Senador Sérgio Petecão,,senado,,"{""perfil_titulo"": ""Senador Sérgio Petecão - Senado Federal"", ""perfil_descricao"": ""Página da atuação parlamentar do(a) Senador Sérgio Petecão"", ""perfil_foto"": """", ""sf_legislatura"": ""54ª Legislatura,55ª Legislatura,56ª Legislatura,57ª Legislatura"", ""sf_uf"": ""AC"", ""sf_ano"": ""2016,2017,2018,2019,2020,2021,2022,2023,2024,2025,2026,2027,2011,2012,2013,2014,2015"", ""sf_senador"": ""Sérgio Petecão"", ""sf_comissao"": ""CAE,CAS,CCDD,CCJ,CCT,CE,CEDP,CEsp,CPCMS,CRA,CRE,CSP,FPDPP,FPMDPI,FPMF,FPRNE,GPARABIASAUDITA,GPAZERBAIJÃO,GP-BRICS-SF,GPCAZAQUISTÃO,GPCHINA,GPCHIPRE,GPISRAEL,GPPERU"", ""sf_partido"": ""PSD"", ""nome_civil"": ""Sérgio de Oliveira Cunha"", ""data_de_nascimento"": ""20/04/1960"", ""naturalidade"": ""Rio Branco (AC)"", ""gabinete"": ""Senado Federal Anexo 2 Ala Tancredo Neves Gabinete 54"", ""telefones"": ""(61) 3303-4086 / 6708 / 6709"", ""e_mail"": ""sen.sergiopetecao@senado.leg.br"", ""site_pessoal"": ""Site pessoal (página de responsabilidade do gabinete do senador)"", ""escritorio_de_apoio"": ""VIA CHICO MENDES, KM, 1. TRIÂNGULO NOVO, RIO BRANCO, AC. CEP:69906-000""}"
Deputado Sergio Souza,MDB,PR,Camara dos Deputados,CD,https://www.camara.leg.br/deputados/178933,Deputado Federal Sergio Souza - Portal da Câmara dos Deputados,Página do(a) Deputado(a) Sergio Souza na Câmara dos Deputados,https://www.camara.leg.br/internet/deputado/bandep/pagina_do_deputado/178933.jpg,camara,,"{""perfil_titulo"": ""Deputado Federal Sergio Souza - Portal da Câmara dos Deputados"", ""perfil_descricao"": ""Página do(a) Deputado(a) Sergio Souza na Câmara dos Deputados"", ""perfil_foto"": ""https://www.camara.leg.br/internet/deputado/bandep/pagina_do_deputado/178933.jpg""}"
Deputado Sidney Leite,PSD,AM,Camara dos Deputados,CD,https://www.camara.leg.br/deputados/204557,Deputado Federal Sidney Leite - Portal da Câmara dos Deputados,Página do(a) Deputado(a) Sidney Leite na Câmara dos Deputados,https://www.camara.leg.br/internet/deputado/bandep/pagina_do_deputado/204557.jpg,camara,,"{""perfil_titulo"": ""Deputado Federal Sidney Leite - Portal da Câmara dos Deputados"", ""perfil_descricao"": ""Página do(a) Deputado(a) Sidney Leite na Câmara dos Deputados"", ""perfil_foto"": ""https://www.camara.leg.br/internet/deputado/bandep/pagina_do_deputado/204557.jpg""}"
Deputada Silvia Cristina,PP,RO,Camara dos Deputados,CD,https://www.camara.leg.br/deputados/204360,Deputada Federal Silvia Cristina - Portal da Câmara dos Deputados,Página do(a) Deputado(a) Silvia Cristina na Câmara dos Deputados,https://www.camara.leg.br/internet/deputado/bandep/pagina_do_deputado/204360.jpg,camara,,"{""perfil_titulo"": ""Deputada Federal Silvia Cristina - Portal da Câmara dos Deputados"", ""perfil_descricao"": ""Página do(a) Deputado(a) Silvia Cristina na Câmara dos Deputados"", ""perfil_foto"": ""https://www.camara.leg.br/internet/deputado/bandep/pagina_do_deputado/204360.jpg""}"
Deputado Silvio Costa Filho,REPUBLICANOS,PE,Camara dos Deputados,CD,https://www.camara.leg.br/deputados/204425,Deputado Federal Silvio Costa Filho - Portal da Câmara dos Deputados,Página do(a) Deputado(a) Silvio Costa Filho na Câmara dos Deputados,https://www.camara.leg.br/internet/deputado/bandep/pagina_do_deputado/204425.jpg,camara,,"{""perfil_titulo"": ""Deputado Federal Silvio Costa Filho - Portal da Câmara dos Deputados"", ""perfil_descricao"": ""Página do(a) Deputado(a) Silvio Costa Filho na Câmara dos Deputados"", ""perfil_foto"": ""https://www.camara.leg.br/internet/deputado/bandep/pagina_do_deputado/204425.jpg""}"
Deputada Silvye Alves,UNIÃO,GO,Camara dos Deputados,CD,https://www.camara.leg.br/deputados/220569,Deputada Federal Silvye Alves - Portal da Câmara dos Deputados,Página do(a) Deputado(a) Silvye Alves na Câmara dos Deputados,https://www.camara.leg.br/internet/deputado/bandep/pagina_do_deputado/220569.jpg,camara,,"{""perfil_titulo"": ""Deputada Federal Silvye Alves - Portal da Câmara dos Deputados"", ""perfil_descricao"": ""Página do(a) Deputado(a) Silvye Alves na Câmara dos Deputados"", ""perfil_foto"": ""https://www.camara.leg.br/internet/deputado/bandep/pagina_do_deputado/220569.jpg""}"
Deputada Simone Marquetto,PP,SP,Camara dos Deputados,CD,https://www.camara.leg.br/deputados/220651,Deputada Federal Simone Marquetto - Portal da Câmara dos Deputados,Página do(a) Deputado(a) Simone Marquetto na Câmara dos Deputados,https://www.camara.leg.br/internet/deputado/bandep/pagina_do_deputado/220651.jpg,camara,,"{""perfil_titulo"": ""Deputada Federal Simone Marquetto - Portal da Câmara dos Deputados"", ""perfil_descricao"": ""Página do(a) Deputado(a) Simone Marquetto na Câmara dos Deputados"", ""perfil_foto"": ""https://www.camara.leg.br/internet/deputado/bandep/pagina_do_deputado/220651.jpg""}"
Deputada Socorro Neri,PP,AC,Camara dos Deputados,CD,https://www.camara.leg.br/deputados/104552,Deputada Federal Socorro Neri - Portal da Câmara dos Deputados,Página do(a) Deputado(a) Socorro Neri na Câmara dos Deputados,https://www.camara.leg.br/internet/deputado/bandep/pagina_do_deputado/104552.jpg,camara,,"{""perfil_titulo"": ""Deputada Federal Socorro Neri - Portal da Câmara dos Deputados"", ""perfil_descricao"": ""Página do(a) Deputado(a) Socorro Neri na Câmara dos Deputados"", ""perfil_foto"": ""https://www.camara.leg.br/internet/deputado/bandep/pagina_do_deputado/104552.jpg""}"
Deputada Sônia Guajajara,PSOL,SP,Camara dos Deputados,CD,https://www.camara.leg.br/deputados/220643,Deputada Federal Sônia Guajajara - Portal da Câmara dos Deputados,Página do(a) Deputado(a) Sônia Guajajara na Câmara dos Deputados,https://www.camara.leg.br/internet/deputado/bandep/pagina_do_deputado/220643.jpg,camara,,"{""perfil_titulo"": ""Deputada Federal Sônia Guajajara - Portal da Câmara dos Deputados"", ""perfil_descricao"": ""Página do(a) Deputado(a) Sônia Guajajara na Câmara dos Deputados"", ""perfil_foto"": ""https://www.camara.leg.br/internet/deputado/bandep/pagina_do_deputado/220643.jpg""}"
Deputada Soraya Santos,PL,RJ,Camara dos Deputados,CD,https://www.camara.leg.br/deputados/178946,Deputada Federal Soraya Santos - Portal da Câmara dos Deputados,Página do(a) Deputado(a) Soraya Santos na Câmara dos Deputados,https://www.camara.leg.br/internet/deputado/bandep/pagina_do_deputado/178946.jpg,camara,,"{""perfil_titulo"": ""Deputada Federal Soraya Santos - Portal da Câmara dos Deputados"", ""perfil_descricao"": ""Página do(a) Deputado(a) Soraya Santos na Câmara dos Deputados"", ""perfil_foto"": ""https://www.camara.leg.br/internet/deputado/bandep/pagina_do_deputado/178946.jpg""}"
Senadora Soraya Thronicke,PSB,MS,Senado Federal,SF,https://www25.senado.leg.br/web/senadores/senador/-/perfil/5988,Senadora Soraya Thronicke - Senado Federal,Página da atuação parlamentar do(a) Senadora Soraya Thronicke,,senado,,"{""perfil_titulo"": ""Senadora Soraya Thronicke - Senado Federal"", ""perfil_descricao"": ""Página da atuação parlamentar do(a) Senadora Soraya Thronicke"", ""perfil_foto"": """", ""sf_legislatura"": ""56ª Legislatura,57ª Legislatura"", ""sf_uf"": ""MS"", ""sf_ano"": ""2019,2020,2021,2022,2023,2024,2025,2026,2027"", ""sf_senador"": ""Soraya Thronicke"", ""sf_comissao"": ""CAE,CAS,CCJ,CI,CMCVM,CRA,CTCIVIL,FPC,FPEpTec,FPINVESTEBRASIL,FPJOVEM,FPRNE,Frenfer,GPBOLIVIA,GPCHINA,GPISRAEL,GPJAPÃO,GPRCOREIA"", ""sf_partido"": ""PSB"", ""nome_civil"": ""Soraya Vieira Thronicke"", ""data_de_nascimento"": ""01/06/1973"", ""naturalidade"": ""Dourados (MS)"", ""gabinete"": ""Senado Federal Edifício Principal Ala Dinarte Mariz Gabinete 01"", ""telefones"": ""(61) 3303-1775"", ""e_mail"": ""sen.sorayathronicke@senado.leg.br"", ""escritorio_de_apoio"": ""AVENIDA PROFESSOR LUIZ ALEXANDRE DE OLIVEIRA, 879. TÉRREO. ROYAL PARK, CAMPO GRANDE, MS. CEP:79021-430""}"
Deputado Sóstenes Cavalcante,PL,RJ,Camara dos Deputados,CD,https://www.camara.leg.br/deputados/178947,Deputado Federal Sóstenes Cavalcante - Portal da Câmara dos Deputados,Página do(a) Deputado(a) Sóstenes Cavalcante na Câmara dos Deputados,https://www.camara.leg.br/internet/deputado/bandep/pagina_do_deputado/178947.jpg,camara,,"{""perfil_titulo"": ""Deputado Federal Sóstenes Cavalcante - Portal da Câmara dos Deputados"", ""perfil_descricao"": ""Página do(a) Deputado(a) Sóstenes Cavalcante na Câmara dos Deputados"", ""perfil_foto"": ""https://www.camara.leg.br/internet/deputado/bandep/pagina_do_deputado/178947.jpg""}"
Deputado Stefano Aguiar,PSD,MG,Camara dos Deputados,CD,https://www.camara.leg.br/deputados/92776,Deputado Federal Stefano Aguiar - Portal da Câmara dos Deputados,Página do(a) Deputado(a) Stefano Aguiar na Câmara dos Deputados,https://www.camara.leg.br/internet/deputado/bandep/pagina_do_deputado/92776.jpg,camara,,"{""perfil_titulo"": ""Deputado Federal Stefano Aguiar - Portal da Câmara dos Deputados"", ""perfil_descricao"": ""Página do(a) Deputado(a) Stefano Aguiar na Câmara dos Deputados"", ""perfil_foto"": ""https://www.camara.leg.br/internet/deputado/bandep/pagina_do_deputado/92776.jpg""}"
Senador Styvenson Valentim,PODEMOS,RN,Senado Federal,SF,https://www25.senado.leg.br/web/senadores/senador/-/perfil/5959,Senador Styvenson Valentim - Senado Federal,Página da atuação parlamentar do(a) Senador Styvenson Valentim,,senado,,"{""perfil_titulo"": ""Senador Styvenson Valentim - Senado Federal"", ""perfil_descricao"": ""Página da atuação parlamentar do(a) Senador Styvenson Valentim"", ""perfil_foto"": """", ""sf_legislatura"": ""56ª Legislatura,57ª Legislatura"", ""sf_uf"": ""RN"", ""sf_ano"": ""2019,2020,2021,2022,2023,2024,2025,2026,2027"", ""sf_senador"": ""Styvenson Valentim"", ""sf_comissao"": ""CAS,CCDD,CDH,CMA,CMO,CRA,CSAN,CSP,CTFC,FPAMM,FPBSJA,FPELETROMOBILIDADE,FPJOVEM,GPCAZAQUISTÃO,GPCHINA,GPRCOREIA"", ""sf_partido"": ""PODEMOS"", ""nome_civil"": ""Eann Styvenson Valentim Mendes"", ""data_de_nascimento"": ""07/02/1977"", ""naturalidade"": ""Rio Branco (AC)"", ""gabinete"": ""Senado Federal Anexo 2 Ala Alexandre Costa 1º Pavimento Gabinete 01"", ""telefones"": ""(61) 3303-1148"", ""e_mail"": ""sen.styvensonvalentim@senado.leg.br"", ""escritorio_de_apoio"": ""AVENIDA AFONSO PENA, 1206. TIROL, NATAL, RN. CEP:59020-265""}"
Deputada Tabata Amaral,PSB,SP,Camara dos Deputados,CD,https://www.camara.leg.br/deputados/204534,Deputada Federal Tabata Amaral - Portal da Câmara dos Deputados,Página do(a) Deputado(a) Tabata Amaral na Câmara dos Deputados,https://www.camara.leg.br/internet/deputado/bandep/pagina_do_deputado/204534.jpg,camara,,"{""perfil_titulo"": ""Deputada Federal Tabata Amaral - Portal da Câmara dos Deputados"", ""perfil_descricao"": ""Página do(a) Deputado(a) Tabata Amaral na Câmara dos Deputados"", ""perfil_foto"": ""https://www.camara.leg.br/internet/deputado/bandep/pagina_do_deputado/204534.jpg""}"
Deputado Tadeu Veneri,PT,PR,Camara dos Deputados,CD,https://www.camara.leg.br/deputados/220682,Deputado Federal Tadeu Veneri - Portal da Câmara dos Deputados,Página do(a) Deputado(a) Tadeu Veneri na Câmara dos Deputados,https://www.camara.leg.br/internet/deputado/bandep/pagina_do_deputado/220682.jpg,camara,,"{""perfil_titulo"": ""Deputado Federal Tadeu Veneri - Portal da Câmara dos Deputados"", ""perfil_descricao"": ""Página do(a) Deputado(a) Tadeu Veneri na Câmara dos Deputados"", ""perfil_foto"": ""https://www.camara.leg.br/internet/deputado/bandep/pagina_do_deputado/220682.jpg""}"
Deputada Talíria Petrone,PSOL,RJ,Camara dos Deputados,CD,https://www.camara.leg.br/deputados/204464,Deputada Federal Talíria Petrone - Portal da Câmara dos Deputados,Página do(a) Deputado(a) Talíria Petrone na Câmara dos Deputados,https://www.camara.leg.br/internet/deputado/bandep/pagina_do_deputado/204464.jpg,camara,,"{""perfil_titulo"": ""Deputada Federal Talíria Petrone - Portal da Câmara dos Deputados"", ""perfil_descricao"": ""Página do(a) Deputado(a) Talíria Petrone na Câmara dos Deputados"", ""perfil_foto"": ""https://www.camara.leg.br/internet/deputado/bandep/pagina_do_deputado/204464.jpg""}"
Deputado Tarcísio Motta,PSOL,RJ,Camara dos Deputados,CD,https://www.camara.leg.br/deputados/220598,Deputado Federal Tarcísio Motta - Portal da Câmara dos Deputados,Página do(a) Deputado(a) Tarcísio Motta na Câmara dos Deputados,https://www.camara.leg.br/internet/deputado/bandep/pagina_do_deputado/220598.jpg,camara,,"{""perfil_titulo"": ""Deputado Federal Tarcísio Motta - Portal da Câmara dos Deputados"", ""perfil_descricao"": ""Página do(a) Deputado(a) Tarcísio Motta na Câmara dos Deputados"", ""perfil_foto"": ""https://www.camara.leg.br/internet/deputado/bandep/pagina_do_deputado/220598.jpg""}"
Senadora Teresa Leitão,PT,PE,Senado Federal,SF,https://www25.senado.leg.br/web/senadores/senador/-/perfil/6338,Senadora Teresa Leitão - Senado Federal,Página da atuação parlamentar do(a) Senadora Teresa Leitão,,senado,,"{""perfil_titulo"": ""Senadora Teresa Leitão - Senado Federal"", ""perfil_descricao"": ""Página da atuação parlamentar do(a) Senadora Teresa Leitão"", ""perfil_foto"": """", ""sf_legislatura"": ""58ª Legislatura,57ª Legislatura"", ""sf_uf"": ""PE"", ""sf_ano"": ""2023,2024,2025,2026,2027,2028,2029,2030,2031"", ""sf_senador"": ""Teresa Leitão"", ""sf_comissao"": ""CAE,CAS,CCT,CDH,CE,CEsp,CICCX,CMCVM,CMO,CSDP,CTFC,DJEM,FPAMM,FPELETROMOBILIDADE,FPEpTec,FPMA,FPMPBAS,FPPAZ,FPRNE,GP-BRICS-SF"", ""sf_partido"": ""PT"", ""nome_civil"": ""Maria Teresa Leitão de Melo"", ""data_de_nascimento"": ""07/10/1951"", ""naturalidade"": ""Recife (PE)"", ""gabinete"": ""Senado Federal Anexo 2 Ala Ruy Carneiro Gabinete 03"", ""telefones"": ""(61) 3303-2423"", ""e_mail"": ""sen.teresaleitao@senado.leg.br"", ""escritorio_de_apoio"": ""AVENIDA CONDE DA BOA VISTA, 1410. SALAS 601 A 604. BOA VISTA, RECIFE, PE. CEP:50060-001""}"
Senadora Tereza Cristina,PP,MS,Senado Federal,SF,https://www25.senado.leg.br/web/senadores/senador/-/perfil/5736,Senadora Tereza Cristina - Senado Federal,Página da atuação parlamentar do(a) Senadora Tereza Cristina,,senado,,"{""perfil_titulo"": ""Senadora Tereza Cristina - Senado Federal"", ""perfil_descricao"": ""Página da atuação parlamentar do(a) Senadora Tereza Cristina"", ""perfil_foto"": """", ""sf_legislatura"": ""58ª Legislatura,57ª Legislatura"", ""sf_uf"": ""MS"", ""sf_ano"": ""2023,2024,2025,2026,2027,2028,2029,2030,2031"", ""sf_senador"": ""Tereza Cristina"", ""sf_comissao"": ""CAE,CDBL,CI,CMA,CMDG,CMO,CPCMS,CRA,CRE,CSAN,CTCIVIL,DJEM,FPAMM,FPC,FPDNB,FPEMBRAPA,FPEMSN,FPEpTec,FPINVESTEBRASIL,FPTRB,GPARABIASAUDITA,GP-BRICS-SF,GTMTI"", ""sf_partido"": ""PP"", ""nome_civil"": ""Tereza Cristina Correa da Costa Dias"", ""data_de_nascimento"": ""06/07/1954"", ""naturalidade"": ""Campo Grande (MS)"", ""gabinete"": ""Senado Federal Anexo 2 Ala Affonso Arinos Gabinete 01"", ""telefones"": ""(61) 3303-2431"", ""e_mail"": ""sen.terezacristina@senado.leg.br"", ""site_pessoal"": ""Site pessoal (página de responsabilidade do gabinete do senador)"", ""escritorio_de_apoio"": ""RUA PERNAMBUCO, 1884. VILA GOMES, CAMPO GRANDE, MS. CEP:79022-340""}"
Deputado Thiago De Joaldo,REPUBLICANOS,SE,Camara dos Deputados,CD,https://www.camara.leg.br/deputados/220560,Deputado Federal Thiago de Joaldo - Portal da Câmara dos Deputados,Página do(a) Deputado(a) Thiago de Joaldo na Câmara dos Deputados,https://www.camara.leg.br/internet/deputado/bandep/pagina_do_deputado/220560.jpg,camara,,"{""perfil_titulo"": ""Deputado Federal Thiago de Joaldo - Portal da Câmara dos Deputados"", ""perfil_descricao"": ""Página do(a) Deputado(a) Thiago de Joaldo na Câmara dos Deputados"", ""perfil_foto"": ""https://www.camara.leg.br/internet/deputado/bandep/pagina_do_deputado/220560.jpg""}"
Deputado Thiago Flores,UNIÃO,RO,Camara dos Deputados,CD,https://www.camara.leg.br/deputados/220597,Deputado Federal Thiago Flores - Portal da Câmara dos Deputados,Página do(a) Deputado(a) Thiago Flores na Câmara dos Deputados,https://www.camara.leg.br/internet/deputado/bandep/pagina_do_deputado/220597.jpg,camara,,"{""perfil_titulo"": ""Deputado Federal Thiago Flores - Portal da Câmara dos Deputados"", ""perfil_descricao"": ""Página do(a) Deputado(a) Thiago Flores na Câmara dos Deputados"", ""perfil_foto"": ""https://www.camara.leg.br/internet/deputado/bandep/pagina_do_deputado/220597.jpg""}"
Deputado Tiago Dimas,PODE,TO,Camara dos Deputados,CD,https://www.camara.leg.br/deputados/143084,Deputado Federal Tiago Dimas - Portal da Câmara dos Deputados,Página do(a) Deputado(a) Tiago Dimas na Câmara dos Deputados,https://www.camara.leg.br/internet/deputado/bandep/pagina_do_deputado/143084.jpg,camara,,"{""perfil_titulo"": ""Deputado Federal Tiago Dimas - Portal da Câmara dos Deputados"", ""perfil_descricao"": ""Página do(a) Deputado(a) Tiago Dimas na Câmara dos Deputados"", ""perfil_foto"": ""https://www.camara.leg.br/internet/deputado/bandep/pagina_do_deputado/143084.jpg""}"
Deputado Tião Medeiros,PP,PR,Camara dos Deputados,CD,https://www.camara.leg.br/deputados/220684,Deputado Federal Tião Medeiros - Portal da Câmara dos Deputados,Página do(a) Deputado(a) Tião Medeiros na Câmara dos Deputados,https://www.camara.leg.br/internet/deputado/bandep/pagina_do_deputado/220684.jpg,camara,,"{""perfil_titulo"": ""Deputado Federal Tião Medeiros - Portal da Câmara dos Deputados"", ""perfil_descricao"": ""Página do(a) Deputado(a) Tião Medeiros na Câmara dos Deputados"", ""perfil_foto"": ""https://www.camara.leg.br/internet/deputado/bandep/pagina_do_deputado/220684.jpg""}"
Deputado Tiririca,PSD,SP,Camara dos Deputados,CD,https://www.camara.leg.br/deputados/160976,Deputado Federal Tiririca - Portal da Câmara dos Deputados,Página do(a) Deputado(a) Tiririca na Câmara dos Deputados,https://www.camara.leg.br/internet/deputado/bandep/pagina_do_deputado/160976.jpg,camara,,"{""perfil_titulo"": ""Deputado Federal Tiririca - Portal da Câmara dos Deputados"", ""perfil_descricao"": ""Página do(a) Deputado(a) Tiririca na Câmara dos Deputados"", ""perfil_foto"": ""https://www.camara.leg.br/internet/deputado/bandep/pagina_do_deputado/160976.jpg""}"
Deputado Toninho Wandscheer,PP,PR,Camara dos Deputados,CD,https://www.camara.leg.br/deputados/178934,Deputado Federal Toninho Wandscheer - Portal da Câmara dos Deputados,Página do(a) Deputado(a) Toninho Wandscheer na Câmara dos Deputados,https://www.camara.leg.br/internet/deputado/bandep/pagina_do_deputado/178934.jpg,camara,,"{""perfil_titulo"": ""Deputado Federal Toninho Wandscheer - Portal da Câmara dos Deputados"", ""perfil_descricao"": ""Página do(a) Deputado(a) Toninho Wandscheer na Câmara dos Deputados"", ""perfil_foto"": ""https://www.camara.leg.br/internet/deputado/bandep/pagina_do_deputado/178934.jpg""}"
Deputado Túlio Gadêlha,PSD,PE,Camara dos Deputados,CD,https://www.camara.leg.br/deputados/157130,Deputado Federal Túlio Gadêlha - Portal da Câmara dos Deputados,Página do(a) Deputado(a) Túlio Gadêlha na Câmara dos Deputados,https://www.camara.leg.br/internet/deputado/bandep/pagina_do_deputado/157130.jpg,camara,,"{""perfil_titulo"": ""Deputado Federal Túlio Gadêlha - Portal da Câmara dos Deputados"", ""perfil_descricao"": ""Página do(a) Deputado(a) Túlio Gadêlha na Câmara dos Deputados"", ""perfil_foto"": ""https://www.camara.leg.br/internet/deputado/bandep/pagina_do_deputado/157130.jpg""}"
Deputado Valdir Trindade,REPUBLICANOS,PB,Camara dos Deputados,CD,https://www.camara.leg.br/deputados/236423,Deputado Federal Valdir Trindade - Portal da Câmara dos Deputados,Página do(a) Deputado(a) Valdir Trindade na Câmara dos Deputados,https://www.camara.leg.br/internet/deputado/bandep/pagina_do_deputado/236423.jpg,camara,,"{""perfil_titulo"": ""Deputado Federal Valdir Trindade - Portal da Câmara dos Deputados"", ""perfil_descricao"": ""Página do(a) Deputado(a) Valdir Trindade na Câmara dos Deputados"", ""perfil_foto"": ""https://www.camara.leg.br/internet/deputado/bandep/pagina_do_deputado/236423.jpg""}"
Deputado Valmir Assunção,PT,BA,Camara dos Deputados,CD,https://www.camara.leg.br/deputados/160610,Deputado Federal Valmir Assunção - Portal da Câmara dos Deputados,Página do(a) Deputado(a) Valmir Assunção na Câmara dos Deputados,https://www.camara.leg.br/internet/deputado/bandep/pagina_do_deputado/160610.jpg,camara,,"{""perfil_titulo"": ""Deputado Federal Valmir Assunção - Portal da Câmara dos Deputados"", ""perfil_descricao"": ""Página do(a) Deputado(a) Valmir Assunção na Câmara dos Deputados"", ""perfil_foto"": ""https://www.camara.leg.br/internet/deputado/bandep/pagina_do_deputado/160610.jpg""}"
Senador Vanderlan Cardoso,PSD,GO,Senado Federal,SF,https://www25.senado.leg.br/web/senadores/senador/-/perfil/5899,Senador Vanderlan Cardoso - Senado Federal,Página da atuação parlamentar do(a) Senador Vanderlan Cardoso,,senado,,"{""perfil_titulo"": ""Senador Vanderlan Cardoso - Senado Federal"", ""perfil_descricao"": ""Página da atuação parlamentar do(a) Senador Vanderlan Cardoso"", ""perfil_foto"": """", ""sf_legislatura"": ""56ª Legislatura,57ª Legislatura"", ""sf_uf"": ""GO"", ""sf_ano"": ""2019,2020,2021,2022,2023,2024,2025,2026,2027"", ""sf_senador"": ""Vanderlan Cardoso"", ""sf_comissao"": ""CAE,CCDD,CCJ,CCT,CDH,CE,CI,CMA,CRA,CSP,CTFC,FPBSJA,FPDNB,FPE,FPINVESTEBRASIL,FPRNE,GP-BRICS-SF,GPSUIÇA,GPVENEZUELA"", ""sf_partido"": ""PSD"", ""nome_civil"": ""Vanderlan Vieira Cardoso"", ""data_de_nascimento"": ""15/11/1962"", ""naturalidade"": ""Iporá (GO)"", ""gabinete"": ""Senado Federal Anexo 2 Ala Affonso Arinos Gabinete 13"", ""telefones"": ""(61) 3303-2092 / 2099"", ""e_mail"": ""sen.vanderlancardoso@senado.leg.br"", ""escritorio_de_apoio"": ""PRAÇA PROF. CECILIO FLEURY. Q F32, 30. ST. SUL, GOIANIA, GO. CEP:74085540""}"
Deputado Vander Loubet,PT,MS,Camara dos Deputados,CD,https://www.camara.leg.br/deputados/74376,Deputado Federal Vander Loubet - Portal da Câmara dos Deputados,Página do(a) Deputado(a) Vander Loubet na Câmara dos Deputados,https://www.camara.leg.br/internet/deputado/bandep/pagina_do_deputado/74376.jpg,camara,,"{""perfil_titulo"": ""Deputado Federal Vander Loubet - Portal da Câmara dos Deputados"", ""perfil_descricao"": ""Página do(a) Deputado(a) Vander Loubet na Câmara dos Deputados"", ""perfil_foto"": ""https://www.camara.leg.br/internet/deputado/bandep/pagina_do_deputado/74376.jpg""}"
Senador Veneziano Vital do Rêgo,MDB,PB,Senado Federal,SF,https://www25.senado.leg.br/web/senadores/senador/-/perfil/5748,Senador Veneziano Vital do Rêgo - Senado Federal,Página da atuação parlamentar do(a) Senador Veneziano Vital do Rêgo,,senado,,"{""perfil_titulo"": ""Senador Veneziano Vital do Rêgo - Senado Federal"", ""perfil_descricao"": ""Página da atuação parlamentar do(a) Senador Veneziano Vital do Rêgo"", ""perfil_foto"": """", ""sf_legislatura"": ""56ª Legislatura,57ª Legislatura"", ""sf_uf"": ""PB"", ""sf_ano"": ""2019,2020,2021,2022,2023,2024,2025,2026,2027"", ""sf_senador"": ""Veneziano Vital do Rêgo"", ""sf_comissao"": ""CAE,CAS,CCAI,CCC,CCJ,CE,CI,CICCX,CMCVM,CPCMS,CRE,CTCIVIL,FPDNB,FPEMSN,FPINVESTEBRASIL,FPJOVEM,FPRNE,Frenfer,GPARABIASAUDITA,GP-BRICS-SF,GPEUA,GPMARROCOS,GPSUIÇA"", ""sf_partido"": ""MDB"", ""nome_civil"": ""Veneziano Vital do Rêgo Segundo Neto"", ""data_de_nascimento"": ""17/07/1970"", ""naturalidade"": ""Campina Grande (PB)"", ""gabinete"": ""Senado Federal Anexo 1 20º Pavimento"", ""telefones"": ""(61) 3303-2252 / 2481"", ""e_mail"": ""sen.venezianovitaldorego@senado.leg.br""}"
Deputado Vermelho,PL,PR,Camara dos Deputados,CD,https://www.camara.leg.br/deputados/204396,Deputado Federal Vermelho - Portal da Câmara dos Deputados,Página do(a) Deputado(a) Vermelho na Câmara dos Deputados,https://www.camara.leg.br/internet/deputado/bandep/pagina_do_deputado/204396.jpg,camara,,"{""perfil_titulo"": ""Deputado Federal Vermelho - Portal da Câmara dos Deputados"", ""perfil_descricao"": ""Página do(a) Deputado(a) Vermelho na Câmara dos Deputados"", ""perfil_foto"": ""https://www.camara.leg.br/internet/deputado/bandep/pagina_do_deputado/204396.jpg""}"
Deputado Vicentinho Júnior,PSDB,TO,Camara dos Deputados,CD,https://www.camara.leg.br/deputados/137070,Deputado Federal Vicentinho Júnior - Portal da Câmara dos Deputados,Página do(a) Deputado(a) Vicentinho Júnior na Câmara dos Deputados,https://www.camara.leg.br/internet/deputado/bandep/pagina_do_deputado/137070.jpg,camara,,"{""perfil_titulo"": ""Deputado Federal Vicentinho Júnior - Portal da Câmara dos Deputados"", ""perfil_descricao"": ""Página do(a) Deputado(a) Vicentinho Júnior na Câmara dos Deputados"", ""perfil_foto"": ""https://www.camara.leg.br/internet/deputado/bandep/pagina_do_deputado/137070.jpg""}"
Deputado Vinicius Carvalho,PL,SP,Camara dos Deputados,CD,https://www.camara.leg.br/deputados/141555,Deputado Federal Vinicius Carvalho - Portal da Câmara dos Deputados,Página do(a) Deputado(a) Vinicius Carvalho na Câmara dos Deputados,https://www.camara.leg.br/internet/deputado/bandep/pagina_do_deputado/141555.jpg,camara,,"{""perfil_titulo"": ""Deputado Federal Vinicius Carvalho - Portal da Câmara dos Deputados"", ""perfil_descricao"": ""Página do(a) Deputado(a) Vinicius Carvalho na Câmara dos Deputados"", ""perfil_foto"": ""https://www.camara.leg.br/internet/deputado/bandep/pagina_do_deputado/141555.jpg""}"
Deputado Vinicius Gurgel,PL,AP,Camara dos Deputados,CD,https://www.camara.leg.br/deputados/160591,Deputado Federal Vinicius Gurgel - Portal da Câmara dos Deputados,Página do(a) Deputado(a) Vinicius Gurgel na Câmara dos Deputados,https://www.camara.leg.br/internet/deputado/bandep/pagina_do_deputado/160591.jpg,camara,,"{""perfil_titulo"": ""Deputado Federal Vinicius Gurgel - Portal da Câmara dos Deputados"", ""perfil_descricao"": ""Página do(a) Deputado(a) Vinicius Gurgel na Câmara dos Deputados"", ""perfil_foto"": ""https://www.camara.leg.br/internet/deputado/bandep/pagina_do_deputado/160591.jpg""}"
Deputado Vitor Lippi,PSD,SP,Camara dos Deputados,CD,https://www.camara.leg.br/deputados/178992,Deputado Federal Vitor Lippi - Portal da Câmara dos Deputados,Página do(a) Deputado(a) Vitor Lippi na Câmara dos Deputados,https://www.camara.leg.br/internet/deputado/bandep/pagina_do_deputado/178992.jpg,camara,,"{""perfil_titulo"": ""Deputado Federal Vitor Lippi - Portal da Câmara dos Deputados"", ""perfil_descricao"": ""Página do(a) Deputado(a) Vitor Lippi na Câmara dos Deputados"", ""perfil_foto"": ""https://www.camara.leg.br/internet/deputado/bandep/pagina_do_deputado/178992.jpg""}"
Deputado Waldemar Oliveira,AVANTE,PE,Camara dos Deputados,CD,https://www.camara.leg.br/deputados/91228,Deputado Federal Waldemar Oliveira - Portal da Câmara dos Deputados,Página do(a) Deputado(a) Waldemar Oliveira na Câmara dos Deputados,https://www.camara.leg.br/internet/deputado/bandep/pagina_do_deputado/91228.jpg,camara,,"{""perfil_titulo"": ""Deputado Federal Waldemar Oliveira - Portal da Câmara dos Deputados"", ""perfil_descricao"": ""Página do(a) Deputado(a) Waldemar Oliveira na Câmara dos Deputados"", ""perfil_foto"": ""https://www.camara.leg.br/internet/deputado/bandep/pagina_do_deputado/91228.jpg""}"
Deputado Waldenor Pereira,PT,BA,Camara dos Deputados,CD,https://www.camara.leg.br/deputados/160569,Deputado Federal Waldenor Pereira - Portal da Câmara dos Deputados,Página do(a) Deputado(a) Waldenor Pereira na Câmara dos Deputados,https://www.camara.leg.br/internet/deputado/bandep/pagina_do_deputado/160569.jpg,camara,,"{""perfil_titulo"": ""Deputado Federal Waldenor Pereira - Portal da Câmara dos Deputados"", ""perfil_descricao"": ""Página do(a) Deputado(a) Waldenor Pereira na Câmara dos Deputados"", ""perfil_foto"": ""https://www.camara.leg.br/internet/deputado/bandep/pagina_do_deputado/160569.jpg""}"
Deputado Weliton Prado,PSD,MG,Camara dos Deputados,CD,https://www.camara.leg.br/deputados/160518,Deputado Federal Weliton Prado - Portal da Câmara dos Deputados,Página do(a) Deputado(a) Weliton Prado na Câmara dos Deputados,https://www.camara.leg.br/internet/deputado/bandep/pagina_do_deputado/160518.jpg,camara,,"{""perfil_titulo"": ""Deputado Federal Weliton Prado - Portal da Câmara dos Deputados"", ""perfil_descricao"": ""Página do(a) Deputado(a) Weliton Prado na Câmara dos Deputados"", ""perfil_foto"": ""https://www.camara.leg.br/internet/deputado/bandep/pagina_do_deputado/160518.jpg""}"
Senador Wellington Fagundes,PL,MT,Senado Federal,SF,https://www25.senado.leg.br/web/senadores/senador/-/perfil/1173,Senador Wellington Fagundes - Senado Federal,Página da atuação parlamentar do(a) Senador Wellington Fagundes,,senado,,"{""perfil_titulo"": ""Senador Wellington Fagundes - Senado Federal"", ""perfil_descricao"": ""Página da atuação parlamentar do(a) Senador Wellington Fagundes"", ""perfil_foto"": """", ""sf_legislatura"": ""55ª Legislatura,56ª Legislatura,58ª Legislatura,57ª Legislatura"", ""sf_uf"": ""MT"", ""sf_ano"": ""2016,2017,2018,2019,2020,2021,2022,2023,2024,2025,2026,2027,2028,2029,2030,2031,2015"", ""sf_senador"": ""Wellington Fagundes"", ""sf_comissao"": ""CAE,CCT,CDD,CE,CI,CMA,CRA,CRE,FPDNB,FPEMBRAPA,FPEpTec,FPINVESTEBRASIL,FPMA,FPMDM,FPRNE,Frenfer,GPARABIASAUDITA,GPARGENTINA,GPCAZAQUISTÃO,GPJAPÃO,GPOTCAM,GPRCOREIA"", ""sf_partido"": ""PL"", ""nome_civil"": ""Wellington Antonio Fagundes"", ""data_de_nascimento"": ""01/06/1957"", ""naturalidade"": ""Rondonópolis (MT)"", ""gabinete"": ""Senado Federal Anexo 1 19º Pavimento"", ""telefones"": ""(61) 3303-6219 / 3778 / 6209 / 6213 / 3775"", ""e_mail"": ""sen.wellingtonfagundes@senado.leg.br"", ""escritorio_de_apoio"": [""RUA OTÁVIO PITALUGA, 692. CIDADE SALMEN, RONDONÓPOLIS, MT. CEP:78700170"", ""RUA RUI BARBOSA, 1526. GOIABEIRAS, CUIABA, MT. CEP:78032120""]}"
Deputado Wellington Roberto,PSD,PB,Camara dos Deputados,CD,https://www.camara.leg.br/deputados/74043,Deputado Federal Wellington Roberto - Portal da Câmara dos Deputados,Página do(a) Deputado(a) Wellington Roberto na Câmara dos Deputados,https://www.camara.leg.br/internet/deputado/bandep/pagina_do_deputado/74043.jpg,camara,,"{""perfil_titulo"": ""Deputado Federal Wellington Roberto - Portal da Câmara dos Deputados"", ""perfil_descricao"": ""Página do(a) Deputado(a) Wellington Roberto na Câmara dos Deputados"", ""perfil_foto"": ""https://www.camara.leg.br/internet/deputado/bandep/pagina_do_deputado/74043.jpg""}"
Deputado Welter,PT,PR,Camara dos Deputados,CD,https://www.camara.leg.br/deputados/224333,Deputado Federal Welter - Portal da Câmara dos Deputados,Página do(a) Deputado(a) Welter na Câmara dos Deputados,https://www.camara.leg.br/internet/deputado/bandep/pagina_do_deputado/224333.jpg,camara,,"{""perfil_titulo"": ""Deputado Federal Welter - Portal da Câmara dos Deputados"", ""perfil_descricao"": ""Página do(a) Deputado(a) Welter na Câmara dos Deputados"", ""perfil_foto"": ""https://www.camara.leg.br/internet/deputado/bandep/pagina_do_deputado/224333.jpg""}"
Senador Weverton,PDT,MA,Senado Federal,SF,https://www25.senado.leg.br/web/senadores/senador/-/perfil/5411,Senador Weverton - Senado Federal,Página da atuação parlamentar do(a) Senador Weverton,,senado,,"{""perfil_titulo"": ""Senador Weverton - Senado Federal"", ""perfil_descricao"": ""Página da atuação parlamentar do(a) Senador Weverton"", ""perfil_foto"": """", ""sf_legislatura"": ""56ª Legislatura,57ª Legislatura"", ""sf_uf"": ""MA"", ""sf_ano"": ""2019,2020,2021,2022,2023,2024,2025,2026,2027"", ""sf_senador"": ""Weverton"", ""sf_comissao"": ""CAE,CCJ,CCT,CDH,CEDP,CI,CICCX,CMDG,CNMS,CRA,CSAN,CTCIVIL,DJEM,FPAMM,FPDEPMEB,FPDNB,FPELETROMOBILIDADE,FPEMSN,FPINVESTEBRASIL,FPJOVEM,FPMA,FPMATOPIBA,FPMDPI,FPPAZ,GPARABIASAUDITA,GP-BRICS-SF,GPMARROCOS,GPVENEZUELA,GTMTI,PAT,PTS"", ""sf_partido"": ""PDT"", ""nome_civil"": ""Weverton Rocha Marques de Sousa"", ""data_de_nascimento"": ""08/10/1979"", ""naturalidade"": ""Imperatriz (MA)"", ""gabinete"": ""Senado Federal Anexo 2 Ala Tancredo Neves Gabinete 57"", ""telefones"": ""(61) 3303-4161 / 1655"", ""e_mail"": ""sen.wevertonrocha@senado.leg.br"", ""escritorio_de_apoio"": ""AVENIDA HOLANDESES, 5. QUADRA 24 LOTE 05 SALA 303, CONDOMÍNIO TECH OFFICE. PONTA D'AREIA, SÃO LUIS, MA. CEP:65077-357""}"
Senador Wilder Morais,PL,GO,Senado Federal,SF,https://www25.senado.leg.br/web/senadores/senador/-/perfil/5070,Senador Wilder Morais - Senado Federal,Página da atuação parlamentar do(a) Senador Wilder Morais,,senado,,"{""perfil_titulo"": ""Senador Wilder Morais - Senado Federal"", ""perfil_descricao"": ""Página da atuação parlamentar do(a) Senador Wilder Morais"", ""perfil_foto"": """", ""sf_legislatura"": ""54ª Legislatura,55ª Legislatura,58ª Legislatura,57ª Legislatura"", ""sf_uf"": ""GO"", ""sf_ano"": ""2016,2017,2018,2019,2023,2024,2025,2026,2027,2028,2029,2030,2031,2011,2012,2013,2014,2015"", ""sf_senador"": ""Wilder Morais"", ""sf_comissao"": ""CAE,CAS,CDR,CI,CRA,CSP,FPDNB,FPEMSN,GP-BRICS-SF,GPMARROCOS"", ""sf_partido"": ""PL"", ""nome_civil"": ""Wilder Pedro de Morais"", ""data_de_nascimento"": ""29/06/1968"", ""naturalidade"": ""Taquaral (GO)"", ""gabinete"": ""Senado Federal Anexo 2 Ala Alexandre Costa 1º Pavimento Gabinete 21"", ""telefones"": ""(61) 3303-6440"", ""e_mail"": ""sen.wildermorais@senado.leg.br"", ""site_pessoal"": ""Site pessoal (página de responsabilidade do gabinete do senador)"", ""escritorio_de_apoio"": ""RUA 94, 912. QD. F16, LT. 112. SETOR SUL, GOIANIA, GO. CEP:74083-105""}"
Deputada Yandra Moura,UNIÃO,SE,Camara dos Deputados,CD,https://www.camara.leg.br/deputados/220564,Deputada Federal Yandra Moura - Portal da Câmara dos Deputados,Página do(a) Deputado(a) Yandra Moura na Câmara dos Deputados,https://www.camara.leg.br/internet/deputado/bandep/pagina_do_deputado/220564.jpg,camara,,"{""perfil_titulo"": ""Deputada Federal Yandra Moura - Portal da Câmara dos Deputados"", ""perfil_descricao"": ""Página do(a) Deputado(a) Yandra Moura na Câmara dos Deputados"", ""perfil_foto"": ""https://www.camara.leg.br/internet/deputado/bandep/pagina_do_deputado/220564.jpg""}"
Deputado Yury Do Paredão,MDB,CE,Camara dos Deputados,CD,https://www.camara.leg.br/deputados/220660,Deputado Federal Yury do Paredão - Portal da Câmara dos Deputados,Página do(a) Deputado(a) Yury do Paredão na Câmara dos Deputados,https://www.camara.leg.br/internet/deputado/bandep/pagina_do_deputado/220660.jpg,camara,,"{""perfil_titulo"": ""Deputado Federal Yury do Paredão - Portal da Câmara dos Deputados"", ""perfil_descricao"": ""Página do(a) Deputado(a) Yury do Paredão na Câmara dos Deputados"", ""perfil_foto"": ""https://www.camara.leg.br/internet/deputado/bandep/pagina_do_deputado/220660.jpg""}"
Deputado Zé Adriano,PP,AC,Camara dos Deputados,CD,https://www.camara.leg.br/deputados/230768,Deputado Federal Zé Adriano - Portal da Câmara dos Deputados,Página do(a) Deputado(a) Zé Adriano na Câmara dos Deputados,https://www.camara.leg.br/internet/deputado/bandep/pagina_do_deputado/230768.jpg,camara,,"{""perfil_titulo"": ""Deputado Federal Zé Adriano - Portal da Câmara dos Deputados"", ""perfil_descricao"": ""Página do(a) Deputado(a) Zé Adriano na Câmara dos Deputados"", ""perfil_foto"": ""https://www.camara.leg.br/internet/deputado/bandep/pagina_do_deputado/230768.jpg""}"
Deputado Zeca Dirceu,PT,PR,Camara dos Deputados,CD,https://www.camara.leg.br/deputados/160592,Deputado Federal Zeca Dirceu - Portal da Câmara dos Deputados,Página do(a) Deputado(a) Zeca Dirceu na Câmara dos Deputados,https://www.camara.leg.br/internet/deputado/bandep/pagina_do_deputado/160592.jpg,camara,,"{""perfil_titulo"": ""Deputado Federal Zeca Dirceu - Portal da Câmara dos Deputados"", ""perfil_descricao"": ""Página do(a) Deputado(a) Zeca Dirceu na Câmara dos Deputados"", ""perfil_foto"": ""https://www.camara.leg.br/internet/deputado/bandep/pagina_do_deputado/160592.jpg""}"
Deputado Zé Haroldo Cathedral,UNIÃO,RR,Camara dos Deputados,CD,https://www.camara.leg.br/deputados/220536,Deputado Federal Zé Haroldo Cathedral - Portal da Câmara dos Deputados,Página do(a) Deputado(a) Zé Haroldo Cathedral na Câmara dos Deputados,https://www.camara.leg.br/internet/deputado/bandep/pagina_do_deputado/220536.jpg,camara,,"{""perfil_titulo"": ""Deputado Federal Zé Haroldo Cathedral - Portal da Câmara dos Deputados"", ""perfil_descricao"": ""Página do(a) Deputado(a) Zé Haroldo Cathedral na Câmara dos Deputados"", ""perfil_foto"": ""https://www.camara.leg.br/internet/deputado/bandep/pagina_do_deputado/220536.jpg""}"
Senadora Zenaide Maia,PSD,RN,Senado Federal,SF,https://www25.senado.leg.br/web/senadores/senador/-/perfil/5783,Senadora Zenaide Maia - Senado Federal,Página da atuação parlamentar do(a) Senadora Zenaide Maia,,senado,,"{""perfil_titulo"": ""Senadora Zenaide Maia - Senado Federal"", ""perfil_descricao"": ""Página da atuação parlamentar do(a) Senadora Zenaide Maia"", ""perfil_foto"": """", ""sf_legislatura"": ""56ª Legislatura,57ª Legislatura"", ""sf_uf"": ""RN"", ""sf_ano"": ""2019,2020,2021,2022,2023,2024,2025,2026,2027"", ""sf_senador"": ""Zenaide Maia"", ""sf_comissao"": ""CAS,CCJ,CDBL,CDR,CE,CEDP,CICCX,CMCVM,CMO,CSAN,FPAMM,FPELETROMOBILIDADE,FPEpTec,FPINVESTEBRASIL,FPJOVEM,FPMA,FPMPBAS,FPRNE,GPARABIASAUDITA,GPAZERBAIJÃO,GPEUA,GPMARROCOS"", ""sf_partido"": ""PSD"", ""nome_civil"": ""Zenaide Maia Calado Pereira dos Santos"", ""data_de_nascimento"": ""27/11/1954"", ""naturalidade"": ""Brejo do Cruz (PB)"", ""gabinete"": ""Senado Federal Anexo 1 8º Pavimento"", ""telefones"": ""(61) 3303-2371 / 2372 / 2358"", ""e_mail"": ""sen.zenaidemaia@senado.leg.br"", ""escritorio_de_apoio"": ""RUA TARCÍSIO GALVÃO, 1934. NOVA DESCOBERTA, NATAL, RN. CEP:59056-510""}"
Deputado Zé Neto,PT,BA,Camara dos Deputados,CD,https://www.camara.leg.br/deputados/204559,Deputado Federal Zé Neto - Portal da Câmara dos Deputados,Página do(a) Deputado(a) Zé Neto na Câmara dos Deputados,https://www.camara.leg.br/internet/deputado/bandep/pagina_do_deputado/204559.jpg,camara,,"{""perfil_titulo"": ""Deputado Federal Zé Neto - Portal da Câmara dos Deputados"", ""perfil_descricao"": ""Página do(a) Deputado(a) Zé Neto na Câmara dos Deputados"", ""perfil_foto"": ""https://www.camara.leg.br/internet/deputado/bandep/pagina_do_deputado/204559.jpg""}"
Senador Zequinha Marinho,PODEMOS,PA,Senado Federal,SF,https://www25.senado.leg.br/web/senadores/senador/-/perfil/3806,Senador Zequinha Marinho - Senado Federal,Página da atuação parlamentar do(a) Senador Zequinha Marinho,,senado,,"{""perfil_titulo"": ""Senador Zequinha Marinho - Senado Federal"", ""perfil_descricao"": ""Página da atuação parlamentar do(a) Senador Zequinha Marinho"", ""perfil_foto"": """", ""sf_legislatura"": ""56ª Legislatura,57ª Legislatura"", ""sf_uf"": ""PA"", ""sf_ano"": ""2019,2020,2021,2022,2023,2024,2025,2026,2027"", ""sf_senador"": ""Zequinha Marinho"", ""sf_comissao"": ""CCC,CCJ,CDH,CDR,CI,CMA,CMDG,CRA,CTCIVIL,CTFC,FPAMM,FPBSJA,FPDEPMEB,FPDNB,FPE,FPELETROMOBILIDADE,FPEMSN,FPINVESTEBRASIL,FPMA,FPMDFAV,FPMDM,FPMF,Frenfer,GPCHINA,GPISRAEL,GPJAPÃO,GPMARROCOS,GPOTCAM,GPRCOREIA,GTMTI"", ""sf_partido"": ""PODEMOS"", ""nome_civil"": ""José da Cruz Marinho"", ""data_de_nascimento"": ""18/09/1959"", ""naturalidade"": ""Araguacema (TO)"", ""gabinete"": ""Senado Federal Anexo 2 Ala Teotônio Vilela Gabinete 18"", ""telefones"": ""(61) 3303-6623"", ""e_mail"": ""sen.zequinhamarinho@senado.leg.br"", ""escritorio_de_apoio"": ""AVENIDA RÔMULO MAIORANA, 700. ED. VITTA OFFICE, SALAS 1104 E 1105. MARCO, BELÉM, PA. CEP:66040-036""}"
Deputado Zé Silva,UNIÃO,MG,Camara dos Deputados,CD,https://www.camara.leg.br/deputados/160632,Deputado Federal Zé Silva - Portal da Câmara dos Deputados,Página do(a) Deputado(a) Zé Silva na Câmara dos Deputados,https://www.camara.leg.br/internet/deputado/bandep/pagina_do_deputado/160632.jpg,camara,,"{""perfil_titulo"": ""Deputado Federal Zé Silva - Portal da Câmara dos Deputados"", ""perfil_descricao"": ""Página do(a) Deputado(a) Zé Silva na Câmara dos Deputados"", ""perfil_foto"": ""https://www.camara.leg.br/internet/deputado/bandep/pagina_do_deputado/160632.jpg""}"
Deputado Zé Trovão,PL,SC,Camara dos Deputados,CD,https://www.camara.leg.br/deputados/220558,Deputado Federal Zé Trovão - Portal da Câmara dos Deputados,Página do(a) Deputado(a) Zé Trovão na Câmara dos Deputados,https://www.camara.leg.br/internet/deputado/bandep/pagina_do_deputado/220558.jpg,camara,,"{""perfil_titulo"": ""Deputado Federal Zé Trovão - Portal da Câmara dos Deputados"", ""perfil_descricao"": ""Página do(a) Deputado(a) Zé Trovão na Câmara dos Deputados"", ""perfil_foto"": ""https://www.camara.leg.br/internet/deputado/bandep/pagina_do_deputado/220558.jpg""}"
Deputado Zé Vitor,PL,MG,Camara dos Deputados,CD,https://www.camara.leg.br/deputados/204517,Deputado Federal Zé Vitor - Portal da Câmara dos Deputados,Página do(a) Deputado(a) Zé Vitor na Câmara dos Deputados,https://www.camara.leg.br/internet/deputado/bandep/pagina_do_deputado/204517.jpg,camara,,"{""perfil_titulo"": ""Deputado Federal Zé Vitor - Portal da Câmara dos Deputados"", ""perfil_descricao"": ""Página do(a) Deputado(a) Zé Vitor na Câmara dos Deputados"", ""perfil_foto"": ""https://www.camara.leg.br/internet/deputado/bandep/pagina_do_deputado/204517.jpg""}"
Deputado Zezinho Barbary,PP,AC,Camara dos Deputados,CD,https://www.camara.leg.br/deputados/220592,Deputado Federal Zezinho Barbary - Portal da Câmara dos Deputados,Página do(a) Deputado(a) Zezinho Barbary na Câmara dos Deputados,https://www.camara.leg.br/internet/deputado/bandep/pagina_do_deputado/220592.jpg,camara,,"{""perfil_titulo"": ""Deputado Federal Zezinho Barbary - Portal da Câmara dos Deputados"", ""perfil_descricao"": ""Página do(a) Deputado(a) Zezinho Barbary na Câmara dos Deputados"", ""perfil_foto"": ""https://www.camara.leg.br/internet/deputado/bandep/pagina_do_deputado/220592.jpg""}"
Deputado Zucco,PL,RS,Camara dos Deputados,CD,https://www.camara.leg.br/deputados/220552,Deputado Federal Zucco - Portal da Câmara dos Deputados,Página do(a) Deputado(a) Zucco na Câmara dos Deputados,https://www.camara.leg.br/internet/deputado/bandep/pagina_do_deputado/220552.jpg,camara,,"{""perfil_titulo"": ""Deputado Federal Zucco - Portal da Câmara dos Deputados"", ""perfil_descricao"": ""Página do(a) Deputado(a) Zucco na Câmara dos Deputados"", ""perfil_foto"": ""https://www.camara.leg.br/internet/deputado/bandep/pagina_do_deputado/220552.jpg""}"
